<rom>
	<romid>
		<xmlid>D2WD701C</xmlid>
		<internalidaddress>2000</internalidaddress>
		<internalidstring>D2WD701C</internalidstring>
		<ecuid>3c4a384106</ecuid>
		<make>Subaru</make>
		<market>EDM</market>
		<model>Legacy</model>
		<submodel>3.0R</submodel>
		<transmission>MT</transmission>
		<year>05</year>
		<flashmethod>sti05</flashmethod>
		<memmodel>SH7058</memmodel>
		<checksummodule>subarudbw</checksummodule>
	</romid>

	<include>32BITBASE</include>

	<table name="Front Oxygen Sensor Compensation (Atmosphere)" address="c190c"/>

	<table name="CL to OL Delay (Atmospheric Pressure)" address="c5784"/>

	<table name="CL Delay Minimum Coolant Temperature" address="c46f0"/>

	<table name="CL Delay Maximum Throttle A" address="c46fc"/>

	<table name="Tip-in Enrichment Compensation A (Coolant Temp)" address="c4f18"/>

	<table name="Tip-in Enrichment Compensation B (Coolant Temp)" address="c593e"/>

	<table name="Tip-in Enrichment Compensation D (Coolant Temp)" address="c595e"/>

	<table name="Tip-in Enrichment Compensation D (Coolant Temp) Activation" address="c48a4"/>

	<table name="A/F Learning Max Limit (Coolant Temp)" address="c5670"/>

	<table name="A/F Learning Min Limit (Coolant Temp)" address="c5650"/>

	<table name="MAF Compensation (Intake Temp)" address="c2180"/>

	<table name="Timing Advance A (Maximum)" address="c7f44"/>

	<table name="Timing Advance B (Maximum)" address="c80a8"/>

	<table name="Timing Compensation (Intake Temp)" address="c74cc"/>

	<table name="Timing Comp Min Load (Intake Temp)" address="c6eec"/>

	<table name="Timing Compensation A (Coolant Temp)" address="c746f"/>

	<table name="Timing Compensation B (Coolant Temp)" address="c747f"/>

	<table name="Timing Compensation C (Coolant Temp)" address="c748f"/>

	<table name="Timing Compensation D (Coolant Temp)" address="c749f"/>

	<table name="Rough Correction Minimum Timing Advance Map Value" address="c6d50"/>

	<table name="Radiator Fan Modes A (Coolant Temp)" address="cadd8"/>

	<table name="Radiator Fan Modes B (Coolant Temp)" address="cade8"/>

	<table name="Radiator Fan Modes C (Coolant Temp)" address="cadf8"/>

	<table name="Radiator Fan Modes (Vehicle Speed)" address="cad94"/>

	<table name="Idle Speed A (Coolant Temp)" address="c942c"/>

	<table name="Idle Speed B (Coolant Temp)" address="c944c"/>

	<table name="Idle Speed C (Coolant Temp)" address="c946c"/>

	<table name="Idle Speed D (Coolant Temp)" address="c948c"/>

	<table name="Idle Speed E (Coolant Temp)" address="c94ac"/>

	<table name="Idle Speed F (Coolant Temp)" address="c94cc"/>

	<table name="Manifold Pressure Sensor Scaling" address="c0070">
	</table>

	<table name="Manifold Pressure Sensor Limits (CEL)" address="c8fc8">
	</table>

	<table name="Manifold Pressure Sensor CEL Delays" address="c257b">
	</table>

	<table name="Primary Open Loop Fueling A_" address="c53f4">
		<table name="Engine Load" address="c5394" elements="14"/>
		<table name="Engine Speed" address="c53cc" elements="10"/>
	</table>

	<table name="Primary Open Loop Fueling B_" address="c54e0">
		<table name="Engine Load" address="c5480" elements="14"/>
		<table name="Engine Speed" address="c54b8" elements="10"/>
	</table>

	<table name="Front Oxygen Sensor #1 Scaling" address="c93f0">
		<table name="Front Oxygen Sensor" address="c93bc"/>
	</table>

	<table name="Front Oxygen Sensor #2 Scaling" address="c9458">
		<table name="Front Oxygen Sensor" address="c9424"/>
	</table>

	<table name="Front Oxygen Sensor Rich Limit" address="19df8">
	</table>

	<table name="Front Oxygen Sensor Compensation (Atm. Pressure)" address="c16d0">
		<table name="Atmospheric Pressure" address="c16c0"/>
	</table>

	<table name="CL Fueling Target Compensation A (Load)" address="c5628">
		<table name="Engine Load" address="c55d0"/>
		<table name="Engine Speed" address="c55f4"/>
	</table>

	<table name="CL to OL Transition with Delay A (Throttle)" address="c4628">
		<table name="Engine Speed" address="c4620" elements="2"/>
	</table>

	<table name="CL to OL Transition with Delay B (Throttle)">
		<table name="Engine Speed" elements="2"/>
	</table>

	<table name="CL to OL Transition with Delay Throttle Hysteresis" address="c3eb4">
	</table>

	<table name="CL to OL Transition with Delay (Base Pulse Width)" address="c4f10">
		<table name="Engine Speed" address="c4f00" elements="4"/>
	</table>

	<table name="CL to OL Transition with Delay BPW Hysteresis" address="c3eb8">
	</table>

	<table name="CL Delay Minimum (ECT)" address="c3ebc">
	</table>

	<table name="CL Delay Maximum Engine Speed A" address="c3ec0">
	</table>

	<table name="CL Delay Maximum Engine Speed B" address="c3ecc">
	</table>

	<table name="CL Delay Engine Speed B Counter Threshold" address="c3afe">
	</table>

	<table name="CL Delay Maximum (Throttle) A" address="c3ec8">
	</table>

	<table name="CL Delay Throttle A Counter Threshold" address="c3afc">
	</table>

	<table name="Injector Latency_">
		<table name="Battery Output"/>
		<table name="Manifold Pressure"/>
	</table>

	<table name="Injector Latency" address="c905c">
		<table name="Battery Output" address="c9048"/>
	</table>

	<table name="Injector Flow Scaling_" address="c3c74">
	</table>

	<table name="Cranking Fuel Injector Pulse Width A (ECT)" address="c4796">
		<table name="Coolant Temperature" address="c418c"/>
	</table>

	<table name="Cranking Fuel Injector Pulse Width B (ECT)" address="c47b6">
		<table name="Coolant Temperature" address="c418c"/>
	</table>

	<table name="Cranking Fuel Injector Pulse Width C (ECT)" address="c47d6">
		<table name="Coolant Temperature" address="c418c"/>
	</table>

	<table name="Cranking Fuel Injector Pulse Width D (ECT)" address="c47f6">
		<table name="Coolant Temperature" address="c418c"/>
	</table>

	<table name="Cranking Fuel IPW Compensation (RPM)" address="c5258">
		<table name="Engine Speed" address="c5214"/>
		<table name="Coolant Temperature" address="c5228"/>
	</table>

	<table name="Cranking Fuel IPW Compensation (MAP)" address="c42f4">
		<table name="Manifold Pressure" address="c42cc"/>
	</table>

	<table name="Cranking Fuel IPW Compensation (Accelerator)" address="c4318">
		<table name="Accelerator Pedal Angle" address="c4300"/>
	</table>

	<table name="Throttle Tip-in Enrichment A" address="c4fbc">
		<table name="Throttle Angle Change" address="c4fa8" elements="5"/>
	</table>

	<table name="Throttle Tip-in Enrichment B" address="c4fdc">
		<table name="Throttle Angle Change" address="c4fc8" elements="5"/>
	</table>

	<table name="Minimum Tip-in Enrichment Activation" address="c4040">
	</table>

	<table name="Minimum Tip-in Enrichment Activation (Throttle)" address="c403c">
	</table>

	<table name="Tip-in Enrichment Compensation (RPM)" address="c467c">
		<table name="Engine Speed" address="c4658"/>
	</table>

	<table name="Tip-in Enrichment Compensation (MRP)" address="c46a8">
		<table name="Manifold Pressure" address="c4688" elements="8"/>
	</table>

	<table name="Tip-in Enrichment Compensation D (ECT)" address="c5006">
		<table name="Coolant Temperature" address="c41cc"/>
	</table>

	<table name="Tip-in Enrichment Compensation D (ECT) Activation" address="c4048">
	</table>

	<table name="Tip-in Enrichment Disable Applied Counter Threshold" address="c3aa7">
	</table>

	<table name="Tip-in Enrichment Applied Counter Reset" address="c3aa8">
	</table>

	<table name="Tip-in Enrichment Disable Throttle Cumulative Threshold" address="c4044">
	</table>

	<table name="Tip-in Throttle Cumulative Reset" address="c3aa9">
	</table>

	<table name="A/F Learning Max Limit (ECT)" address="c4de8">
		<table name="Coolant Temperature" address="c418c"/>
	</table>

	<table name="A/F Learning Min Limit (ECT)" address="c4dc8">
		<table name="Coolant Temperature" address="c418c"/>
	</table>

	<table name="A/F Learning Airflow Ranges" address="c3dcc">
	</table>

	<table name="MAF Limit (Maximum)_" address="c1530">
		<table name="Engine Speed" address="c1528"/>
	</table>

	<table name="MAF Sensor Scaling" address="c92ac">
		<table name="MAF sensor" address="c91fc" elements="44"/>
	</table>

	<table name="MAF Compensation (IAT)" address="c1e54">
		<table name="Intake Temperature" address="c1e20"/>
		<table name="Mass Airflow" address="c1e34"/>
	</table>

	<table name="Engine Load Limit (Maximum)" address="185a0">
	</table>

	<table name="Engine Load Compensation (MP)" address="c1db4">
		<table name="Manifold Pressure" address="c1d60" elements="9"/>
		<table name="Engine Speed" address="c1d84" elements="12"/>
	</table>

	<table name="Base Timing A" address="c6718">
		<table name="Engine Load" address="c5d34"/>
		<table name="Engine Speed" address="c66e0" elements="14"/>
	</table>

	<table name="Base Timing B" address="c6824">
		<table name="Engine Load" address="c5d34"/>
		<table name="Engine Speed" address="c67ec" elements="14"/>
	</table>

	<table name="Base Timing C" address="c6948">
		<table name="Engine Load" address="c5d34"/>
		<table name="Engine Speed" address="c68f8" elements="20"/>
	</table>

	<table name="Base Timing D" address="c6aac">
		<table name="Engine Load" address="c5d34"/>
		<table name="Engine Speed" address="c6a74" elements="14"/>
	</table>

	<table name="Base Timing E" address="c6bb8">
		<table name="Engine Load" address="c5d34"/>
		<table name="Engine Speed" address="c6b80" elements="14"/>
	</table>

	<table name="Base Timing F" address="c6cdc">
		<table name="Engine Load" address="c5d34"/>
		<table name="Engine Speed" address="c6c8c" elements="14"/>
	</table>

	<table name="Base Timing G">
		<table name="Engine Load"/>
		<table name="Engine Speed" elements="20"/>
	</table>

	<table name="Base Timing H">
		<table name="Engine Load"/>
		<table name="Engine Speed" elements="20"/>
	</table>

	<table name="Base Timing Idle (Below Speed Threshold)_" address="c5f07">
		<table name="Engine Speed" address="c5d10"/>
	</table>

	<table name="Base Timing Idle (Above Speed Threshold)" address="c5f10">
		<table name="Engine Speed" address="c5d10"/>
	</table>

	<table name="Base Timing Idle (Neutral)" address="c5f10">
		<table name="Engine Speed" address="c5d10"/>
	</table>

	<table name="Knock Correction Advance Max A" address="c6ec4">
		<table name="Engine Load" address="c6e50" elements="15"/>
		<table name="Engine Speed" address="c6e8c" elements="14"/>
	</table>

	<table name="Knock Correction Advance Max B" address="c7024">
		<table name="Engine Load" address="c6f98" elements="15"/>
		<table name="Engine Speed" address="c6fd4"/>
	</table>

	<table name="Timing Compensation (IAT)" address="c5fc4">
		<table name="Intake Temperature" address="c5fa8" elements="7"/>
	</table>

	<table name="Timing Comp Min Load (IAT)" address="c5ad0">
	</table>

	<table name="Timing Compensation A (ECT)" address="c5f65">
		<table name="Coolant Temperature" address="c5dc4"/>
	</table>

	<table name="Timing Compensation B (ECT)" address="c5f75">
		<table name="Coolant Temperature" address="c5dc4"/>
	</table>

	<table name="Timing Compensation C (ECT)" address="c5f85">
		<table name="Coolant Temperature" address="c5dc4"/>
	</table>

	<table name="Timing Compensation D (ECT)" address="c5f95">
		<table name="Coolant Temperature" address="c5dc4"/>
	</table>

	<table name="Feedback Correction Range (RPM)" address="c5ca8">
	</table>

	<table name="Feedback Correction Minimum Load_" address="c6434">
		<table name="Engine Speed" address="c642c" elements="2"/>
	</table>

	<table name="Feedback Correction Retard Value" address="c5c20">
	</table>

	<table name="Feedback Correction Retard Limit" address="c5c1c">
	</table>

	<table name="Feedback Correction Negative Advance Value" address="c5c24">
	</table>

	<table name="Feedback Correction Negative Advance Delay" address="c59ca">
	</table>

	<table name="Fine Correction Range (RPM)" address="c5ca8">
	</table>

	<table name="Fine Correction Range (Load)" address="c5cb8">
	</table>

	<table name="Fine Correction Rows (RPM)_" address="c5ce4">
	</table>

	<table name="Fine Correction Columns (Load)_" address="c5cc8">
	</table>

	<table name="Fine Correction Retard Value_" address="c66ac">
		<table name="Engine Speed" address="c6678"/>
	</table>

	<table name="Fine Correction Retard Limit" address="c5ca0">
	</table>

	<table name="Fine Correction Advance Value" address="c5ca4">
	</table>

	<table name="Fine Correction Advance Limit" address="c5c9c">
	</table>

	<table name="Fine Correction Advance Delay" address="c59d2">
	</table>

	<table name="Rough Correction Range (RPM)" address="c5ca8">
	</table>

	<table name="Rough Correction Range (Load)" address="c5cb8">
	</table>

	<table name="Rough Correction Minimum KC Advance Map Value" address="c5c74">
	</table>

	<table name="Rough Correction Learning Delay (Increasing)" address="c63c4">
		<table name="Engine Speed" address="c639c"/>
	</table>

	<table name="Advance Multiplier (Initial)" address="c5c50">
	</table>

	<table name="Advance Multiplier Step Value" address="c5c78">
	</table>

	<table name="Intake Cam Advance Angle Cruise (AVCS)" address="ca2f4">
		<table name="Engine Load" address="ca290"/>
		<table name="Engine Speed" address="ca2c8" elements="11"/>
	</table>

	<table name="Intake Cam Advance Angle Non-Cruise (AVCS)" address="ca4a8">
		<table name="Engine Load" address="ca428"/>
		<table name="Engine Speed" address="ca460"/>
	</table>

	<table name="Requested Torque A (Accelerator Pedal)" address="c8770">
		<table name="Accelerator Pedal Angle" address="c86d4" elements="19"/>
		<table name="Engine Speed" address="c8720" elements="20"/>
	</table>

	<table name="Requested Torque B (Accelerator Pedal)">
		<table name="Accelerator Pedal Angle" elements="17"/>
		<table name="Engine Speed" elements="20"/>
	</table>

	<table name="Target Throttle Plate Position A (Requested Torque)" address="c847c">
		<table name="Requested Torque" address="c83f0" elements="15"/>
		<table name="Engine Speed" address="c842c" elements="20"/>
	</table>

	<table name="Target Throttle Plate Position B (Requested Torque)">
		<table name="Requested Torque" elements="15"/>
		<table name="Engine Speed" elements="20"/>
	</table>

	<table name="Target Throttle Plate Position C (Requested Torque)">
		<table name="Requested Torque" elements="26"/>
		<table name="Engine Speed" elements="21"/>
	</table>

	<table name="Target Throttle Plate Position D (Requested Torque)">
		<table name="Requested Torque" elements="26"/>
		<table name="Engine Speed" elements="21"/>
	</table>

	<table name="Rev Limit A" address="c40ac">
	</table>

	<table name="Rev Limit B" address="c40b4">
	</table>

	<table name="Fuel Temp Sensor Scaling">
		<table name="Fuel Temp Sensor"/>
	</table>

	<table name="Intake Temp Sensor Scaling" address="c0238">
		<table name="Intake Temp Sensor" address="c01c0"/>
	</table>

	<table name="Coolant Temp Sensor Scaling" address="c0150">
		<table name="Coolant Temp Sensor" address="c00e0"/>
	</table>

	<table name="Oil Temp Sensor Scaling" address="c9508">
		<table name="Coolant Temp Sensor" address="c948c"/>
	</table>

	<table name="Radiator Fan Modes A (ECT)" address="c9a80">
	</table>

	<table name="Radiator Fan Modes B (ECT)" address="c9a90">
	</table>

	<table name="Radiator Fan Modes C (ECT)" address="c9aa0">
	</table>

	<table name="Radiator Fan Modes D (ECT)" address="c9ab0">
	</table>

	<table name="Radiator Fan Modes (Veh. Speed)" address="c9a3c">
	</table>

	<table name="Idle Speed Target A" address="c79e8">
		<table name="Coolant Temperature" address="c7614"/>
	</table>

	<table name="Idle Speed Target B" address="c7a08">
		<table name="Coolant Temperature" address="c7614"/>
	</table>

	<table name="Idle Speed Target C" address="c7a28">
		<table name="Coolant Temperature" address="c7614"/>
	</table>

	<table name="Idle Speed Target D" address="c7a48">
		<table name="Coolant Temperature" address="c7614"/>
	</table>

	<table name="Idle Speed Target E" address="c7a68">
		<table name="Coolant Temperature" address="c7614"/>
	</table>

	<table name="Idle Speed Target F" address="c7a88">
		<table name="Coolant Temperature" address="c7614"/>
	</table>

	<table name="Checksum Fix" address="ffb80"/>

	<table name="(P0000) PASS CODE (NO DTC DETECTED)" address="5fed5"/>

	<table name="(P0000) PASS CODE (NO DTC DETECTED)_" address="5fed6"/>

	<table name="(P0011) CAMSHAFT POS. - TIMING OVER-ADVANCED 1" address="5feb9"/>

	<table name="(P0021) CAMSHAFT POS. - TIMING OVER-ADVANCED 2" address="5feba"/>

	<table name="(P0026) OSV SOLENOID VALVE CIRCUIT RANGE/PERF B1" address="5ff1d"/>

	<table name="(P0028) OSV SOLENOID VALVE CIRCUIT RANGE/PERF B2" address="5ff1a"/>

	<table name="(P0030) FRONT O2 SENSOR RANGE/PERF" address="5fef7"/>

	<table name="(P0031) FRONT O2 SENSOR LOW INPUT" address="5fee4"/>

	<table name="(P0032) FRONT O2 SENSOR HIGH INPUT" address="5fee2"/>

	<table name="(P0037) REAR O2 SENSOR LOW INPUT" address="5fee3"/>

	<table name="(P0038) REAR O2 SENSOR HIGH INPUT" address="5fee1"/>

	<table name="(P0050) HO2S CIRCUIT RANGE/PERF B2 S1" address="5fef6"/>

	<table name="(P0051) HO2S CIRCUIT LOW B2 S1" address="5feec"/>

	<table name="(P0052) HO2S CIRCUIT HIGH B2 S1" address="5feeb"/>

	<table name="(P0057) HO2S CIRCUIT LOW B2 S2" address="5fef9"/>

	<table name="(P0058) HO2S CIRCUIT HIGH B2 S2" address="5fefa"/>

	<table name="(P0076) INTAKE VALVE CIRCUIT LOW (BANK 1)" address="5ff1f"/>

	<table name="(P0077) INTAKE VALVE CONTROL HIGH (BANK 1)" address="5ff1e"/>

	<table name="(P0082) INTAKE VALVE CONTROL LOW (BANK 2)" address="5ff1c"/>

	<table name="(P0083) INTAKE VALVE CONTROL HIGH (BANK 2)" address="5ff1b"/>

	<table name="(P0102) MAF SENSOR LOW INPUT" address="5fe8f"/>

	<table name="(P0103) MAF SENSOR HIGH INPUT" address="5fe90"/>

	<table name="(P0107) MAP SENSOR LOW INPUT" address="5fee7"/>

	<table name="(P0108) MAP SENSOR HIGH INPUT" address="5fee8"/>

	<table name="(P0112) IAT SENSOR LOW INPUT" address="5fede"/>

	<table name="(P0113) IAT SENSOR HIGH INPUT" address="5fedf"/>

	<table name="(P0117) COOLANT TEMP SENSOR LOW INPUT" address="5fe98"/>

	<table name="(P0118) COOLANT TEMP SENSOR HIGH INPUT" address="5fe99"/>

	<table name="(P0122) TPS A LOW INPUT" address="5fe96"/>

	<table name="(P0123) TPS A HIGH INPUT" address="5fe97"/>

	<table name="(P0125) INSUFFICIENT COOLANT TEMP (FUELING)" address="5fe9b"/>

	<table name="(P0131) FRONT O2 SENSOR LOW INPUT" address="5fed8"/>

	<table name="(P0132) FRONT O2 SENSOR HIGH INPUT" address="5feda"/>

	<table name="(P0133) FRONT O2 SENSOR SLOW RESPONSE" address="5fec2"/>

	<table name="(P0134) FRONT O2 SENSOR NO ACTIVITY" address="5fef5"/>

	<table name="(P0140) REAR O2 SENSOR NO ACTIVITY"/>

	<table name="(P0151) O2 SENSOR CIRCUIT LOW B2 S1" address="5fed9"/>

	<table name="(P0152) O2 SENSOR CIRCUIT HIGH B2 S1" address="5fedb"/>

	<table name="(P0153) O2 SENSOR CIRCUIT SLOW RESPONSE B2 S1" address="5fedd"/>

	<table name="(P0154) O2 SENSOR CIRCUIT OPEN B2 S1" address="5fef4"/>

	<table name="(P0160) O2 SENSOR NO ACTIVITY B2 S2" address="5fef4"/>

	<table name="(P0171) SYSTEM TOO LEAN" address="5fecc"/>

	<table name="(P0172) SYSTEM TOO RICH" address="5fecd"/>

	<table name="(P0174) SYSTEM TOO LEAN B2" address="5fec6"/>

	<table name="(P0175) SYSTEM TOO RICH B2" address="5fec7"/>

	<table name="(P0197) OIL TEMP SENSOR LOW" address="5ff16"/>

	<table name="(P0198) OIL TEMP SENSOR HIGH" address="5ff21"/>

	<table name="(P0222) TPS B LOW INPUT" address="5fefe"/>

	<table name="(P0223) TPS B HIGH INPUT" address="5feff"/>

	<table name="(P0230) FUEL PUMP PRIMARY CIRCUIT" address="5feef"/>

	<table name="(P0301) MISFIRE CYLINDER 1" address="5fece"/>

	<table name="(P0302) MISFIRE CYLINDER 2" address="5fecf"/>

	<table name="(P0303) MISFIRE CYLINDER 3" address="5fed0"/>

	<table name="(P0304) MISFIRE CYLINDER 4" address="5fed1"/>

	<table name="(P0305) MISFIRE CYLINDER 5" address="5fed2"/>

	<table name="(P0306) MISFIRE CYLINDER 6" address="5fed3"/>

	<table name="(P0327) KNOCK SENSOR 1 LOW INPUT" address="5fe94"/>

	<table name="(P0328) KNOCK SENSOR 1 HIGH INPUT" address="5fe95"/>

	<table name="(P0332) KNOCK SENSOR 2 LOW INPUT" address="5fe92"/>

	<table name="(P0333) KNOCK SENSOR 2 HIGH INPUT" address="5fe93"/>

	<table name="(P0335) CRANKSHAFT POS. SENSOR A MALFUNCTION" address="5fe8c"/>

	<table name="(P0340) CAMSHAFT POS. SENSOR A MALFUNCTION" address="5ff10"/>

	<table name="(P0345) CAMSHAFT POS. SENSOR A BANK 2" address="5ff0f"/>

	<table name="(P0400) EGR FLOW" address="5fecb"/>

	<table name="(P0420) CAT EFFICIENCY BELOW THRESHOLD" address="5fec8"/>

	<table name="(P0458) EVAP PURGE VALVE CIRCUIT LOW" address="5febd"/>

	<table name="(P0459) EVAP PURGE VALVE CIRCUIT HIGH" address="5febe"/>

	<table name="(P0462) FUEL LEVEL SENSOR LOW INPUT" address="5fe9c"/>

	<table name="(P0463) FUEL LEVEL SENSOR HIGH INPUT" address="5fe9d"/>

	<table name="(P0500) VEHICLE SPEED SENSOR A" address="5fe91"/>

	<table name="(P0512) STARTER REQUEST CIRCUIT" address="5fea0"/>

	<table name="(P0519) IDLE CONTROL MALFUNCTION (FAIL-SAFE)" address="5fef2"/>

	<table name="(P0600) SERIAL COMMUNICATION LINK" address="5ff0e"/>

	<table name="(P0604) CONTROL MODULE RAM ERROR" address="5fe8e"/>

	<table name="(P0605) CONTROL MODULE ROM ERROR" address="5ff11"/>

	<table name="(P0607) CONTROL MODULE PERFORMANCE" address="5ff06"/>

	<table name="(P0638) THROTTLE ACTUATOR RANGE/PERF" address="5ff05"/>

	<table name="(P0691) RADIATOR FAN CIRCUIT LOW" address="5feb6"/>

	<table name="(P0692) RADIATOR FAN CIRCUIT HIGH" address="5feb7"/>

	<table name="(P0700) TRANSMISSION CONTROL SYSTEM" address="5ff19"/>

	<table name="(P1160) ABNORMAL RETURN SPRING" address="5ff00"/>

	<table name="(P1492) EGR SOLENOID SIGNAL 1 MALFUNCTION (LOW)" address="5fea9"/>

	<table name="(P1493) EGR SOLENOID SIGNAL 1 MALFUNCTION (HIGH)" address="5feaa"/>

	<table name="(P1494) EGR SOLENOID SIGNAL 2 MALFUNCTION (LOW)" address="5feab"/>

	<table name="(P1495) EGR SOLENOID SIGNAL 2 MALFUNCTION (HIGH)" address="5feac"/>

	<table name="(P1496) EGR SIGNAL 3 CIRCUIT LOW" address="5fead"/>

	<table name="(P1497) EGR SOLENOID SIGNAL 3 MALFUNCTION (HIGH)" address="5feae"/>

	<table name="(P1498) EGR SIGNAL 4 CIRCUIT LOW" address="5feaf"/>

	<table name="(P1499) EGR SIGNAL 4 CIRCUIT HIGH" address="5feb0"/>

	<table name="(P1518) STARTER SWITCH LOW INPUT" address="5fe9f"/>

	<table name="(P1560) BACK-UP VOLTAGE MALFUNCTION" address="5feee"/>

	<table name="(P2088) OCV SOLENOID A1 CIRCUIT OPEN" address="5ff15"/>

	<table name="(P2089) OCV SOLENOID A1 CIRCUIT SHORT" address="5ff14"/>

	<table name="(P2092) OCV SOLENOID A2 CIRCUIT OPEN" address="5ff13"/>

	<table name="(P2093) OCV SOLENOID A2 CIRCUIT SHORT" address="5ff12"/>

	<table name="(P2101) THROTTLE ACTUATOR CIRCUIT RANGE/PERF" address="5ff03"/>

	<table name="(P2102) THROTTLE ACTUATOR CIRCUIT LOW" address="5ff01"/>

	<table name="(P2103) THROTTLE ACTUATOR CIRCUIT HIGH" address="5ff01"/>

	<table name="(P2109) TPS A MINIMUM STOP PERF" address="5fefd"/>

	<table name="(P2122) TPS D CIRCUIT LOW INPUT" address="5ff0a"/>

	<table name="(P2123) TPS D CIRCUIT HIGH INPUT" address="5ff0b"/>

	<table name="(P2127) TPS E CIRCUIT LOW INPUT" address="5ff08"/>

	<table name="(P2128) TPS E CIRCUIT HIGH INPUT" address="5ff09"/>

	<table name="(P2135) TPS A/B VOLTAGE" address="5ff0c"/>

	<table name="(P2138) TPS D/E VOLTAGE" address="5ff07"/>

	<table name="(P2503) CHARGING SYSTEM VOLTAGE LOW" address="5ff23"/>

	<table name="(P2504) CHARGING SYSTEM VOLTAGE HIGH" address="5ff22"/>

</rom>
