<rom>
	<romid>
		<xmlid>D2WD612A</xmlid>
		<internalidaddress>2000</internalidaddress>
		<internalidstring>D2WD612A</internalidstring>
		<caseid>22611AK183</caseid>
		<ecuid>3C0A387516</ecuid>
		<make>Subaru</make>
		<market>JDM</market>
		<model>Legacy</model>
		<submodel>3.0R</submodel>
		<transmission>MT</transmission>
		<year>04</year>
		<flashmethod>sti04</flashmethod>
		<memmodel>SH7055</memmodel>
		<checksummodule>subarudbw</checksummodule>
	</romid>

	<include>32BITBASE</include>

	<table name="Front Oxygen Sensor Compensation (Atmosphere)" address="747a8"/>

	<table name="CL to OL Delay (Atmospheric Pressure)" address="77bd8"/>

	<table name="CL Delay Minimum Coolant Temperature" address="76ba0"/>

	<table name="CL Delay Maximum Throttle A" address="76bac"/>

	<table name="Tip-in Enrichment Compensation A (Coolant Temp)" address="7738c"/>

	<table name="Tip-in Enrichment Compensation B (Coolant Temp)" address="77c76"/>

	<table name="Tip-in Enrichment Compensation D (Coolant Temp)" address="77c96"/>

	<table name="Tip-in Enrichment Compensation D (Coolant Temp) Activation" address="76cd4"/>

	<table name="A/F Learning Max Limit (Coolant Temp)" address="77ac4"/>

	<table name="A/F Learning Min Limit (Coolant Temp)" address="77aa4"/>

	<table name="MAF Compensation (Intake Temp)" address="74d08"/>

	<table name="Timing Advance A (Maximum)" address="79ba0"/>

	<table name="Timing Advance B (Maximum)" address="79d00"/>

	<table name="Timing Compensation (Intake Temp)" address="78ca0"/>

	<table name="Timing Comp Min Load (Intake Temp)" address="78788"/>

	<table name="Timing Compensation A (Coolant Temp)" address="78c41"/>

	<table name="Timing Compensation B (Coolant Temp)" address="78c51"/>

	<table name="Timing Compensation C (Coolant Temp)" address="78c61"/>

	<table name="Timing Compensation D (Coolant Temp)" address="78c71"/>

	<table name="Rough Correction Minimum Timing Advance Map Value" address="788b8"/>

	<table name="Radiator Fan Modes A (Coolant Temp)" address="7c734"/>

	<table name="Radiator Fan Modes B (Coolant Temp)" address="7c744"/>

	<table name="Radiator Fan Modes C (Coolant Temp)" address="7c754"/>

	<table name="Radiator Fan Modes (Vehicle Speed)" address="7c6f0"/>

	<table name="Idle Speed A (Coolant Temp)" address="7a6b4"/>

	<table name="Idle Speed B (Coolant Temp)" address="7a6d4"/>

	<table name="Idle Speed C (Coolant Temp)" address="7a6f4"/>

	<table name="Idle Speed D (Coolant Temp)" address="7a714"/>

	<table name="Idle Speed E (Coolant Temp)" address="7a734"/>

	<table name="Idle Speed F (Coolant Temp)" address="7a754"/>

	<table name="Manifold Pressure Sensor Scaling" address="72810">
	</table>

	<table name="Manifold Pressure Sensor Limits (CEL)" address="7b284">
	</table>

	<table name="Manifold Pressure Sensor CEL Delays">
	</table>

	<table name="Primary Open Loop Fueling A_" address="7777c">
		<table name="Engine Load" address="7771c" elements="14"/>
		<table name="Engine Speed" address="77754" elements="10"/>
	</table>

	<table name="Primary Open Loop Fueling B_" address="77868">
		<table name="Engine Load" address="77808" elements="14"/>
		<table name="Engine Speed" address="77840" elements="10"/>
	</table>

	<table name="Front Oxygen Sensor #1 Scaling" address="7b6ac">
		<table name="Front Oxygen Sensor" address="7b678"/>
	</table>

	<table name="Front Oxygen Sensor #2 Scaling" address="7b714">
		<table name="Front Oxygen Sensor" address="7b6e0"/>
	</table>

	<table name="Front Oxygen Sensor Rich Limit" address="18ef0">
	</table>

	<table name="CL to OL Transition with Delay (Throttle)" address="76a48">
		<table name="Engine Speed" address="76a40" elements="2"/>
	</table>

	<table name="CL to OL Transition with Delay Throttle Hysteresis" address="76254">
	</table>

	<table name="CL to OL Transition with Delay (Base Pulse Width)" address="772f0">
		<table name="Engine Speed" address="772e0" elements="4"/>
	</table>

	<table name="CL to OL Transition with Delay BPW Hysteresis" address="76258">
	</table>

	<table name="CL Delay Maximum Engine Speed A" address="76260">
	</table>

	<table name="CL Delay Maximum Engine Speed B" address="7626c">
	</table>

	<table name="CL Delay Engine Speed B Counter Threshold" address="75e8a">
	</table>

	<table name="CL Delay Throttle A Counter Threshold" address="75e88">
	</table>

	<table name="Injector Latency" address="7b318">
		<table name="Battery Output" address="7b304"/>
	</table>

	<table name="Injector Flow Scaling_" address="76014">
	</table>

	<table name="Throttle Tip-in Enrichment A" address="7739c">
		<table name="Throttle Angle Change" address="77388" elements="5"/>
	</table>

	<table name="Throttle Tip-in Enrichment B" address="773bc">
		<table name="Throttle Angle Change" address="773a8" elements="5"/>
	</table>

	<table name="Minimum Tip-in Enrichment Activation" address="763e0">
	</table>

	<table name="Minimum Tip-in Enrichment Activation (Throttle)" address="763dc">
	</table>

	<table name="Tip-in Enrichment Compensation (RPM)" address="76a9c">
		<table name="Engine Speed" address="76a78"/>
	</table>

	<table name="Tip-in Enrichment Compensation (MRP)" address="76ac8">
		<table name="Manifold Pressure" address="76aa8" elements="8"/>
	</table>

	<table name="A/F Learning Airflow Ranges" address="7616c">
	</table>

	<table name="MAF Limit (Maximum)_" address="73c68">
		<table name="Engine Speed" address="73c60"/>
	</table>

	<table name="MAF Sensor Scaling" address="7b568">
		<table name="MAF sensor" address="7b4b8" elements="44"/>
	</table>

	<table name="Engine Load Limit (Maximum)" address="17620">
	</table>

	<table name="Engine Load Compensation (MP)" address="742c8">
		<table name="Manifold Pressure" address="74274" elements="9"/>
		<table name="Engine Speed" address="74298" elements="12"/>
	</table>

	<table name="Base Timing A" address="78aa0">
		<table name="Engine Load" address="780bc"/>
		<table name="Engine Speed" address="78a68" elements="14"/>
	</table>

	<table name="Base Timing B" address="78bac">
		<table name="Engine Load" address="780bc"/>
		<table name="Engine Speed" address="78b74" elements="14"/>
	</table>

	<table name="Base Timing C" address="78cd0">
		<table name="Engine Load" address="780bc"/>
		<table name="Engine Speed" address="78c80" elements="20"/>
	</table>

	<table name="Base Timing D" address="78e34">
		<table name="Engine Load" address="780bc"/>
		<table name="Engine Speed" address="78dfc" elements="14"/>
	</table>

	<table name="Base Timing E" address="78f40">
		<table name="Engine Load" address="780bc"/>
		<table name="Engine Speed" address="78f08" elements="14"/>
	</table>

	<table name="Base Timing F" address="79064">
		<table name="Engine Load" address="780bc"/>
		<table name="Engine Speed" address="79014" elements="20"/>
	</table>

	<table name="Feedback Correction Range (RPM)" address="77fbc">
	</table>

	<table name="Feedback Correction Minimum Load_" address="787bc">
		<table name="Engine Speed" address="787b4" elements="2"/>
	</table>

	<table name="Feedback Correction Retard Value" address="77fa8">
	</table>

	<table name="Feedback Correction Retard Limit" address="77fa4">
	</table>

	<table name="Feedback Correction Negative Advance Value" address="77fac">
	</table>

	<table name="Feedback Correction Negative Advance Delay" address="77d52">
	</table>

	<table name="Fine Correction Range (RPM)" address="78030">
	</table>

	<table name="Fine Correction Range (Load)" address="78040">
	</table>

	<table name="Fine Correction Rows (RPM)_" address="7806c">
	</table>

	<table name="Fine Correction Columns (Load)_" address="78050">
	</table>

	<table name="Fine Correction Retard Value_" address="78a34">
		<table name="Engine Speed" address="78a00"/>
	</table>

	<table name="Fine Correction Retard Limit" address="78024">
	</table>

	<table name="Fine Correction Advance Value" address="7802c">
	</table>

	<table name="Fine Correction Advance Limit" address="78024">
	</table>

	<table name="Fine Correction Advance Delay" address="77d5a">
	</table>

	<table name="Rough Correction Range (RPM)" address="77fdc">
	</table>

	<table name="Rough Correction Range (Load)" address="77fec">
	</table>

	<table name="Rough Correction Learning Delay (Increasing)" address="7874c">
		<table name="Engine Speed" address="78724"/>
	</table>

	<table name="Advance Multiplier (Initial)" address="77fd8">
	</table>

	<table name="Advance Multiplier Step Value" address="78000">
	</table>

	<table name="Intake Cam Advance Angle A (AVCS)" address="7c5b0">
		<table name="Engine Load" address="7c54c"/>
		<table name="Engine Speed" address="7c584" elements="11"/>
	</table>

	<table name="Intake Cam Advance Angle B (AVCS)" address="7c764">
		<table name="Engine Load" address="7c6e4"/>
		<table name="Engine Speed" address="7c71c"/>
	</table>

	<table name="Requested Torque (Accelerator Pedal)" address="7aa2c">
		<table name="Accelerator Pedal Angle" address="7a990" elements="19"/>
		<table name="Engine Speed" address="7a9dc" elements="20"/>
	</table>

	<table name="Target Throttle Plate Position (Requested Torque)" address="7a738">
		<table name="Requested Torque" address="7a6ac" elements="15"/>
		<table name="Engine Speed" address="7a6e8" elements="20"/>
	</table>

	<table name="Rev Limit (Fuel Cut)" address="7644c">
	</table>

	<table name="Speed Limiting Enable (Fuel Cut)" address="7649c">
	</table>

	<table name="Speed Limiting Disable (Fuel Cut)" address="764a0">
	</table>

	<table name="Speed Limiting (Throttle)" address="73c3c">
		<table name="Throttle Reduction" address="73c44"/>
	</table>

	<table name="Fuel Temp Sensor Scaling" address="7b3c0">
		<table name="Fuel Temp Sensor" address="7b348"/>
	</table>

	<table name="Intake Temp Sensor Scaling" address="729d8">
		<table name="Intake Temp Sensor" address="72960"/>
	</table>

	<table name="Coolant Temp Sensor Scaling" address="728f0">
		<table name="Coolant Temp Sensor" address="72880"/>
	</table>

    <table name="(P0000) PASS CODE (NO DTC DETECTED)" address="5BD9D" />
    <table name="(P0000) PASS CODE (NO DTC DETECTED) " address="5BD9E" />
    <table name="(P0011) CAMSHAFT POS. - TIMING OVER-ADVANCED 1" address="5BD81" />
    <table name="(P0021) CAMSHAFT POS. - TIMING OVER-ADVANCED 2" address="5BD82" />
    <table name="(P0031) FRONT O2 SENSOR LOW INPUT" address="5BDAC" />
    <table name="(P0032) FRONT O2 SENSOR HIGH INPUT" address="5BDAA" />
    <table name="(P0037) REAR O2 SENSOR LOW INPUT" address="5BDAB" />
    <table name="(P0038) REAR O2 SENSOR HIGH INPUT" address="5BDA9" />
    <table name="(P0051) HO2S CIRCUIT LOW B2 S1" address="5BDB4" />
    <table name="(P0052) HO2S CIRCUIT HIGH B2 S1" address="5BDB3" />
    <table name="(P0057) HO2S CIRCUIT LOW B2 S2" address="5BDC1" />
    <table name="(P0058) HO2S CIRCUIT HIGH B2 S2" address="5BDC2" />
    <table name="(P0076) INTAKE VALVE CIRCUIT LOW (BANK 1)" address="5BDE5" />
    <table name="(P0077) INTAKE VALVE CONTROL HIGH (BANK 1)" address="5BDE4" />
    <table name="(P0082) INTAKE VALVE CONTROL LOW (BANK 2)" address="5BDE3" />
    <table name="(P0083) INTAKE VALVE CONTROL HIGH (BANK 2)" address="5BDE2" />
    <table name="(P0102) MAF SENSOR LOW INPUT" address="5BD57" />
    <table name="(P0103) MAF SENSOR HIGH INPUT" address="5BD58" />
    <table name="(P0107) MAP SENSOR LOW INPUT" address="5BDAF" />
    <table name="(P0108) MAP SENSOR HIGH INPUT" address="5BDB0" />
    <table name="(P0112) IAT SENSOR LOW INPUT" address="5BDA6" />
    <table name="(P0113) IAT SENSOR HIGH INPUT" address="5BDA7" />
    <table name="(P0117) COOLANT TEMP SENSOR LOW INPUT" address="5BD60" />
    <table name="(P0118) COOLANT TEMP SENSOR HIGH INPUT" address="5BD61" />
    <table name="(P0122) TPS A LOW INPUT" address="5BD5E" />
    <table name="(P0123) TPS A HIGH INPUT" address="5BD5F" />
    <table name="(P0131) FRONT O2 SENSOR LOW INPUT" address="5BDA0" />
    <table name="(P0132) FRONT O2 SENSOR HIGH INPUT" address="5BDA2" />
    <table name="(P0134) FRONT O2 SENSOR NO ACTIVITY" address="5BDBD" />
    <table name="(P0137) REAR O2 SENSOR LOW VOLTAGE" address="5BD9F" />
    <table name="(P0138) REAR O2 SENSOR HIGH VOLTAGE" address="5BDA4" />
    <table name="(P0151) O2 SENSOR CIRCUIT LOW B2 S1" address="5BDA1" />
    <table name="(P0152) O2 SENSOR CIRCUIT HIGH B2 S1" address="5BDA3" />
    <table name="(P0154) O2 SENSOR CIRCUIT OPEN B2 S1" address="5BDBC" />
    <table name="(P0157) O2 SENSOR CIRCUIT LOW B2 S2" address="5BDC3" />
    <table name="(P0158) O2 SENSOR CIRCUIT HIGH B2 S2" address="5BDC4" />
    <table name="(P0171) SYSTEM TOO LEAN" address="5BD94" />
    <table name="(P0172) SYSTEM TOO RICH" address="5BD95" />
    <table name="(P0174) SYSTEM TOO LEAN B2" address="5BD8E" />
    <table name="(P0175) SYSTEM TOO RICH B2" address="5BD8F" />
    <table name="(P0197) OIL TEMP SENSOR LOW" address="5BDDE" />
    <table name="(P0198) OIL TEMP SENSOR HIGH" address="5BDE7" />
    <table name="(P0222) TPS B LOW INPUT" address="5BDC6" />
    <table name="(P0223) TPS B HIGH INPUT" address="5BDC7" />
    <table name="(P0230) FUEL PUMP PRIMARY CIRCUIT" address="5BDB7" />
    <table name="(P0301) MISFIRE CYLINDER 1" address="5BD96" />
    <table name="(P0302) MISFIRE CYLINDER 2" address="5BD97" />
    <table name="(P0303) MISFIRE CYLINDER 3" address="5BD98" />
    <table name="(P0304) MISFIRE CYLINDER 4" address="5BD99" />
    <table name="(P0305) MISFIRE CYLINDER 5" address="5BD9A" />
    <table name="(P0306) MISFIRE CYLINDER 6" address="5BD9B" />
    <table name="(P0327) KNOCK SENSOR 1 LOW INPUT" address="5BD5C" />
    <table name="(P0328) KNOCK SENSOR 1 HIGH INPUT" address="5BD5D" />
    <table name="(P0332) KNOCK SENSOR 2 LOW INPUT" address="5BD5A" />
    <table name="(P0333) KNOCK SENSOR 2 HIGH INPUT" address="5BD5B" />
    <table name="(P0335) CRANKSHAFT POS. SENSOR A MALFUNCTION" address="5BD54" />
    <table name="(P0340) CAMSHAFT POS. SENSOR A MALFUNCTION" address="5BDD8" />
    <table name="(P0345) CAMSHAFT POS. SENSOR A BANK 2" address="5BDD7" />
    <table name="(P0458) EVAP PURGE VALVE CIRCUIT LOW" address="5BD85" />
    <table name="(P0459) EVAP PURGE VALVE CIRCUIT HIGH" address="5BD86" />
    <table name="(P0462) FUEL LEVEL SENSOR LOW INPUT" address="5BD64" />
    <table name="(P0463) FUEL LEVEL SENSOR HIGH INPUT" address="5BD65" />
    <table name="(P0500) VEHICLE SPEED SENSOR A" address="5BD59" />
    <table name="(P0512) STARTER REQUEST CIRCUIT" address="5BD68" />
    <table name="(P0519) IDLE CONTROL MALFUNCTION (FAIL-SAFE)" address="5BDBA" />
    <table name="(P0600) SERIAL COMMUNICATION LINK" address="5BDD6" />
    <table name="(P0604) CONTROL MODULE RAM ERROR" address="5BD56" />
    <table name="(P0605) CONTROL MODULE ROM ERROR" address="5BDD9" />
    <table name="(P0607) CONTROL MODULE PERFORMANCE" address="5BDCE" />
    <table name="(P0638) THROTTLE ACTUATOR RANGE/PERF" address="5BDCD" />
    <table name="(P0700) TRANSMISSION CONTROL SYSTEM" address="5BDE1" />
    <table name="(P0851) NEUTRAL SWITCH INPUT LOW" address="5BD6C" />
    <table name="(P0852) NEUTRAL SWITCH INPUT HIGH" address="5BD70" />
    <table name="(P1026) VVL SYSTEMS 1 PERFORMANCE" address="5BDEB" />
    <table name="(P1028) VVL SYSTEMS 2 PERFORMANCE" address="5BDEA" />
    <table name="(P1160) ABNORMAL RETURN SPRING" address="5BDC8" />
    <table name="(P1518) STARTER SWITCH LOW INPUT" address="5BD67" />
    <table name="(P1560) BACK-UP VOLTAGE MALFUNCTION" address="5BDB6" />
    <table name="(P2088) OCV SOLENOID A1 CIRCUIT OPEN" address="5BDDD" />
    <table name="(P2089) OCV SOLENOID A1 CIRCUIT SHORT" address="5BDDC" />
    <table name="(P2092) OCV SOLENOID A2 CIRCUIT OPEN" address="5BDDB" />
    <table name="(P2093) OCV SOLENOID A2 CIRCUIT SHORT" address="5BDDA" />
    <table name="(P2101) THROTTLE ACTUATOR CIRCUIT RANGE/PERF" address="5BDCB" />
    <table name="(P2102) THROTTLE ACTUATOR CIRCUIT LOW" address="5BDC9" />
    <table name="(P2103) THROTTLE ACTUATOR CIRCUIT HIGH" address="5BDCA" />
    <table name="(P2109) TPS A MINIMUM STOP PERF" address="5BDC5" />
    <table name="(P2122) TPS D CIRCUIT LOW INPUT" address="5BDD2" />
    <table name="(P2123) TPS D CIRCUIT HIGH INPUT" address="5BDD3" />
    <table name="(P2127) TPS E CIRCUIT LOW INPUT" address="5BDD0" />
    <table name="(P2128) TPS E CIRCUIT HIGH INPUT" address="5BDD1" />
    <table name="(P2135) TPS A/B VOLTAGE" address="5BDD4" />
    <table name="(P2138) TPS D/E VOLTAGE" address="5BDCF" />


</rom>
