<?xml version="1.0" encoding="UTF-8"?>
<!-- EcuFlash DEFINITION FILE FOR AE5I001A CREATED 2012-12-31 00:10:40 +02:00
    This file was gernerated by RR2EcuFlash version: 1.0.0.33977

TERMS, CONDITIONS, AND DISCLAIMERS
- - - - - - - - - - - - - - - - - - - - - - - - - - - - - - - - - - - - - - - - - - - - - - - - - -
WARNING: These definition files are created as the result of the extremely complex and time consuming
process of reverse-engineering the factory ECU. Because of this complexity, it is necessary to make certain
assumptions and, therefore, it is impossible to always deal in absolutes in regards to representations made
by these definitions. In addition, due to this complexity and the numerous variations among different ECUs,
it is also impossible to guarantee that the definitions will not contain errors or other bugs. What this all means
is that there is the potential for bugs, errors and misrepresentations which can result in damage to your motor,
your ECU as well the possibility of causing your vehicle to behave unexpectedly on the road, increasing the
risk of death or injury. Modifications to your vehicle's ECU may also be in violation of local, state and federal
laws. By using these definition files, either directly or indirectly, you agree to assume 100% of all risk and
RomRaider's creators and contributors shall not be held responsible for any damages or injuries you receive.
This product is for advanced users only. There are no safeguards in place when tuning with RomRaider. As such,
the potential for serious damage and injury still exists, even if the user does not experience any bugs or errors. 

As always, use at your own risk.

These definitions are created for FREE without any sort of guarantee. The developers cannot be held liable
for any damage or injury incurred as a result of these definitions. USE AT YOUR OWN RISK!
-->
<rom>
  <romid>
    <xmlid>AE5I001A</xmlid>
    <internalidaddress>2004</internalidaddress>
    <internalidstring>AE5I001A</internalidstring>
    <ecuid>7502564007</ecuid>
    <year>11</year>
    <market>JDM</market>
    <make>Subaru</make>
    <model>Legacy</model>
    <submodel>GT</submodel>
    <transmission>AT</transmission>
    <memmodel>SH7058</memmodel>
    <checksummodule>subarudbw</checksummodule>
    <flashmethod>subarucan</flashmethod>
  </romid>
  <include>32BITBASE</include>
  <table name="Target Boost_" address="c10f4">
    <table name="X" address="c1078" elements="16" />
    <table name="Y" address="c10b8" />
  </table>
  <table name="Target Boost Compensation (ECT)" address="c0aa0">
    <table name="Y" address="c09c0" />
  </table>
  <table name="Target Boost Compensation (1st Gear)" address="c09b8" />
  <table name="Target Boost Compensation (1st Gear) Speed Disable" address="c09b4" />
  <table name="Target Boost Compensation (IAT)_" address="c0be8">
    <table name="Y" address="c0bd0" />
  </table>
  <table name="Target Boost Compensation (Atm. Pressure)_" address="c0c98">
    <table name="X" address="c0c60" elements="8" />
    <table name="Y" address="c0c80" />
  </table>
  <table name="Boost Limit (Fuel Cut)_" address="ce690">
    <table name="X" address="ce634" elements="8" />
    <table name="Y" address="ce654" elements="15" />
  </table>
  <table name="Boost Control Disable (IAM)" address="c09a8" />
  <table name="Boost Control Disable (Fine Correction)" address="c09a4" />
  <table name="Boost Control Disable Delay (Fine Correction)" address="c0959" />
  <table name="Initial Wastegate Duty_" address="c0f0c">
    <table name="X" address="c0ea0" elements="14" />
    <table name="Y" address="c0ed8" elements="13" />
  </table>
  <table name="Max Wastegate Duty_" address="c0d34">
    <table name="X" address="c0cc8" elements="14" />
    <table name="Y" address="c0d00" elements="13" />
  </table>
  <table name="Max Wastegate Duty Limit Post-Compensation" address="156e8" />
  <table name="Initial/Max Wastegate Duty Compensation (IAT)" address="c0a50">
    <table name="Y" address="c0a00" />
  </table>
  <table name="Initial/Max Wastegate Duty Compensation (ECT)" address="c0a60">
    <table name="Y" address="c09c0" />
  </table>
  <table name="Initial/Max Wastegate Duty Compensation (Atm. Pressure)" address="c0c38">
    <table name="X" address="c0c00" elements="10" />
    <table name="Y" address="c0c28" />
  </table>
  <table name="Turbo Dynamics Proportional" address="c0ad4">
    <table name="Y" address="c0ab0" />
  </table>
  <table name="Turbo Dynamics Integral Positive" address="c0b44">
    <table name="Y" address="c0b20" />
  </table>
  <table name="Turbo Dynamics Integral Negative" address="c0b0c">
    <table name="Y" address="c0ae8" />
  </table>
  <table name="TD Proportional Compensation (IAT)" address="c0a70">
    <table name="Y" address="c0a00" elements="16" />
  </table>
  <table name="TD Integral Positive Compensation (IAT)" address="c0a90">
    <table name="Y" address="c0a00" elements="16" />
  </table>
  <table name="TD Integral Negative Compensation (IAT)" address="c0a80">
    <table name="Y" address="c0a00" elements="16" />
  </table>
  <table name="TD Activation Thresholds (RPM)" address="c0994" />
  <table name="TD Activation Thresholds (Target Boost)_" address="c0980" />
  <table name="TD Integral Cumulative Range (WGDC Correction)" address="c099c" />
  <table name="TD Integral Negative Activation (Boost Error)" address="c0988" />
  <table name="TD Integral Positive Activation (Boost Error)" address="c098c" />
  <table name="TD Integral Negative Activation (Wastegate Duty)" address="c0990" />
  <table name="Manifold Pressure Sensor Scaling_" address="d5c58" />
  <table name="Manifold Pressure Sensor Limits (CEL)" address="d5c0a" />
  <table name="Manifold Pressure Sensor CEL Delays" address="d5bc3" />
  <table name="Primary Open Loop Fueling" address="cc6e4">
    <table name="X" address="cc65c" elements="18" />
    <table name="Y" address="cc6a4" elements="16" />
  </table>
  <table name="Primary Open Loop Fueling (Failsafe)" address="cc88c">
    <table name="X" address="cc804" elements="18" />
    <table name="Y" address="cc84c" elements="16" />
  </table>
  <table name="Minimum Active Primary Open Loop Enrichment" address="c8b94" />
  <table name="Minimum Primary Open Loop Enrichment (Throttle)" address="c973c">
    <table name="Y" address="c9724" />
  </table>
  <table name="Minimum Primary Open Loop Enrichment (Accelerator)" address="c975c">
    <table name="Y" address="c9744" />
  </table>
  <table name="Primary Open Loop Fueling Compensation (ECT)" address="cae98">
    <table name="Y" address="c9030" />
  </table>
  <table name="Front Oxygen Sensor Scaling" address="d5f40">
    <table name="Y" address="d5f0c" />
  </table>
  <table name="Front Oxygen Sensor Rich Limit" address="25a24" />
  <table name="Front Oxygen Sensor Compensation (Atm. Pressure)" address="c4c3c">
    <table name="Y" address="c4c2c" />
  </table>
  <table name="CL Fueling Target Compensation A (Load)" address="cda0c">
    <table name="X" address="cd9b4" />
    <table name="Y" address="cd9e0" elements="11" />
  </table>
  <table name="CL Fueling Target Compensation B (Load)" address="cd8c0">
    <table name="X" address="cd868" />
    <table name="Y" address="cd894" />
  </table>
  <table name="CL Fueling Target Compensation Imm. Cruise (ECT)" address="cd79c">
    <table name="X" address="c9030" />
    <table name="Y" address="cd790" />
  </table>
  <table name="CL Fueling Target Compensation Imm. Non-Cruise (ECT)" address="cd808">
    <table name="X" address="c9030" />
    <table name="Y" address="cd7fc" />
  </table>
  <table name="CL to OL Delay_" address="c87ea" />
  <table name="CL to OL Transition with Delay (Throttle)" address="c9714">
    <table name="Y" address="c96d4" />
  </table>
  <table name="CL to OL Transition with Delay Throttle Hysteresis" address="c8b9c" />
  <table name="CL to OL Transition with Delay (Base Pulse Width)" address="cadc4">
    <table name="Y" address="cad84" />
  </table>
  <table name="CL to OL Transition with Delay BPW Hysteresis" address="c8b98" />
  <table name="CL to OL Transition Counter Step Value (MAF)" address="cae0c">
    <table name="Y" address="cade4" />
  </table>
  <table name="CL Delay Maximum (Throttle) (Low Atm. Pressure)" address="c8c08" />
  <table name="CL Delay Maximum (Throttle) (High Atm. Pressure)" address="c8c10" />
  <table name="CL Delay Maximum (Vehicle Speed)" address="c8c18" />
  <table name="CL Delay Minimum (ECT)" address="c8ba0" />
  <table name="CL Delay Maximum (Engine Load)" address="c8c20" />
  <table name="CL Delay Engine Load Counter Threshold" address="c87e2" />
  <table name="CL Delay Maximum Engine Speed (Per Gear)" address="c8bcc" />
  <table name="CL Delay Maximum Engine Speed (Neutral)" address="c8bc4" />
  <table name="Injector Latency" address="c9ca8">
    <table name="Y" address="c9c94" />
  </table>
  <table name="Injector Flow Scaling" address="c88e8" />
  <table name="Per Injector Pulse Width Compensation A" address="ccc4c">
    <table name="X" address="ccbf8" elements="9" />
    <table name="Y" address="ccc1c" elements="12" />
  </table>
  <table name="Per Injector Pulse Width Compensation B" address="ccd0c">
    <table name="X" address="cccb8" elements="9" />
    <table name="Y" address="cccdc" elements="12" />
  </table>
  <table name="Per Injector Pulse Width Compensation C" address="ccdcc">
    <table name="X" address="ccd78" elements="9" />
    <table name="Y" address="ccd9c" elements="12" />
  </table>
  <table name="Per Injector Pulse Width Compensation D" address="cce8c">
    <table name="X" address="cce38" elements="9" />
    <table name="Y" address="cce5c" elements="12" />
  </table>
  <table name="Cranking Fuel Injector Pulse Width A (ECT)" address="c9bd2">
    <table name="Y" address="c9030" />
  </table>
  <table name="Cranking Fuel Injector Pulse Width B (ECT)" address="c9bf2">
    <table name="Y" address="c9030" />
  </table>
  <table name="Cranking Fuel Injector Pulse Width C (ECT)" address="c9c12">
    <table name="Y" address="c9030" />
  </table>
  <table name="Cranking Fuel Injector Pulse Width D (ECT)" address="c9c32">
    <table name="Y" address="c9030" />
  </table>
  <table name="Cranking Fuel Injector Pulse Width E (ECT)" address="c9c52">
    <table name="Y" address="c9030" />
  </table>
  <table name="Cranking Fuel Injector Pulse Width F (ECT)" address="c9c72">
    <table name="Y" address="c9030" />
  </table>
  <table name="Cranking Fuel IPW Compensation Imm. Cruise (RPM)" address="cbf2c">
    <table name="X" address="cbefc" />
    <table name="Y" address="cbf10" />
  </table>
  <table name="Cranking Fuel IPW Compensation Imm. Non-Cruise (RPM)" address="cbed8">
    <table name="X" address="cbea8" />
    <table name="Y" address="cbebc" />
  </table>
  <table name="Cranking Fuel IPW Compensation (MAP)" address="c9274">
    <table name="Y" address="c924c" />
  </table>
  <table name="Cranking Fuel IPW Compensation (Accelerator)" address="c92a8">
    <table name="Y" address="c9280" elements="10" />
  </table>
  <table name="Cranking Fuel IPW Compensation (IAT)" address="c92c8">
    <table name="Y" address="c92b4" />
  </table>
  <table name="Throttle Tip-in Enrichment A" address="cb54c">
    <table name="Y" address="cb504" />
  </table>
  <table name="Throttle Tip-in Enrichment B" address="cb5b8">
    <table name="Y" address="cb570" />
  </table>
  <table name="Minimum Tip-in Enrichment Activation" address="c8efc" />
  <table name="Minimum Tip-in Enrichment Activation (Throttle)" address="c8ef8" />
  <table name="Tip-in Enrichment Compensation (Boost Error)" address="c9a08">
    <table name="Y" address="c99e4" />
  </table>
  <table name="Tip-in Enrichment Compensation (RPM)" address="c99d4">
    <table name="Y" address="c9994" elements="16" />
  </table>
  <table name="Tip-in Enrichment Compensation A (ECT)" address="c9a11">
    <table name="Y" address="c9030" />
  </table>
  <table name="Tip-in Enrichment Compensation B (ECT)" address="cb5dc">
    <table name="Y" address="c9030" />
  </table>
  <table name="Tip-in Enrichment Compensation C (ECT)" address="cb5fc">
    <table name="Y" address="c9030" />
  </table>
  <table name="Tip-in Enrichment Compensation D (ECT)" address="cb63c">
    <table name="Y" address="c9070" />
  </table>
  <table name="Tip-in Enrichment Compensation D (ECT) Activation" address="c8f00" />
  <table name="Tip-in Enrichment Disable Applied Counter Threshold A (ECT)" address="c9a21">
    <table name="Y" address="c9030" />
  </table>
  <table name="Tip-in Enrichment Disable Applied Counter Threshold B (ECT)" address="c9a31">
    <table name="Y" address="c9030" />
  </table>
  <table name="Tip-in Enrichment Applied Counter Reset" address="c87a7" />
  <table name="Tip-in Enrichment Disable Throttle Cumulative Threshold A (ECT)" address="cb65c">
    <table name="Y" address="c9030" />
  </table>
  <table name="Tip-in Enrichment Disable Throttle Cumulative Threshold B (ECT)" address="cb67c">
    <table name="Y" address="c9030" />
  </table>
  <table name="Tip-in Throttle Cumulative Reset" address="c87a8" />
  <table name="A/F Learning #1 Limits" address="c8adc" />
  <table name="A/F Learning #1 Airflow Ranges" address="c8aec" />
  <table name="MAF Limit (Maximum)" address="c471c" />
  <table name="MAF Sensor Scaling" address="d5e34">
    <table name="Y" address="d5d5c" />
  </table>
  <table name="MAF Compensation (IAT)" address="c4de0">
    <table name="X" address="c4da0" elements="6" />
    <table name="Y" address="c4db8" elements="10" />
  </table>
  <table name="Engine Load Limit A (Maximum)" address="23ef0" />
  <table name="Engine Load Limit B Maximum (RPM)" address="c4b3c">
    <table name="Y" address="c4b34" />
  </table>
  <table name="Engine Load Compensation Cruise (MP)" address="c4e90">
    <table name="X" address="c4e1c" elements="13" />
    <table name="Y" address="c4e50" elements="16" />
  </table>
  <table name="Engine Load Compensation Non-Cruise (MP)" address="c4fd4">
    <table name="X" address="c4f60" elements="13" />
    <table name="Y" address="c4f94" elements="16" />
  </table>
  <table name="Base Timing Primary Cruise" address="d093c">
    <table name="X" address="d08e8" elements="12" />
    <table name="Y" address="d0918" elements="9" />
  </table>
  <table name="Base Timing Reference Cruise (AVCS related)" address="d0bcc">
    <table name="X" address="d0b78" elements="12" />
    <table name="Y" address="d0ba8" elements="9" />
  </table>
  <table name="Base Timing Primary Non-Cruise" address="d0a38">
    <table name="X" address="d09a8" elements="20" />
    <table name="Y" address="d09f8" elements="16" />
  </table>
  <table name="Base Timing Reference Non-Cruise (AVCS related)" address="d0cc8">
    <table name="X" address="d0c38" elements="20" />
    <table name="Y" address="d0c88" elements="16" />
  </table>
  <table name="Base Timing Idle A (In-Gear)" address="cf01e">
    <table name="Y" address="ced98" />
  </table>
  <table name="Base Timing Idle B (In-Gear)" address="cf02e">
    <table name="Y" address="ced98" />
  </table>
  <table name="Base Timing Idle A (Neutral)" address="cf03e">
    <table name="Y" address="ced98" />
  </table>
  <table name="Base Timing Idle B (Neutral)" address="cf04e">
    <table name="Y" address="ced98" />
  </table>
  <table name="Base Timing Idle Minimum" address="cf015">
    <table name="Y" address="cee18" />
  </table>
  <table name="Base Timing Idle Minimum Vehicle Speed Enable" address="ceb5c" />
  <table name="Knock Correction Advance Max Cruise" address="d05ac">
    <table name="X" address="d0558" elements="12" />
    <table name="Y" address="d0588" elements="9" />
  </table>
  <table name="Knock Correction Advance Max Non-Cruise" address="d06a8">
    <table name="X" address="d0618" elements="20" />
    <table name="Y" address="d0668" elements="16" />
  </table>
  <table name="Timing Compensation A (IAT)" address="cf100">
    <table name="Y" address="cf0c0" />
  </table>
  <table name="Timing Compensation A (IAT) Activation" address="d0e38">
    <table name="X" address="d0e08" elements="7" />
    <table name="Y" address="d0e24" elements="5" />
  </table>
  <table name="Timing Compensation B (IAT)" address="cf760">
    <table name="Y" address="cf720" />
  </table>
  <table name="Timing Compensation B (IAT) IAM Activation" address="ced94" />
  <table name="Timing Compensation B (IAT) Max Additive" address="ced78" />
  <table name="Timing Compensation Imm. Cruise A (ECT)" address="cf09e">
    <table name="Y" address="ced98" />
  </table>
  <table name="Timing Compensation Imm. Cruise B (ECT)" address="cf0ae">
    <table name="Y" address="ced98" />
  </table>
  <table name="Timing Compensation Imm. Non-Cruise A (ECT)" address="cf07e">
    <table name="Y" address="ced98" />
  </table>
  <table name="Timing Compensation Imm. Non-Cruise B (ECT)" address="cf08e">
    <table name="Y" address="ced98" />
  </table>
  <table name="Timing Compensation Per Cylinder A" address="d0310">
    <table name="X" address="d02c4" />
    <table name="Y" address="d02fc" elements="5" />
  </table>
  <table name="Timing Compensation Per Cylinder B" address="d03a4">
    <table name="X" address="d0358" />
    <table name="Y" address="d0390" elements="5" />
  </table>
  <table name="Timing Compensation Per Cylinder C" address="d0438">
    <table name="X" address="d03ec" />
    <table name="Y" address="d0424" elements="5" />
  </table>
  <table name="Timing Compensation Per Cylinder D" address="d04d0">
    <table name="X" address="d0480" />
    <table name="Y" address="d04b8" elements="6" />
  </table>
  <table name="Timing Comp Minimum Load (Per Cylinder)" address="ce874" />
  <table name="Timing Comp Maximum RPM (Per Cylinder)" address="ce870" />
  <table name="Timing Comp Minimum Coolant Temp (Per Cylinder)" address="ce878" />
  <table name="Feedback Correction Range (RPM)" address="ce888" />
  <table name="Feedback Correction Minimum Load" address="ce880" />
  <table name="Feedback Correction Retard Value" address="ce8a8" />
  <table name="Feedback Correction Retard Limit" address="ce8a4" />
  <table name="Feedback Correction Negative Advance Value" address="ce8ac" />
  <table name="Feedback Correction Negative Advance Delay" address="ce7be" />
  <table name="Extended Feedback Correction High RPM Compensation" address="ce8b4" />
  <table name="Fine Correction Range (RPM)" address="cea50" />
  <table name="Fine Correction Range (Load)" address="cea60" />
  <table name="Fine Correction Rows (RPM)" address="ce9f0" />
  <table name="Fine Correction Columns (Load)" address="cea0c" />
  <table name="Fine Correction Retard Value" address="cea44" />
  <table name="Fine Correction Retard Limit" address="cea40" />
  <table name="Fine Correction Advance Value" address="cea3c" />
  <table name="Fine Correction Advance Limit" address="cea38" />
  <table name="Fine Correction Advance Delay" address="ce7ce" />
  <table name="Rough Correction Range (RPM)" address="ce998" />
  <table name="Rough Correction Range (Load)" address="ce9a8" />
  <table name="Rough Correction Minimum KC Advance Map Value" address="ce9b8" />
  <table name="Rough Correction Learning Delay (Increasing)_" address="cf850">
    <table name="Y" address="cf828" />
  </table>
  <table name="Advance Multiplier (Initial)" address="ce9bc" />
  <table name="Advance Multiplier Step Value" address="ce9c0" />
  <table name="Intake Cam Advance Angle Cruise (AVCS)_" address="d7f08">
    <table name="X" address="d7eb4" elements="12" />
    <table name="Y" address="d7ee4" elements="9" />
  </table>
  <table name="Intake Cam Advance Angle Non-Cruise (AVCS)_" address="d806c">
    <table name="X" address="d7fe0" elements="18" />
    <table name="Y" address="d8028" elements="17" />
  </table>
  <table name="Exhaust Cam Retard Angle Cruise (AVCS)_" address="d89f0">
    <table name="X" address="d89a0" elements="11" />
    <table name="Y" address="d89cc" elements="9" />
  </table>
  <table name="Exhaust Cam Retard Angle Non-Cruise (AVCS)_" address="d8b44">
    <table name="X" address="d8ab8" elements="18" />
    <table name="Y" address="d8b00" elements="17" />
  </table>
  <table name="Requested Torque A (Accelerator Pedal)" address="dd35c">
    <table name="X" address="dd2d8" elements="16" />
    <table name="Y" address="dd318" />
  </table>
  <table name="Requested Torque B (Accelerator Pedal)" address="dd600">
    <table name="X" address="dd57c" elements="16" />
    <table name="Y" address="dd5bc" />
  </table>
  <table name="Requested Torque C (Accelerator Pedal)" address="dd8a4">
    <table name="X" address="dd820" elements="16" />
    <table name="Y" address="dd860" />
  </table>
  <table name="Requested Torque Base (RPM)" address="dc7c0">
    <table name="Y" address="dc780" />
  </table>
  <table name="Target Throttle Plate Position Cruise (Requested Torque Ratio)" address="dcc74">
    <table name="X" address="dcc10" elements="16" />
    <table name="Y" address="dcc50" elements="9" />
  </table>
  <table name="Target Throttle Plate Position Non-Cruise (Requested Torque Ratio)" address="dce14">
    <table name="X" address="dcd94" elements="16" />
    <table name="Y" address="dcdd4" />
  </table>
  <table name="Target Throttle Plate Position Maximum (Requested Torque Ratio)" address="dde0c">
    <table name="X" address="ddd8c" elements="16" />
    <table name="Y" address="dddcc" />
  </table>
  <table name="Rev Limit (Fuel Cut)" address="c8f78" />
  <table name="Rev Limit Fuel Resume (Boost)" address="c8f88" />
  <table name="Speed Limiting Enable (Fuel Cut)" address="c8f8c" />
  <table name="Speed Limiting Disable (Fuel Cut)" address="c8f94" />
  <table name="Speed Limiting A (Throttle" address="dc640" />
  <table name="Speed Limiting B (Throttle" address="dc658" />
  <table name="Intake Temp Sensor Scaling" address="d62ac">
    <table name="Y" address="d6234" />
  </table>
  <table name="Coolant Temp Sensor Scaling" address="d61c4">
    <table name="Y" address="d6154" />
  </table>
  <table name="Radiator Fan Modes A (ECT)" address="d665c" />
  <table name="Radiator Fan Modes B (ECT)" address="d666c" />
  <table name="Radiator Fan Modes (Veh. Speed)" address="d667c" />
  <table name="Gear Determination Thresholds A" address="c4a98" />
  <table name="Gear Determination Thresholds B" address="c4aac" />
  <table name="Idle Speed Target A" address="d2864">
    <table name="Y" address="d2354" />
  </table>
  <table name="Idle Speed Target B" address="d2884">
    <table name="Y" address="d2354" />
  </table>
  <table name="Idle Speed Target C" address="d28c4">
    <table name="Y" address="d2354" />
  </table>
  <table name="Idle Speed Target D" address="d28a4">
    <table name="Y" address="d2354" />
  </table>
  <table name="Idle Speed Target E" address="d28e4">
    <table name="Y" address="d2354" />
  </table>
  <table name="Idle Speed Target F" address="d2904">
    <table name="Y" address="d2354" />
  </table>
  <table name="Force Pass Readiness Monitors_" address="88294" />
  <table name="(P0000) PASS CODE (NO DTC DETECTED)" address="7d2e2" />
  <table name="(P0000) PASS CODE (NO DTC DETECTED)_" address="7d2e3" />
  <table name="(P0011) CAMSHAFT POS. - TIMING OVER-ADVANCED 1" address="7d2c5" />
  <table name="(P0014) EXHAUST AVCS SYSTEM 1 RANGE/PERF" address="7d360" />
  <table name="(P0016) CRANKSHAFT/CAMSHAFT CORRELATION 1A" address="7d357" />
  <table name="(P0017) CRANK/CAM TIMING B FAILURE 1" address="7d36a" />
  <table name="(P0018) CRANKSHAFT/CAMSHAFT CORRELATION 2A" address="7d356" />
  <table name="(P0019) CRANK/CAM TIMING B FAILURE 2" address="7d369" />
  <table name="(P0021) CAMSHAFT POS. - TIMING OVER-ADVANCED 2" address="7d2c6" />
  <table name="(P0024) EXHAUST AVCS SYSTEM 2 RANGE/PERF" address="7d35f" />
  <table name="(P0031) FRONT O2 SENSOR LOW INPUT" address="7d2f1" />
  <table name="(P0032) FRONT O2 SENSOR HIGH INPUT" address="7d2ef" />
  <table name="(P0037) REAR O2 SENSOR LOW INPUT" address="7d2f0" />
  <table name="(P0038) REAR O2 SENSOR HIGH INPUT" address="7d2ee" />
  <table name="(P0102) MAF SENSOR LOW INPUT" address="7d2a1" />
  <table name="(P0103) MAF SENSOR HIGH INPUT" address="7d2a2" />
  <table name="(P0107) MAP SENSOR LOW INPUT" address="7d2f2" />
  <table name="(P0108) MAP SENSOR HIGH INPUT" address="7d2f3" />
  <table name="(P0112) IAT SENSOR LOW INPUT" address="7d2eb" />
  <table name="(P0113) IAT SENSOR HIGH INPUT" address="7d2ec" />
  <table name="(P0117) COOLANT TEMP SENSOR LOW INPUT" address="7d2aa" />
  <table name="(P0118) COOLANT TEMP SENSOR HIGH INPUT" address="7d2ab" />
  <table name="(P0122) TPS A LOW INPUT" address="7d2a8" />
  <table name="(P0123) TPS A HIGH INPUT" address="7d2a9" />
  <table name="(P0131) FRONT O2 SENSOR LOW INPUT" address="7d2e5" />
  <table name="(P0132) FRONT O2 SENSOR HIGH INPUT" address="7d2e7" />
  <table name="(P0133) FRONT O2 SENSOR SLOW RESPONSE" address="7d2cf" />
  <table name="(P0134) FRONT O2 SENSOR NO ACTIVITY" address="7d305" />
  <table name="(P0139) REAR O2 SENSOR SLOW RESPONSE" address="7d2d0" />
  <table name="(P0140) REAR O2 SENSOR NO ACTIVITY" address="7d351" />
  <table name="(P0171) SYSTEM TOO LEAN" address="7d2d9" />
  <table name="(P0172) SYSTEM TOO RICH" address="7d2da" />
  <table name="(P0222) TPS B LOW INPUT" address="7d30f" />
  <table name="(P0223) TPS B HIGH INPUT" address="7d310" />
  <table name="(P0230) FUEL PUMP PRIMARY CIRCUIT" address="7d301" />
  <table name="(P0245) WASTEGATE SOLENOID A LOW" address="7d2fd" />
  <table name="(P0246) WASTEGATE SOLENOID A HIGH" address="7d2fe" />
  <table name="(P0301) MISFIRE CYLINDER 1" address="7d2db" />
  <table name="(P0302) MISFIRE CYLINDER 2" address="7d2dc" />
  <table name="(P0303) MISFIRE CYLINDER 3" address="7d2dd" />
  <table name="(P0304) MISFIRE CYLINDER 4" address="7d2de" />
  <table name="(P0327) KNOCK SENSOR 1 LOW INPUT" address="7d2a6" />
  <table name="(P0328) KNOCK SENSOR 1 HIGH INPUT" address="7d2a7" />
  <table name="(P0335) CRANKSHAFT POS. SENSOR A MALFUNCTION" address="7d29c" />
  <table name="(P0340) CAMSHAFT POS. SENSOR A MALFUNCTION" address="7d323" />
  <table name="(P0345) CAMSHAFT POS. SENSOR A BANK 2" address="7d322" />
  <table name="(P0365) CAMSHAFT POS. SENSOR B BANK 1" address="7d321" />
  <table name="(P0390) CAMSHAFT POS. SENSOR B BANK 2" address="7d320" />
  <table name="(P0420) CAT EFFICIENCY BELOW THRESHOLD" address="7d2d5" />
  <table name="(P0458) EVAP PURGE VALVE CIRCUIT LOW" address="7d2c9" />
  <table name="(P0459) EVAP PURGE VALVE CIRCUIT HIGH" address="7d2ca" />
  <table name="(P0500) VEHICLE SPEED SENSOR A" address="7d2a3" />
  <table name="(P0512) STARTER REQUEST CIRCUIT" address="7d2b2" />
  <table name="(P0562) SYSTEM VOLTAGE LOW" address="7d2fb" />
  <table name="(P0563) SYSTEM VOLTAGE HIGH" address="7d2fc" />
  <table name="(P0604) CONTROL MODULE RAM ERROR" address="7d2a0" />
  <table name="(P0605) CONTROL MODULE ROM ERROR" address="7d324" />
  <table name="(P0607) CONTROL MODULE PERFORMANCE" address="7d317" />
  <table name="(P0638) THROTTLE ACTUATOR RANGE/PERF" address="7d316" />
  <table name="(P0851) NEUTRAL SWITCH INPUT LOW" address="7d2b6" />
  <table name="(P0852) NEUTRAL SWITCH INPUT HIGH" address="7d2ba" />
  <table name="(P1160) ABNORMAL RETURN SPRING" address="7d311" />
  <table name="(P1518) STARTER SWITCH LOW INPUT" address="7d2b1" />
  <table name="(P1519) IMRC STUCK CLOSED" address="7d363" />
  <table name="(P1520) IMRC CIRCUIT MALFUNCTION" address="7d362" />
  <table name="(P1560) BACK-UP VOLTAGE MALFUNCTION" address="7d2fa" />
  <table name="(P1616) SBDS INTERACTIVE CODES" address="7d361" />
  <table name="(P2004) TGV - INTAKE MANIFOLD RUNNER 1 STUCK OPEN" address="7d339" />
  <table name="(P2005) TGV - INTAKE MANIFOLD RUNNER 2 STUCK OPEN" address="7d33b" />
  <table name="(P2006) TGV - INTAKE MANIFOLD RUNNER 1 STUCK CLOSED" address="7d33a" />
  <table name="(P2007) TGV - INTAKE MANIFOLD RUNNER 2 STUCK CLOSED" address="7d33c" />
  <table name="(P2008) TGV - INTAKE MANIFOLD RUNNER 1 CIRCUIT OPEN" address="7d347" />
  <table name="(P2009) TGV - INTAKE MANIFOLD RUNNER 1 CIRCUIT LOW" address="7d345" />
  <table name="(P2011) TGV - INTAKE MANIFOLD RUNNER 2 CIRCUIT OPEN" address="7d348" />
  <table name="(P2012) TGV - INTAKE MANIFOLD RUNNER 2 CIRCUIT LOW" address="7d346" />
  <table name="(P2016) TGV - INTAKE MANIFOLD RUNNER 1 POS. SENSOR LOW" address="7d341" />
  <table name="(P2017) TGV - INTAKE MANIFOLD RUNNER 1 POS. SENSOR HIGH" address="7d342" />
  <table name="(P2021) TGV - INTAKE MANIFOLD RUNNER 2 POS. SENSOR LOW" address="7d343" />
  <table name="(P2022) TGV - INTAKE MANIFOLD RUNNER 2 POS. SENSOR HIGH" address="7d344" />
  <table name="(P2088) OCV SOLENOID A1 CIRCUIT OPEN" address="7d32c" />
  <table name="(P2089) OCV SOLENOID A1 CIRCUIT SHORT" address="7d32b" />
  <table name="(P2090) OCV SOLENOID B1 CIRCUIT OPEN" address="7d328" />
  <table name="(P2091) OCV SOLENOID B1 CIRCUIT SHORT" address="7d327" />
  <table name="(P2092) OCV SOLENOID A2 CIRCUIT OPEN" address="7d32a" />
  <table name="(P2093) OCV SOLENOID A2 CIRCUIT SHORT" address="7d329" />
  <table name="(P2094) OCV SOLENOID B2 CIRCUIT OPEN" address="7d326" />
  <table name="(P2095) OCV SOLENOID B2 CIRCUIT SHORT" address="7d325" />
  <table name="(P2101) THROTTLE ACTUATOR CIRCUIT RANGE/PERF" address="7d314" />
  <table name="(P2102) THROTTLE ACTUATOR CIRCUIT LOW" address="7d312" />
  <table name="(P2103) THROTTLE ACTUATOR CIRCUIT HIGH" address="7d313" />
  <table name="(P2109) TPS A MINIMUM STOP PERF" address="7d30e" />
  <table name="(P2122) TPS D CIRCUIT LOW INPUT" address="7d31b" />
  <table name="(P2123) TPS D CIRCUIT HIGH INPUT" address="7d31c" />
  <table name="(P2127) TPS E CIRCUIT LOW INPUT" address="7d319" />
  <table name="(P2128) TPS E CIRCUIT HIGH INPUT" address="7d31a" />
  <table name="(P2135) TPS A/B VOLTAGE" address="7d31d" />
  <table name="(P2138) TPS D/E VOLTAGE" address="7d318" />
  <table name="(P2228) BARO. PRESSURE CIRCUIT LOW INPUT" address="7d340" />
  <table name="(P2229) BARO. PRESSURE CIRCUIT HIGH INPUT" address="7d33f" />
  <table name="(P2419) EVAP SWITCHING VALVE LOW" address="7d365" />
  <table name="(P2420) EVAP SWITCHING VALVE HIGH" address="7d366" />
</rom>
