<rom>
  <romid>
    <xmlid>A8DH200X</xmlid>
    <internalidaddress>2000</internalidaddress>
    <internalidstring>A8DH200X</internalidstring>
    <ecuid>4312584006</ecuid>
    <year>06</year>
    <market>USDM</market>
    <make>Subaru</make>
    <model>Impreza</model>
    <submodel>WRX</submodel>
    <transmission>MT</transmission>
    <memmodel>SH7058</memmodel>
    <flashmethod>sti05</flashmethod>
    <checksummodule>subarudbw</checksummodule>
  </romid>
  <include>32BITBASE</include>
  
  	<!-- Ignition Dwell Table -->
	
	<table name="Ignition Dwell" address="CF4AC">
		<table name="X" address="CF458"/>
		<table name="Y" address="CF498"/>
	</table>
	
  	<!-- Alpha Fuel pump duty tables -->
	
	<table name="Fuel Pump Duty" address="3D4E4"/>
	
	<table name="Fuel Pump Duty High Injector Duty Cycle" address="CCBA8">
		<table name="X" address="CCB90"/>
		<table name="Y" address="CCBA0"/>
	</table>

	<table name="Fuel Pump Duty Medium Injector Duty Cycle" address="CCBC8">
		<table name="X" address="CCBB8"/>
		<table name="Y" address="CCBC0"/>
	</table>
  
  <!-- A/F #1 Learning Min/Max Thresholds -->
	
	<table name="A/F #1 Learning Max Threshold" address="C8584"/>
	<table name="A/F #1 Learning Min Threshold" address="C8574"/>
  		
	<!-- AF 3 CL Target Compensation Limits -->
	
	<table name="AF 3 CL Target Compensation Limits" address="2E020">
		<table name="X">
			<data>Low</data>
			<data>High</data>
		</table>
	</table>
    
  <!-- AF 3 Correction Limits -->
  
	<table name="AF 3 Correction Limits" address="2FF5C"/>
	
  
	<!-- Transient Fueling Tables -->
    <table name="Tau Input A Falling Load Activation" address="C9122">
      <table name="X" address="C8974"/>
   </table>

   <table name="Tau Input B Activation (Engine Load)" address="C9244" >
      <table name="X" address="C9218"/>
   </table>

   <table name="Tau Input A Rising Load Activation" address="CAAE4">
      <table name="X" address="C8974"/>
      <table name="Y" address="CAAD8"/>
   </table>
	
	<!-- alpha AF sensor smoothing scaling and table -->
	<table name="Front AF Sensor Smoothing Table" address="CF56C">
		<table name="X" address="CF54C"/>
		<table name="Y" address="CF55C"/>
   </table>
 
	<!-- OverRun Fueling Scalings & Tables -->
	<table name="Overrun Fueling RPM Resume Threshold" address="C97F0">
		<table name="X" address="C8974"/>
	</table>
		
	<table name="Overrun Enrich RPM Delta Activation" address="C8744"/>

	<table name="Overrun initial injector enrichment (pulsewidth)" address="C8748"/>
	
	<table name="Overrun Fueling Cut Counter RPM Threshold" address="C8790"/>
   
	<!--Alpha hot start tables: -->
  	<table name="Hotstart Enrichment Decay Delay" address="C81E2"/>
	
	<table name="Hotstart Enrichment Decay Step" address="C8664"/>
	
	<table name="Initial Hotstart Enrichment (High)" address="C8658"/>
	
	<table name="Hotstart High Enrichment Activation Threshold (Coolant Temperature)" address="C8648"/>
	
	<table name="Hotstart High Enrichment Activation Threshold (Intake Air Temperature)"  address="C8650"/>

	<table name="Initial Hotstart Enrichment (Low)" address="C865C"/>

	<table name="Hotstart Low Enrichment Activation Threshold (Coolant Temperature)" address="C864C"/>

	<table name="Hotstart Low Enrichment Activation Threshold (Minimum Intake Air Temperature)" address="C8654"/>

	<table name="Maximum Non-Idle Hotstart Enrichment (Post Delay)" address="C8668"/>
	
	<table name="Hotstart Maximum Non-Idle Enrichment Delay" address="C81E6"/>
	
	<table name="Hotstart Minimum Enrichment Limit Runtime" address="C81E4"/>

	<table name="Hotstart Minimum Enrichment (During Delay and Runtime)" address="C8660"/>
	
  <table name="Target Boost" address="c0c34">
    <table name="X" address="c0be8" />
    <table name="Y" address="c0c08" elements="11" />
  </table>
  <table name="Target Boost Compensation (ECT)" address="c07e4">
    <table name="Y" address="c063c" />
  </table>
  <table name="Target Boost Compensation (1st Gear)" address="c0634" />
  <table name="Target Boost Compensation (1st Gear) Speed Disable" address="c0630" />
  <table name="Target Boost Compensation (Atm. Pressure) Multiplier" address="c08ec">
    <table name="Y" address="c08dc" />
  </table>
  <table name="Target Boost Compensation (Atm. Pressure) Multiplier Offset" address="c0818">
    <table name="Y" address="c0808" />
  </table>
  <table name="Boost Limit (Fuel Cut)" address="c9828">
    <table name="Y" address="c9810" />
  </table>
  <table name="Boost Control Disable (IAM)" address="c0624" />
  <table name="Boost Control Disable (Fine Correction)" address="c0620" />
  <table name="Boost Control Disable Delay (Fine Correction)" address="c05c1" />
  <table name="Initial Wastegate Duty" address="c0a48">
    <table name="X" address="c0a08" />
    <table name="Y" address="c0a28" elements="8" />
  </table>
  <table name="Max Wastegate Duty" address="c0b20">
    <table name="X" address="c0ae0" />
    <table name="Y" address="c0b00" />
  </table>
  <table name="Max Wastegate Duty Limit Post-Compensation" address="17ddc" />
  <table name="Initial/Max Wastegate Duty Compensation (IAT)" address="c0704">
    <table name="Y" address="c06c4" />
  </table>
  <table name="Initial/Max Wastegate Duty Compensation (ECT)" address="c07c4">
    <table name="Y" address="c063c" />
  </table>
  <table name="Initial/Max Wastegate Duty Compensation (Atm. Pressure)" address="c09a8">
    <table name="X" address="c0980" />
    <table name="Y" address="c0998" />
  </table>
  <table name="Turbo Dynamics Proportional" address="c0840">
    <table name="Y" address="c081c" />
  </table>
  <table name="Turbo Dynamics Integral Positive" address="c08b0">
    <table name="Y" address="c088c" />
  </table>
  <table name="Turbo Dynamics Integral Negative" address="c0878">
    <table name="Y" address="c0854" />
  </table>
  <table name="TD Proportional Compensation (IAT)" address="c068c">
    <table name="Y" address="c067c" />
  </table>
  <table name="TD Integral Positive Compensation (IAT)" address="c06b4">
    <table name="Y" address="c06a4" />
  </table>
  <table name="TD Integral Negative Compensation (IAT)" address="c06a0">
    <table name="Y" address="c0690" />
  </table>
  <table name="TD Activation Thresholds (RPM)" address="c05f8" />
  <table name="TD Activation Thresholds (Target Boost)" address="c05d4" />
  <table name="TD Integral Cumulative Range (WGDC Correction)" address="c0600" />
  <table name="TD Integral Negative Activation (Boost Error)" address="c05e0" />
  <table name="TD Integral Positive Activation (Boost Error)" address="c05e8" />
  <table name="TD Integral Positive Activation (Wastegate Duty)" address="c05ec" />
  <table name="Manifold Pressure Sensor Scaling" address="c028c" />
  <table name="Manifold Pressure Sensor Limits (CEL)" address="ce922" />
  <table name="Manifold Pressure Sensor CEL Delays" address="c338c" />
  <table name="Primary Open Loop Fueling" address="ca194">
    <table name="X" address="ca110" />
    <table name="Y" address="ca14c" />
  </table>
  <table name="Primary Open Loop Fueling (Failsafe)" address="ca33c">
    <table name="X" address="ca2b8" />
    <table name="Y" address="ca2f4" />
  </table>
  <table name="Primary Open Loop Fuel Map Switch (IAM)" address="c8594" />
  <table name="Minimum Active Primary Open Loop Enrichment" address="c8598" />
  <table name="Minimum Primary Open Loop Enrichment (Throttle)" address="c8d04">
    <table name="Y" address="c8cec" />
  </table>
  <table name="Primary Open Loop Fueling Compensation (ECT)" address="c9674">
    <table name="Y" address="c8974" />
  </table>
  <table name="Primary Open Loop Fueling Compensation (Timing Compensation)" address="c8c94">
    <table name="Y" address="c8c7c" />
  </table>
  <table name="Front Oxygen Sensor Scaling" address="cee54">
    <table name="Y" address="cee20" />
  </table>
  <table name="Front Oxygen Sensor Rich Limit" address="23a6c" />
  <table name="Front Oxygen Sensor Compensation (Atm. Pressure)" address="c28a0">
    <table name="Y" address="c2890" />
  </table>
  <table name="CL Fueling Target Compensation (Load)" address="cad18">
    <table name="X" address="cacc4" elements="11" />
    <table name="Y" address="cacf0" />
  </table>
  <table name="CL Fueling Target Compensation A (ECT)" address="cab98">
    <table name="X" address="c8974" />
    <table name="Y" address="cab8c" />
  </table>
  <table name="CL Fueling Target Compensation B (ECT)" address="cac4c">
    <table name="X" address="c8974" />
    <table name="Y" address="cac40" />
  </table>
  <table name="CL to OL Delay" address="c81dc">
    <table name="Y" elements="3" />
  </table>
  <table name="CL to OL Transition with Delay (Throttle)" address="c8cdc">
    <table name="Y" address="c8c9c" />
  </table>
  <table name="CL to OL Transition with Delay Throttle Hysteresis" address="c859c" />
  <table name="CL to OL Transition with Delay (Base Pulse Width)" address="c95a0">
    <table name="Y" address="c9560" />
  </table>
  <table name="CL to OL Transition with Delay BPW Hysteresis" address="c85a0" />
  <table name="CL to OL Transition Counter Step Value (MAF)" address="c95e8">
    <table name="Y" address="c95c0" />
  </table>
  <table name="CL Delay Maximum (Throttle)" address="c8618" />
  <table name="CL Delay Maximum (Vehicle Speed)" address="c861c" />
  <table name="CL Delay Minimum (ECT)" address="c85a4" />
  <table name="CL Delay Maximum (Engine Load)" address="c862c" />
  <table name="CL Delay Engine Load Counter Threshold" address="c81da" />
  <table name="CL Delay Maximum Engine Speed (Per Gear)" address="c85a8" />
  <table name="CL Delay Maximum Engine Speed (Neutral)" address="c85f8" />
  <table name="Injector Latency" address="c9ba0">
    <table name="Y" address="c9b8c" />
  </table>
  <table name="Injector Flow Scaling" address="c82e8" />
  <table name="Per Injector Pulse Width Compensation A" address="ca4cc">
    <table name="X" address="ca44c" />
    <table name="Y" address="ca490" elements="15" />
  </table>
  <table name="Per Injector Pulse Width Compensation B" address="ca64c">
    <table name="X" address="ca5cc" />
    <table name="Y" address="ca610" elements="15" />
  </table>
  <table name="Per Injector Pulse Width Compensation C" address="ca7cc">
    <table name="X" address="ca74c" />
    <table name="Y" address="ca790" elements="15" />
  </table>
  <table name="Per Injector Pulse Width Compensation D" address="ca94c">
    <table name="X" address="ca8cc" />
    <table name="Y" address="ca910" elements="15" />
  </table>
  <table name="Cranking Fuel Injector Pulse Width A (ECT)" address="c8f22">
    <table name="Y" address="c8974" />
  </table>
  <table name="Cranking Fuel Injector Pulse Width B (ECT)" address="c8f42">
    <table name="Y" address="c8974" />
  </table>
  <table name="Cranking Fuel Injector Pulse Width C (ECT)" address="c8f62">
    <table name="Y" address="c8974" />
  </table>
  <table name="Cranking Fuel Injector Pulse Width D (ECT)" address="c8f82">
    <table name="Y" address="c8974" />
  </table>
  <table name="Cranking Fuel Injector Pulse Width E (ECT)" address="c8fa2">
    <table name="Y" address="c8974" />
  </table>
  <table name="Cranking Fuel Injector Pulse Width F (ECT)" address="c8fc2">
    <table name="Y" address="c8974" />
  </table>
  <table name="Cranking Fuel IPW Compensation A (RPM)" address="c9e6c">
    <table name="X" address="c9e3c" />
    <table name="Y" address="c9e50" />
  </table>
  <table name="Cranking Fuel IPW Compensation B (RPM)" address="c9ed4">
    <table name="X" address="c9ea4" />
    <table name="Y" address="c9eb8" />
  </table>
  <table name="Cranking Fuel IPW Compensation (Accelerator)" address="c8a70">
    <table name="Y" address="c8a58" />
  </table>
  <table name="Throttle Tip-in Enrichment" address="c977c">
    <table name="Y" address="c9734" />
  </table>
  <table name="Minimum Tip-in Enrichment Activation" address="c8754" />
  <table name="Minimum Tip-in Enrichment Activation (Throttle)" address="c874c" />
  <table name="Tip-in Enrichment Compensation (Boost Error)" address="c8d88">
    <table name="Y" address="c8d64" />
  </table>
  <table name="Tip-in Enrichment Compensation (ECT)" address="c97a0">
    <table name="Y" address="c8974" />
  </table>
  <table name="Tip-in Enrichment Disable Applied Counter Threshold" address="c81a1" />
  <table name="Tip-in Enrichment Applied Counter Reset" address="c81a2" />
  <table name="Tip-in Enrichment Disable Throttle Cumulative Threshold" address="c8750" />
  <table name="Tip-in Throttle Cumulative Reset" address="c81a3" />
  <table name="Min Primary Base Enrichment 1 A" address="c9f88">
    <table name="X" address="c8974" />
    <table name="Y" address="c9f68" />
  </table>
  <table name="Min Primary Base Enrichment 1 B" address="ca028">
    <table name="X" address="c8974" />
    <table name="Y" address="ca008" />
  </table>
  <table name="Min Primary Base Enrichment 1 (Non-Primary OL)" address="ca0dc">
    <table name="X" address="ca0a8" />
    <table name="Y" address="ca0d0" />
  </table>
  <table name="Min Primary Base Enrich 2 Initial Start 1A" address="c9062">
    <table name="Y" address="c8974" />
  </table>
  <table name="Min Primary Base Enrich 2 Initial Start 1B" address="c90a2">
    <table name="Y" address="c8974" />
  </table>
  <table name="Min Primary Base Enrich 2 Initial Start 2A" address="c9082">
    <table name="Y" address="c8974" />
  </table>
  <table name="Min Primary Base Enrich 2 Initial Start 2B" address="c90c2">
    <table name="Y" address="c8974" />
  </table>
  <table name="Min Primary Base Enrich 2 Decay Step 1" address="c90e2">
    <table name="Y" address="c8974" />
  </table>
  <table name="Min Primary Base Enrich 2 Decay Step 2" address="c9102">
    <table name="Y" address="c8974" />
  </table>
  <table name="Min Primary Base Enrich 3 Initial Start 1A" address="c8fe2">
    <table name="Y" address="c8974" />
  </table>
  <table name="Min Primary Base Enrich 3 Initial Start 1B" address="c9002">
    <table name="Y" address="c8974" />
  </table>
  <table name="Min Primary Base Enrich 3 Initial Start 2A" address="c9022">
    <table name="Y" address="c8974" />
  </table>
  <table name="Min Primary Base Enrich 3 Initial Start 2B" address="c9042">
    <table name="Y" address="c8974" />
  </table>
  <table name="Min Primary Base Enrich 3 Decay Delay A" address="c8a86">
    <table name="Y" address="c8974" />
  </table>
  <table name="Min Primary Base Enrich 3 Decay Delay B" address="c8a96">
    <table name="Y" address="c8974" />
  </table>
  <table name="Min Primary Base Enrich 3 Decay Multiplier" address="c82ec" />
  <table name="A/F Learning #1 Limits" address="c8568" />
  <table name="A/F Learning #1 Airflow Ranges" address="c8578" />
  <table name="MAF Limit (Maximum)" address="c2398" />
  <table name="MAF Sensor Scaling" address="ced60">
    <table name="Y" address="ceca0" elements="48" />
  </table>
  <table name="MAF Compensation (IAT)" address="c2d18">
    <table name="X" address="c2ce4" />
    <table name="Y" address="c2cf8" />
  </table>
  <table name="Engine Load Limit (Maximum)" address="21ac4" />
  <table name="Engine Load Compensation (MP)" address="c2da8">
    <table name="X" address="c2d40" />
    <table name="Y" address="c2d6c" />
  </table>
  <table name="Base Timing" address="cc410">
    <table name="X" address="cc38c" />
    <table name="Y" address="cc3c8" />
  </table>
  <table name="Base Timing Idle A (In-Gear)" address="cbb4d">
    <table name="Y" address="cba0c" />
  </table>
  <table name="Base Timing Idle B (In-Gear)" address="cbb5d">
    <table name="Y" address="cba0c" />
  </table>
  <table name="Base Timing Idle A (Neutral)" address="cbb6d">
    <table name="Y" address="cba0c" />
  </table>
  <table name="Base Timing Idle B (Neutral)" address="cbb7d">
    <table name="Y" address="cba0c" />
  </table>
  <table name="Base Timing Idle Minimum" address="cbb44">
    <table name="Y" address="cbb20" />
  </table>
  <table name="Base Timing Idle Minimum Vehicle Speed Enable" address="cb70c" />
  <table name="Base Timing Alternate (ECT)" address="cba8c">
    <table name="Y" address="cba0c" />
  </table>
  <table name="Knock Correction Advance Max" address="cc9e0">
    <table name="X" address="cc95c" elements="15" />
    <table name="Y" address="cc998" />
  </table>
  <table name="Timing Compensation A (IAT)" address="cbc00">
    <table name="Y" address="cbbc0" />
  </table>
  <table name="Timing Compensation A (IAT) Activation" address="cc560">
    <table name="X" address="cc520" />
    <table name="Y" address="cc540" />
  </table>
  <table name="Timing Compensation B (IAT)" address="cc058">
    <table name="Y" address="cc018" />
  </table>
  <table name="Timing Compensation B (IAT) IAM Activation" address="cba08" />
  <table name="Timing Compensation B (IAT) Max Additive" address="cb9ec" />
  <table name="Timing Compensation (ECT)" address="cbbad">
    <table name="Y" address="cba0c" />
  </table>
  <table name="Timing Compensation (MRP)" address="ccb24">
    <table name="X" address="ccb04" />
    <table name="Y" address="ccb18" />
  </table>
  <table name="Timing Compensation Per Cylinder A" address="cc770">
    <table name="X" address="cc728" />
    <table name="Y" address="cc760" />
  </table>
  <table name="Timing Compensation Per Cylinder B" address="cc7f0">
    <table name="X" address="cc7a8" />
    <table name="Y" address="cc7e0" />
  </table>
  <table name="Timing Compensation Per Cylinder C" address="cc870">
    <table name="X" address="cc828" />
    <table name="Y" address="cc860" />
  </table>
  <table name="Timing Compensation Per Cylinder D" address="cc8f0">
    <table name="X" address="cc8a8" />
    <table name="Y" address="cc8e0" />
  </table>
  <table name="Timing Comp Minimum Load (Per Cylinder)" address="cb864" />
  <table name="Timing Comp Maximum RPM (Per Cylinder)" address="cb860" />
  <table name="Timing Comp Minimum Coolant Temp (Per Cylinder)" address="cb868" />
  <table name="Feedback Correction Range (RPM)" address="cb874" />
  <table name="Feedback Correction Minimum Load" address="cb86c" />
  <table name="Feedback Correction Retard Value" address="cb890" />
  <table name="Feedback Correction Retard Limit" address="cb88c" />
  <table name="Feedback Correction Negative Advance Value" address="cb898" />
  <table name="Feedback Correction Negative Advance Delay" address="cb636" />
  <table name="Extended Feedback Correction High RPM Compensation" address="cb8a0" />
  <table name="Fine Correction Minimum (RPM)" address="cb8ac" />
  <table name="Fine Correction Maximum (RPM)" address="cb9cc" />
  <table name="Fine Correction Range (Load)" address="cb9d4" />
  <table name="Fine Correction Rows (RPM)" address="cb99c" />
  <table name="Fine Correction Columns (Load)" address="cb98c" />
  <table name="Fine Correction Retard Value" address="cb9c8" />
  <table name="Fine Correction Retard Limit" address="cb9c4" />
  <table name="Fine Correction Advance Value" address="cb9c0" />
  <table name="Fine Correction Advance Limit" address="cb9bc" />
  <table name="Fine Correction Advance Delay" address="cb644" />
  <table name="Rough Correction Range (RPM)" address="cb93c" />
  <table name="Rough Correction Range (Load)" address="cb94c" />
  <table name="Rough Correction Minimum KC Advance Map Value" address="cb95c" />
  <table name="Rough Correction Learning Delay (Increasing)" address="cc00c">
    <table name="Y" address="cbfe4" />
  </table>
  <table name="Advance Multiplier (Initial)" address="cb960" />
  <table name="Advance Multiplier Step Value" address="cb964" />
  <table name="Intake Cam Advance Angle (AVCS)" address="d080c">
    <table name="X" address="d0790" elements="15" />
    <table name="Y" address="d07cc" elements="16" />
  </table>
  <table name="Requested Torque (Accelerator Pedal)" address="dc234">
    <table name="X" address="dc1b4" />
    <table name="Y" address="dc1f0" />
  </table>
  <table name="Target Throttle Plate Position A (Requested Torque)" address="dbcf0">
    <table name="X" address="dbc6c" />
    <table name="Y" address="dbcb0" />
  </table>
  <table name="Target Throttle Plate Position B (Requested Torque)" address="dbf94">
    <table name="X" address="dbf10" />
    <table name="Y" address="dbf54" />
  </table>
  <table name="Rev Limit (Fuel Cut)" address="c879c" />
  <table name="Rev Limit Fuel Resume (Boost)" address="c87a4" />
  <table name="Speed Limiting Enable (Fuel Cut)" address="c87ec" />
  <table name="Speed Limiting Disable (Fuel Cut)" address="c87f8" />
  <table name="Speed Limiting (Throttle)" address="db83c" />
  <table name="Fuel Temp Sensor Scaling" address="cec28">
    <table name="Y" address="cebb0" />
  </table>
  <table name="Intake Temp Sensor Scaling" address="96bc4">
    <table name="Y" address="96b4c" />
  </table>
  <table name="Coolant Temp Sensor Scaling" address="96adc">
    <table name="Y" address="96a6c" />
  </table>
  <table name="Atmospheric Pressure Sensor Scaling" address="c0250" />
  <table name="Radiator Fan Modes A (ECT)" address="cf5dc" />
  <table name="Radiator Fan Modes B (ECT)" address="cf5ec" />
  <table name="Radiator Fan Modes (Veh. Speed)" address="cf5fc" />
  <table name="Gear Determination Thresholds" address="c25d8" />
  <table name="Idle Speed Target A" address="cd504">
    <table name="Y" address="cd128" />
  </table>
  <table name="Idle Speed Target B" address="cd544">
    <table name="Y" address="cd128" />
  </table>
  <table name="Idle Speed Target C" address="cd584">
    <table name="Y" address="cd128" />
  </table>
  <table name="Force Pass Readiness Monitors" address="88b2a" />
  <table name="(P0000) PASS CODE (NO DTC DETECTED)" address="8561b" />
  <table name="(P0000) PASS CODE (NO DTC DETECTED)_" address="8561c" />
  <table name="(P0011) CAMSHAFT POS. - TIMING OVER-ADVANCED 1" address="85601" />
  <table name="(P0016) CRANKSHAFT/CAMSHAFT CORRELATION 1A" address="85680" />
  <table name="(P0018) CRANKSHAFT/CAMSHAFT CORRELATION 2A" address="8567f" />
  <table name="(P0021) CAMSHAFT POS. - TIMING OVER-ADVANCED 2" address="85602" />
  <table name="(P0030) FRONT O2 SENSOR RANGE/PERF" address="85640" />
  <table name="(P0031) FRONT O2 SENSOR LOW INPUT" address="85627" />
  <table name="(P0032) FRONT O2 SENSOR HIGH INPUT" address="85625" />
  <table name="(P0037) REAR O2 SENSOR LOW INPUT" address="85626" />
  <table name="(P0038) REAR O2 SENSOR HIGH INPUT" address="85624" />
  <table name="(P0068) MAP SENSOR RANGE/PERF" address="8563c" />
  <table name="(P0101) MAF SENSOR RANGE/PERF" address="8563e" />
  <table name="(P0102) MAF SENSOR LOW INPUT" address="855dd" />
  <table name="(P0103) MAF SENSOR HIGH INPUT" address="855de" />
  <table name="(P0107) MAP SENSOR LOW INPUT" address="85628" />
  <table name="(P0108) MAP SENSOR HIGH INPUT" address="85629" />
  <table name="(P0111) IAT SENSOR RANGE/PERF" address="85623" />
  <table name="(P0112) IAT SENSOR LOW INPUT" address="85621" />
  <table name="(P0113) IAT SENSOR HIGH INPUT" address="85622" />
  <table name="(P0117) COOLANT TEMP SENSOR LOW INPUT" address="855e5" />
  <table name="(P0118) COOLANT TEMP SENSOR HIGH INPUT" address="855e6" />
  <table name="(P0122) TPS A LOW INPUT" address="855e2" />
  <table name="(P0123) TPS A HIGH INPUT" address="855e3" />
  <table name="(P0125) INSUFFICIENT COOLANT TEMP (FUELING)" address="855e8" />
  <table name="(P0126) INSUFFICIENT COOLANT TEMP (OPERATION)" address="85669" />
  <table name="(P0128) THERMOSTAT MALFUNCTION" address="8562a" />
  <table name="(P0131) FRONT O2 SENSOR LOW INPUT" address="8561e" />
  <table name="(P0132) FRONT O2 SENSOR HIGH INPUT" address="8561f" />
  <table name="(P0133) FRONT O2 SENSOR SLOW RESPONSE" address="8560c" />
  <table name="(P0134) FRONT O2 SENSOR NO ACTIVITY" address="8563f" />
  <table name="(P0137) REAR O2 SENSOR LOW VOLTAGE" address="8561d" />
  <table name="(P0138) REAR O2 SENSOR HIGH VOLTAGE" address="85620" />
  <table name="(P0139) REAR O2 SENSOR SLOW RESPONSE" address="8560d" />
  <table name="(P0140) REAR O2 SENSOR NO ACTIVITY" address="8567c" />
  <table name="(P0171) SYSTEM TOO LEAN" address="85613" />
  <table name="(P0172) SYSTEM TOO RICH" address="85614" />
  <table name="(P0181) FUEL TEMP SENSOR A RANGE/PERF" address="855f5" />
  <table name="(P0182) FUEL TEMP SENSOR A LOW INPUT" address="855f3" />
  <table name="(P0183) FUEL TEMP SENSOR A HIGH INPUT" address="855f4" />
  <table name="(P0222) TPS B LOW INPUT" address="85643" />
  <table name="(P0223) TPS B HIGH INPUT" address="85644" />
  <table name="(P0230) FUEL PUMP PRIMARY CIRCUIT" address="8563b" />
  <table name="(P0244) WASTEGATE SOLENOID A RANGE/PERF" address="85631" />
  <table name="(P0245) WASTEGATE SOLENOID A LOW" address="8562f" />
  <table name="(P0246) WASTEGATE SOLENOID A HIGH" address="85630" />
  <table name="(P0301) MISFIRE CYLINDER 1" address="85615" />
  <table name="(P0302) MISFIRE CYLINDER 2" address="85616" />
  <table name="(P0303) MISFIRE CYLINDER 3" address="85617" />
  <table name="(P0304) MISFIRE CYLINDER 4" address="85618" />
  <table name="(P0327) KNOCK SENSOR 1 LOW INPUT" address="855e0" />
  <table name="(P0328) KNOCK SENSOR 1 HIGH INPUT" address="855e1" />
  <table name="(P0335) CRANKSHAFT POS. SENSOR A MALFUNCTION" address="855d8" />
  <table name="(P0336) CRANKSHAFT POS. SENSOR A RANGE/PERF" address="855d9" />
  <table name="(P0340) CAMSHAFT POS. SENSOR A MALFUNCTION_" address="85657" />
  <table name="(P0345) CAMSHAFT POS. SENSOR A BANK 2" address="85656" />
  <table name="(P0410) SECONDARY AIR PUMP SYSTEM" address="85676" />
  <table name="(P0411) SECONDARY AIR PUMP INCORRECT FLOW" address="85675" />
  <table name="(P0413) SECONDARY AIR PUMP A OPEN" address="8567a" />
  <table name="(P0414) SECONDARY AIR PUMP A SHORTED" address="8567d" />
  <table name="(P0416) SECONDARY AIR PUMP B OPEN" address="85687" />
  <table name="(P0417) SECONDARY AIR PUMP B SHORTED" address="85686" />
  <table name="(P0418) SECONDARY AIR PUMP RELAY A" address="8567b" />
  <table name="(P0420) CAT EFFICIENCY BELOW THRESHOLD" address="85610" />
  <table name="(P0442) EVAP LEAK DETECTED (SMALL)" address="85611" />
  <table name="(P0447) EVAP VENT CONTROL CIRCUIT OPEN" address="8560a" />
  <table name="(P0448) EVAP VENT CONTROL CIRCUIT SHORTED" address="8560b" />
  <table name="(P0451) EVAP PRESSURE SENSOR RANGE/PERF" address="855f1" />
  <table name="(P0452) EVAP PRESSURE SENSOR LOW INPUT" address="855ef" />
  <table name="(P0453) EVAP PRESSURE SENSOR HIGH INPUT" address="855f0" />
  <table name="(P0456) EVAP LEAK DETECTED (VERY SMALL)" address="85612" />
  <table name="(P0457) EVAP LEAK DETECTED (FUEL CAP)" address="8561a" />
  <table name="(P0458) EVAP PURGE VALVE CIRCUIT LOW" address="85605" />
  <table name="(P0459) EVAP PURGE VALVE CIRCUIT HIGH" address="85606" />
  <table name="(P0461) FUEL LEVEL SENSOR RANGE/PERF" address="855eb" />
  <table name="(P0462) FUEL LEVEL SENSOR LOW INPUT" address="855e9" />
  <table name="(P0463) FUEL LEVEL SENSOR HIGH INPUT" address="855ea" />
  <table name="(P0464) FUEL LEVEL SENSOR INTERMITTENT" address="855e7" />
  <table name="(P0483) RADIATOR FAN RATIONALITY CHECK" address="855fd" />
  <table name="(P0502) VEHICLE SPEED SENSOR LOW INPUT" address="8563a" />
  <table name="(P0503) VEHICLE SPEED SENSOR INTERMITTENT" address="85641" />
  <table name="(P0506) IDLE CONTROL RPM LOWER THAN EXPECTED" address="855f9" />
  <table name="(P0507) IDLE CONTROL RPM HIGH THAN EXPECTED" address="855fa" />
  <table name="(P0512) STARTER REQUEST CIRCUIT" address="855ee" />
  <table name="(P0519) IDLE CONTROL MALFUNCTION (FAIL-SAFE)" address="8563d" />
  <table name="(P0600) SERIAL COMMUNICATION LINK" address="85653" />
  <table name="(P0604) CONTROL MODULE RAM ERROR" address="855dc" />
  <table name="(P0605) CONTROL MODULE ROM ERROR" address="85658" />
  <table name="(P0607) CONTROL MODULE PERFORMANCE" address="8564b" />
  <table name="(P0638) THROTTLE ACTUATOR RANGE/PERF" address="8564a" />
  <table name="(P0691) RADIATOR FAN CIRCUIT LOW" address="855fb" />
  <table name="(P0692) RADIATOR FAN CIRCUIT HIGH" address="855fc" />
  <table name="(P0700) TRANSMISSION CONTROL SYSTEM" address="85661" />
  <table name="(P0851) NEUTRAL SWITCH INPUT LOW" address="855f2" />
  <table name="(P0852) NEUTRAL SWITCH INPUT HIGH" address="855f6" />
  <table name="(P1152) FRONT O2 SENSOR RANGE/PERF LOW B1 S1" address="8560e" />
  <table name="(P1153) FRONT O2 SENSOR RANGE/PERF HIGH B1 S1" address="8560f" />
  <table name="(P1160) ABNORMAL RETURN SPRING" address="85645" />
  <table name="(P1400) FUEL TANK PRESSURE SOL. LOW" address="85603" />
  <table name="(P1410) SECONDARY AIR PUMP VALVE STUCK OPEN" address="85681" />
  <table name="(P1418) SECONDARY AIR PUMP CIRCUIT SHORTED" address="8567e" />
  <table name="(P1420) FUEL TANK PRESSURE SOL. HIGH INPUT" address="85604" />
  <table name="(P1443) VENT CONTROL SOLENOID FUNCTION PROBLEM" address="85609" />
  <table name="(P1491) PCV (BLOWBY) FUNCTION PROBLEM" address="8562b" />
  <table name="(P1518) STARTER SWITCH LOW INPUT" address="855ed" />
  <table name="(P1560) BACK-UP VOLTAGE MALFUNCTION" address="8562c" />
  <table name="(P2004) TGV - INTAKE MANIFOLD RUNNER 1 STUCK OPEN" address="85664" />
  <table name="(P2005) TGV - INTAKE MANIFOLD RUNNER 2 STUCK OPEN" address="85666" />
  <table name="(P2006) TGV - INTAKE MANIFOLD RUNNER 1 STUCK CLOSED" address="85665" />
  <table name="(P2007) TGV - INTAKE MANIFOLD RUNNER 2 STUCK CLOSED" address="85667" />
  <table name="(P2008) TGV - INTAKE MANIFOLD RUNNER 1 CIRCUIT OPEN" address="85672" />
  <table name="(P2009) TGV - INTAKE MANIFOLD RUNNER 1 CIRCUIT LOW" address="85670" />
  <table name="(P2011) TGV - INTAKE MANIFOLD RUNNER 2 CIRCUIT OPEN" address="85673" />
  <table name="(P2012) TGV - INTAKE MANIFOLD RUNNER 2 CIRCUIT LOW" address="85671" />
  <table name="(P2016) TGV - INTAKE MANIFOLD RUNNER 1 POS. SENSOR LOW" address="8566c" />
  <table name="(P2017) TGV - INTAKE MANIFOLD RUNNER 1 POS. SENSOR HIGH" address="8566d" />
  <table name="(P2021) TGV - INTAKE MANIFOLD RUNNER 2 POS. SENSOR LOW" address="8566e" />
  <table name="(P2022) TGV - INTAKE MANIFOLD RUNNER 2 POS. SENSOR HIGH" address="8566f" />
  <table name="(P2088) OCV SOLENOID A1 CIRCUIT OPEN" address="85660" />
  <table name="(P2089) OCV SOLENOID A1 CIRCUIT SHORT" address="8565f" />
  <table name="(P2092) OCV SOLENOID A2 CIRCUIT OPEN" address="8565e" />
  <table name="(P2093) OCV SOLENOID A2 CIRCUIT SHORT" address="8565d" />
  <table name="(P2096) POST CATALYST TOO LEAN B1" address="85649" />
  <table name="(P2097) POST CATALYST TOO RICH B1" address="85652" />
  <table name="(P2101) THROTTLE ACTUATOR CIRCUIT RANGE/PERF" address="85648" />
  <table name="(P2102) THROTTLE ACTUATOR CIRCUIT LOW" address="85646" />
  <table name="(P2103) THROTTLE ACTUATOR CIRCUIT HIGH" address="85647" />
  <table name="(P2109) TPS A MINIMUM STOP PERF" address="85642" />
  <table name="(P2122) TPS D CIRCUIT LOW INPUT" address="8564f" />
  <table name="(P2123) TPS D CIRCUIT HIGH INPUT" address="85650" />
  <table name="(P2127) TPS E CIRCUIT LOW INPUT" address="8564d" />
  <table name="(P2128) TPS E CIRCUIT HIGH INPUT" address="8564e" />
  <table name="(P2135) TPS A/B VOLTAGE" address="85651" />
  <table name="(P2138) TPS D/E VOLTAGE" address="8564c" />
  <table name="(P2227) BARO. PRESSURE CIRCUIT RANGE/PERF" address="85668" />
  <table name="(P2228) BARO. PRESSURE CIRCUIT LOW INPUT" address="8566b" />
  <table name="(P2229) BARO. PRESSURE CIRCUIT HIGH INPUT" address="8566a" />
  <table name="(P2431) SECONDARY AIR PUMP CIRCUIT RANGE/PERF" address="85677" />
  <table name="(P2432) SECONDARY AIR PUMP CIRCUIT LOW" address="85679" />
  <table name="(P2433) SECONDARY AIR PUMP CIRCUIT HIGH" address="85678" />
  <table name="(P2440) SECONDARY AIR PUMP VALVE 1 STUCK OPEN" address="85685" />
  <table name="(P2441) SECONDARY AIR PUMP VALVE 1 STUCK CLOSED" address="85684" />
  <table name="(P2442) SECONDARY AIR PUMP VALVE 2 STUCK OPEN" address="85683" />
  <table name="(P2443) SECONDARY AIR PUMP 2 STUCK CLOSED" address="85682" />
  <table name="(P2444) SECONDARY AIR PUMP 1 STUCK ON B1" address="85674" />
</rom>