<rom>
	<romid>
		<xmlid>AE5K611L</xmlid>
		<internalidaddress>2004</internalidaddress>
		<internalidstring>AE5K611L</internalidstring>
		<ecuid>8112587007</ecuid>
		<make>Subaru</make>
		<market>USDM</market>
		<model>Impreza</model>
		<submodel>WRX</submodel>
		<transmission>MT</transmission>
		<year>2012</year>
		<flashmethod>subarucan</flashmethod>
		<memmodel>SH7058</memmodel>
		<checksummodule>subarudbw</checksummodule>
	</romid>

	<include>32BITBASE</include>

	<table name="Target Boost_" address="c1340">
		<table name="Requested Torque" address="c12d8"/>
		<table name="Engine Speed" address="c1304"/>
	</table>

	<table name="Target Boost Compensation (ECT)" address="c0cf4">
		<table name="Coolant Temperature" address="c0c14"/>
	</table>

	<table name="Target Boost Compensation (1st Gear)" address="c0c0c">
	</table>

	<table name="Target Boost Compensation (1st Gear) Speed Disable" address="c0c08">
	</table>

	<table name="Target Boost Compensation (IAT)_" address="c0e3c">
		<table name="Intake Temperature" address="c0e24"/>
	</table>

	<table name="Target Boost Compensation (Atm. Pressure)_" address="c0ec4">
		<table name="Atmospheric Pressure" address="c0e94"/>
		<table name="Engine Speed" address="c0eac"/>
	</table>

	<table name="Boost Limit (Fuel Cut)_" address="d1cc8">
		<table name="Atmospheric Pressure" address="d1c98"/>
		<table name="Engine Speed" address="d1cb0"/>
	</table>

	<table name="Boost Control Disable (IAM)" address="c0bfc">
	</table>

	<table name="Boost Control Disable (Fine Correction)" address="c0bf8">
	</table>

	<table name="Boost Control Disable Delay (Fine Correction)" address="c0bad">
	</table>

	<table name="Initial Wastegate Duty_" address="c1150">
		<table name="Requested Torque" address="c10e0" elements="15"/>
		<table name="Engine Speed" address="c111c" elements="13"/>
	</table>

	<table name="Max Wastegate Duty_" address="c0f58">
		<table name="Requested Torque" address="c0ee8" elements="15"/>
		<table name="Engine Speed" address="c0f24" elements="13"/>
	</table>

	<table name="Max Wastegate Duty Limit Post-Compensation" address="13f3c">
	</table>

	<table name="Initial/Max Wastegate Duty Compensation (IAT)" address="c0c94">
		<table name="Intake Temperature" address="c0c54"/>
	</table>

	<table name="Initial/Max Wastegate Duty Compensation (ECT)" address="c0cb4">
		<table name="Coolant Temperature" address="c0c14"/>
	</table>

	<table name="Initial/Max Wastegate Duty Compensation (Atm. Pressure)" address="c0e7c">
		<table name="Atmospheric Pressure" address="c0e54"/>
		<table name="Engine Speed" address="c0e6c"/>
	</table>

	<table name="Turbo Dynamics Proportional" address="c0d28">
		<table name="Boost Error" address="c0d04"/>
	</table>

	<table name="Turbo Dynamics Integral Positive" address="c0d98">
		<table name="Boost Error" address="c0d74"/>
	</table>

	<table name="Turbo Dynamics Integral Negative" address="c0d60">
		<table name="Boost Error" address="c0d3c"/>
	</table>

	<table name="TD Proportional Compensation (IAT)" address="c0cc4">
		<table name="Intake Temperature" address="c0c54" elements="16"/>
	</table>

	<table name="TD Integral Positive Compensation (IAT)" address="c0ce4">
		<table name="Intake Temperature" address="c0c54" elements="16"/>
	</table>

	<table name="TD Integral Negative Compensation (IAT)" address="c0cd4">
		<table name="Intake Temperature" address="c0c54" elements="16"/>
	</table>

	<table name="TD Activation Thresholds (RPM)" address="c0be8">
	</table>

	<table name="TD Activation Thresholds (Target Boost)_" address="c0bd4">
	</table>

	<table name="TD Integral Cumulative Range (WGDC Correction)" address="c0bf0">
	</table>

	<table name="TD Integral Negative Activation (Boost Error)" address="c0bdc">
	</table>

	<table name="TD Integral Positive Activation (Boost Error)" address="c0be0">
	</table>

	<table name="TD Integral Negative Activation (Wastegate Duty)" address="c0be4">
	</table>

	<table name="Manifold Pressure Sensor Scaling_" address="d7f6c">
	</table>

	<table name="Manifold Pressure Sensor Limits (CEL)" address="d7f1e">
	</table>

	<table name="Manifold Pressure Sensor CEL Delays" address="d7ed5">
	</table>

	<table name="Primary Open Loop Fueling" address="cf520">
		<table name="Engine Load" address="cf494" elements="17"/>
		<table name="Engine Speed" address="cf4d8"/>
	</table>

	<table name="Primary Open Loop Fueling (Failsafe)" address="cf6e0">
		<table name="Engine Load" address="cf654" elements="17"/>
		<table name="Engine Speed" address="cf698"/>
	</table>

	<table name="Primary Open Loop Fuel Map Switch (IAM)" address="cb960">
	</table>

	<table name="Minimum Active Primary Open Loop Enrichment" address="cb964">
	</table>

	<table name="Minimum Primary Open Loop Enrichment (Throttle)" address="cc590">
		<table name="Throttle Plate Opening Angle" address="cc578"/>
	</table>

	<table name="Minimum Primary Open Loop Enrichment (Accelerator)" address="cc5b0">
		<table name="Accelerator Pedal Angle" address="cc598"/>
	</table>

	<table name="Primary Open Loop Fueling Compensation (ECT)" address="cdebc">
		<table name="Coolant Temperature" address="cbe14"/>
	</table>

	<table name="Primary Open Loop Fueling Compensation (Timing Compensation)_" address="cc520">
		<table name="'Timing Compensation (MRP)' + 'Timing Compensation (IAT)'" address="cc508"/>
	</table>

	<table name="Front Oxygen Sensor Scaling" address="d8234">
		<table name="Front Oxygen Sensor" address="d8200"/>
	</table>

	<table name="Front Oxygen Sensor Rich Limit" address="21b30">
	</table>

	<table name="Front Oxygen Sensor Compensation (Atm. Pressure)" address="c36c0">
		<table name="Atmospheric Pressure" address="c36b0"/>
	</table>

	<table name="CL Fueling Target Compensation A (Load)" address="d0cc0">
		<table name="Engine Load" address="dc6c"/>
		<table name="Engine Speed" address="d0c98"/>
	</table>

	<table name="CL Fueling Target Compensation B (Load)" address="d0f30">
		<table name="Engine Load" address="d0ecc" elements="13"/>
		<table name="Engine Speed" address="d0f00" elements="12"/>
	</table>

	<table name="CL Fueling Target Compensation Imm. Cruise (ECT)" address="d0ba0">
		<table name="Coolant Temperature" address="cbe14"/>
		<table name="Engine Load" address="d0b94"/>
	</table>

	<table name="CL Fueling Target Compensation Imm. Non-Cruise (ECT)" address="d0c0c">
		<table name="Coolant Temperature" address="cbe14"/>
		<table name="Engine Load" address="d0c00"/>
	</table>

	<table name="CL Fueling Target Compensation (ECT) Disable" address="cb790">
	</table>

	<table name="CL to OL Delay_" address="cb466">
	</table>

	<table name="CL to OL Delay/Switch SI-DRIVE Intelligent" address="cb460">
	</table>

	<table name="CL to OL Transition with Delay (Throttle)" address="cc568">
		<table name="Engine Speed" address="cc528"/>
	</table>

	<table name="CL to OL Transition with Delay Throttle Hysteresis" address="cb96c">
	</table>

	<table name="CL to OL Transition with Delay (Base Pulse Width)" address="cdde8">
		<table name="Engine Speed" address="cdda8"/>
	</table>

	<table name="CL to OL Transition with Delay BPW Hysteresis" address="cb968">
	</table>

	<table name="CL to OL Transition Counter Step Value (MAF)" address="cde30">
		<table name="Mass Airflow" address="cde08"/>
	</table>

	<table name="CL Delay Maximum (Throttle)" address="cb9cc">
	</table>

	<table name="CL Delay Maximum (Vehicle Speed)" address="cb9e8">
	</table>

	<table name="CL Delay Minimum (ECT)" address="cb970">
	</table>

	<table name="CL Delay Maximum (Engine Load)" address="cb9f8">
	</table>

	<table name="CL Delay Engine Load Counter Threshold" address="cb45e">
	</table>

	<table name="CL Delay Maximum Engine Speed (Per Gear)" address="cb974">
	</table>

	<table name="CL Delay Maximum Engine Speed (Neutral)" address="cb99c">
	</table>

	<table name="Injector Latency_" address="d085c">
		<table name="Battery Output" address="d083c"/>
		<table name="Manifold Pressure" address="d0850"/>
	</table>

	<table name="Injector Flow Scaling" address="cb600">
	</table>

	<table name="Per Injector Pulse Width Compensation A" address="cffd8">
		<table name="Last Calculated Base Pulse Width" address="cff50"/>
		<table name="Engine Speed" address="cff94" elements="17"/>
	</table>

	<table name="Per Injector Pulse Width Compensation B" address="d0184">
		<table name="Last Calculated Base Pulse Width" address="d00fc"/>
		<table name="Engine Speed" address="d0140" elements="17"/>
	</table>

	<table name="Per Injector Pulse Width Compensation C" address="d0330">
		<table name="Last Calculated Base Pulse Width" address="d02a8"/>
		<table name="Engine Speed" address="d02ec" elements="17"/>
	</table>

	<table name="Per Injector Pulse Width Compensation D" address="d04dc">
		<table name="Last Calculated Base Pulse Width" address="d0454"/>
		<table name="Engine Speed" address="d0498" elements="17"/>
	</table>

	<table name="Cranking Fuel Injector Pulse Width A (ECT)" address="ccad6">
		<table name="Coolant Temperature" address="cbe14"/>
	</table>

	<table name="Cranking Fuel Injector Pulse Width B (ECT)" address="ccaf6">
		<table name="Coolant Temperature" address="cbe14"/>
	</table>

	<table name="Cranking Fuel Injector Pulse Width C (ECT)" address="ccb16">
		<table name="Coolant Temperature" address="cbe14"/>
	</table>

	<table name="Cranking Fuel Injector Pulse Width D (ECT)" address="ccb36">
		<table name="Coolant Temperature" address="cbe14"/>
	</table>

	<table name="Cranking Fuel Injector Pulse Width E (ECT)" address="ccb56">
		<table name="Coolant Temperature" address="cbe14"/>
	</table>

	<table name="Cranking Fuel Injector Pulse Width F (ECT)" address="ccb76">
		<table name="Coolant Temperature" address="cbe14"/>
	</table>

	<table name="Cranking Fuel IPW Compensation Imm. Cruise (RPM)" address="ceef4">
		<table name="Engine Speed" address="ceec4"/>
		<table name="Coolant Temperature" address="ceed8"/>
	</table>

	<table name="Cranking Fuel IPW Compensation Imm. Non-Cruise (RPM)" address="ceea0">
		<table name="Engine Speed" address="cee70"/>
		<table name="Coolant Temperature" address="cee84"/>
	</table>

	<table name="Cranking Fuel IPW Compensation (MAP)" address="cc058">
		<table name="Manifold Pressure" address="cc030"/>
	</table>

	<table name="Cranking Fuel IPW Compensation (Accelerator)" address="cc08c">
		<table name="Accelerator Pedal Angle" address="cc064" elements="10"/>
	</table>

	<table name="Cranking Fuel IPW Compensation (IAT)" address="cc0ac">
		<table name="Intake Temperature" address="cc098"/>
	</table>

	<table name="Throttle Tip-in Enrichment A" address="ce540">
		<table name="Throttle Angle Change" address="ce4f8"/>
	</table>

	<table name="Throttle Tip-in Enrichment B" address="ce5ac">
		<table name="Throttle Angle Change" address="ce564"/>
	</table>

	<table name="Minimum Tip-in Enrichment Activation" address="cbc94">
	</table>

	<table name="Minimum Tip-in Enrichment Activation (Throttle)" address="cbc90">
	</table>

	<table name="Tip-in Enrichment Compensation (Boost Error)" address="cc93c">
		<table name="Boost Error" address="cc918"/>
	</table>

	<table name="Tip-in Enrichment Compensation (RPM)" address="cc908">
		<table name="Engine Speed" address="cc8c8" elements="16"/>
	</table>

	<table name="Tip-in Enrichment Compensation A (ECT)" address="cc945">
		<table name="Coolant Temperature" address="cbe14"/>
	</table>

	<table name="Tip-in Enrichment Compensation B (ECT)" address="ce5d0">
		<table name="Coolant Temperature" address="cbe14"/>
	</table>

	<table name="Tip-in Enrichment Compensation C (ECT)" address="ce5f0">
		<table name="Coolant Temperature" address="cbe14"/>
	</table>

	<table name="Tip-in Enrichment Compensation D (ECT)" address="ce630">
		<table name="Coolant Temperature" address="cbe54"/>
	</table>

	<table name="Tip-in Enrichment Compensation D (ECT) Activation" address="cbc98">
	</table>

	<table name="Tip-in Enrichment Disable Applied Counter Threshold A (ECT)" address="cc955">
		<table name="Coolant Temperature" address="cbe14"/>
	</table>

	<table name="Tip-in Enrichment Disable Applied Counter Threshold B (ECT)" address="cc965">
		<table name="Coolant Temperature" address="cbe14"/>
	</table>

	<table name="Tip-in Enrichment Applied Counter Reset" address="cb40c">
	</table>

	<table name="Tip-in Enrichment Disable Throttle Cumulative Threshold A (ECT)" address="cc955">
		<table name="Coolant Temperature" address="cbe14"/>
	</table>

	<table name="Tip-in Enrichment Disable Throttle Cumulative Threshold B (ECT)" address="cc965">
		<table name="Coolant Temperature" address="cbe14"/>
	</table>

	<table name="Tip-in Throttle Cumulative Reset" address="cb40d">
	</table>

	<table name="Min Primary Base Enrichment 1 Cruise" address="cf14c">
		<table name="Coolant Temperature" address="cbe14"/>
		<table name="Engine Load" address="cf128" elements="9"/>
	</table>

	<table name="Min Primary Base Enrichment 1 Non-Cruise" address="cf0a8">
		<table name="Coolant Temperature" address="cbe14"/>
		<table name="Engine Load" address="cf088"/>
	</table>

	<table name="Min Primary Base Enrichment 1 (Non-Primary OL)_" address="cc020">
		<table name="Coolant Temperature" address="cbe14"/>
	</table>

	<table name="A/F Learning #1 Limits" address="cb858">
	</table>

	<table name="A/F Learning #1 Airflow Ranges" address="cb868">
	</table>

	<table name="MAF Limit (Maximum)" address="c30d8">
	</table>

	<table name="MAF Sensor Scaling" address="d8128">
		<table name="MAF sensor" address="d8050"/>
	</table>

	<table name="MAF Compensation (IAT)" address="c3b28">
		<table name="Intake Temperature" address="c3af4"/>
		<table name="Mass Airflow" address="c3b08"/>
	</table>

	<table name="Engine Load Limit A (Maximum)" address="20208">
	</table>

	<table name="Engine Load Limit B Maximum (RPM)" address="c35c0">
		<table name="Engine Speed" address="c35b8"/>
	</table>

	<table name="Engine Load Compensation Cruise (MP)" address="c3bb4">
		<table name="Manifold Pressure" address="c3b50"/>
		<table name="Engine Speed" address="c3b7c" elements="14"/>
	</table>

	<table name="Engine Load Compensation Non-Cruise (MP)" address="c3cb4">
		<table name="Manifold Pressure" address="c3c50"/>
		<table name="Engine Speed" address="c3c7c" elements="14"/>
	</table>

	<table name="Base Timing Primary Cruise" address="d3d0c">
		<table name="Engine Load" address="d3c80" elements="17"/>
		<table name="Engine Speed" address="d3cc4"/>
	</table>

	<table name="Base Timing Reference Cruise (AVCS related)" address="d408c">
		<table name="Engine Load" address="d4000" elements="17"/>
		<table name="Engine Speed" address="d4044"/>
	</table>

	<table name="Base Timing Primary Non-Cruise" address="d3ecc">
		<table name="Engine Load" address="d3e40" elements="17"/>
		<table name="Engine Speed" address="d3e84"/>
	</table>

	<table name="Base Timing Reference Non-Cruise (AVCS related)" address="d424c">
		<table name="Engine Load" address="d41c0" elements="17"/>
		<table name="Engine Speed" address="d4204"/>
	</table>

	<table name="Base Timing Idle A (In-Gear)" address="d28a6">
		<table name="Coolant Temperature" address="d268c"/>
	</table>

	<table name="Base Timing Idle B (In-Gear)" address="d28b6">
		<table name="Coolant Temperature" address="d268c"/>
	</table>

	<table name="Base Timing Idle A (Neutral)" address="d28c6">
		<table name="Coolant Temperature" address="d268c"/>
	</table>

	<table name="Base Timing Idle B (Neutral)" address="d28d6">
		<table name="Coolant Temperature" address="d268c"/>
	</table>

	<table name="Base Timing Idle Minimum" address="d289d">
		<table name="Engine Speed" address="d270c"/>
	</table>

	<table name="Base Timing Idle Minimum Vehicle Speed Enable" address="d2238">
	</table>

	<table name="Knock Correction Advance Max Cruise" address="d4df4">
		<table name="Engine Load" address="d4d68" elements="17"/>
		<table name="Engine Speed" address="d4df4"/>
	</table>

	<table name="Knock Correction Advance Max Non-Cruise" address="d4fb4">
		<table name="Engine Load" address="d4f28" elements="17"/>
		<table name="Engine Speed" address="d4fb4"/>
	</table>

	<table name="Timing Compensation A (IAT)" address="d2988">
		<table name="Intake Temperature" address="d2948"/>
	</table>

	<table name="Timing Compensation A (IAT) Activation" address="d43c0">
		<table name="Engine Speed" address="d4380"/>
		<table name="Engine Load" address="d43a0"/>
	</table>

	<table name="Timing Compensation B (IAT)" address="d2f58">
		<table name="Intake Temperature" address="d2f18"/>
	</table>

	<table name="Timing Compensation B (IAT) IAM Activation" address="d23f4">
	</table>

	<table name="Timing Compensation B (IAT) Max Additive" address="d23d8">
	</table>

	<table name="Timing Compensation Imm. Cruise A (ECT)" address="d2926">
		<table name="Coolant Temperature" address="d268c"/>
	</table>

	<table name="Timing Compensation Imm. Cruise B (ECT)" address="d2936">
		<table name="Coolant Temperature" address="d268c"/>
	</table>

	<table name="Timing Compensation Imm. Non-Cruise A (ECT)" address="d2906">
		<table name="Coolant Temperature" address="d268c"/>
	</table>

	<table name="Timing Compensation Imm. Non-Cruise B (ECT)" address="d2916">
		<table name="Coolant Temperature" address="d268c"/>
	</table>

	<table name="Timing Compensation Per Cylinder A" address="d49a0">
		<table name="Engine Speed" address="d4954"/>
		<table name="Engine Load" address="d498c" elements="5"/>
	</table>

	<table name="Timing Compensation Per Cylinder B" address="d4a34">
		<table name="Engine Speed" address="d49e8"/>
		<table name="Engine Load" address="d4a20" elements="5"/>
	</table>

	<table name="Timing Compensation Per Cylinder C" address="d4ac8">
		<table name="Engine Speed" address="d4a7c"/>
		<table name="Engine Load" address="d4ab4" elements="5"/>
	</table>

	<table name="Timing Compensation Per Cylinder D" address="d4b60">
		<table name="Engine Speed" address="d4b10"/>
		<table name="Engine Load" address="d4b48" elements="6"/>
	</table>

	<table name="Timing Comp Minimum Load (Per Cylinder)" address="d249c">
	</table>

	<table name="Timing Comp Maximum RPM (Per Cylinder)" address="d2498">
	</table>

	<table name="Timing Comp Minimum Coolant Temp (Per Cylinder)" address="d24a0">
	</table>

	<table name="Feedback Correction Range (RPM)" address="d24ac">
	</table>

	<table name="Feedback Correction Minimum Load" address="d24a4">
	</table>

	<table name="Feedback Correction Retard Value" address="d24cc">
	</table>

	<table name="Feedback Correction Retard Limit" address="d24c8">
	</table>

	<table name="Feedback Correction Negative Advance Value" address="d21f4">
	</table>

	<table name="Feedback Correction Negative Advance Delay" address="d24d0">
	</table>

	<table name="Extended Feedback Correction High RPM Compensation" address="d24d8">
	</table>

	<table name="Fine Correction Range (RPM)" address="d266c">
	</table>

	<table name="Fine Correction Range (Load)" address="d267c">
	</table>

	<table name="Fine Correction Rows (RPM)" address="d260c">
	</table>

	<table name="Fine Correction Columns (Load)" address="d2628">
	</table>

	<table name="Fine Correction Retard Value" address="d2650">
	</table>

	<table name="Fine Correction Retard Limit" address="d264c">
	</table>

	<table name="Fine Correction Advance Value" address="d2648">
	</table>

	<table name="Fine Correction Advance Limit" address="d2644">
	</table>

	<table name="Fine Correction Advance Delay" address="d214c">
	</table>

	<table name="Rough Correction Range (RPM)" address="d25bc">
	</table>

	<table name="Rough Correction Range (Load)" address="d25cc">
	</table>

	<table name="Rough Correction Minimum KC Advance Map Value" address="d25dc">
	</table>

	<table name="Rough Correction Learning Delay (Increasing)_" address="d3284">
		<table name="Engine Speed" address="d325c"/>
	</table>

	<table name="Advance Multiplier (Initial)" address="d25e0">
	</table>

	<table name="Advance Multiplier Step Value" address="d25e4">
	</table>

	<table name="Intake Cam Advance Angle Cruise (AVCS)" address="d9df8">
		<table name="Engine Load" address="d9d70" elements="18"/>
		<table name="Engine Speed" address="d9db8" elements="16"/>
	</table>

	<table name="Intake Cam Advance Angle Non-Cruise (AVCS)" address="da0c0">
		<table name="Engine Load" address="da038" elements="18"/>
		<table name="Engine Speed" address="da080" elements="16"/>
	</table>

	<table name="Requested Torque (Accelerator Pedal) SI-DRIVE Sport" address="f9ee0">
		<table name="Accelerator Pedal Angle" address="f9e60"/>
		<table name="Engine Speed" address="f9e9c"/>
	</table>

	<table name="Requested Torque (Accelerator Pedal) SI-DRIVE Sport Sharp" address="fa160">
		<table name="Accelerator Pedal Angle" address="fa0e0"/>
		<table name="Engine Speed" address="fa11c"/>
	</table>

	<table name="Requested Torque (Accelerator Pedal) SI-DRIVE Intelligent" address="fa3e0">
		<table name="Accelerator Pedal Angle" address="fa360"/>
		<table name="Engine Speed" address="fa39c"/>
	</table>

	<table name="Requested Torque Base (RPM)" address="f9054">
		<table name="Engine Speed" address="f9014"/>
	</table>

	<table name="Target Throttle Plate Position Cruise (Requested Torque Ratio)" address="f9504">
		<table name="'Requested Torque (Accelerator Pedal)' to 'Requested Torque Base (RPM)'" address="f9484" elements="16"/>
		<table name="Engine Speed" address="f94c4"/>
	</table>

	<table name="Target Throttle Plate Position Non-Cruise (Requested Torque Ratio)" address="f9784">
		<table name="'Requested Torque (Accelerator Pedal)' to 'Requested Torque Base (RPM)'" address="f9704" elements="16"/>
		<table name="Engine Speed" address="f9744"/>
	</table>

	<table name="Target Throttle Plate Position Maximum (Requested Torque Ratio)" address="f9a04">
		<table name="'Requested Torque (Accelerator Pedal)' to 'Requested Torque Base (RPM)'" address="f9984" elements="16"/>
		<table name="Engine Speed" address="f99c4"/>
	</table>

	<table name="Requested Torque Limit A (Per Gear/Engine Speed)" address="f9c88">
		<table name="Engine Speed" address="f9c30"/>
		<table name="Gear" address="f9c70"/>
	</table>

	<table name="Requested Torque Limit B (Per Gear/Engine Speed)" address="f9da0">
		<table name="Engine Speed" address="f9d48"/>
		<table name="Gear" address="f9d88"/>
	</table>

	<table name="Rev Limit A" address="cbcf0">
	</table>

	<table name="Rev Limit B" address="cbcf8">
	</table>

	<table name="Rev Limit Fuel Resume (Boost)" address="cdd08">
	</table>

	<table name="Speed Limiting Enable (Fuel Cut)" address="cbd10">
	</table>

	<table name="Speed Limiting Disable (Fuel Cut)" address="cbd18">
	</table>

	<table name="Speed Limiting A (Throttle) SI-DRIVE Sport/Sport Sharp" address="f8e48">
	</table>

	<table name="Speed Limiting B (Throttle) SI-DRIVE Sport/Sport Sharp" address="f8e60">
	</table>

	<table name="Speed Limiting (Throttle) SI-DRIVE Intelligent" address="f8e54">
	</table>

	<table name="Fuel Temp Sensor Scaling" address="d84b0">
		<table name="Fuel Temp Sensor" address="d8438"/>
	</table>

	<table name="Intake Temp Sensor Scaling" address="d83c0">
		<table name="Intake Temp Sensor" address="d8348"/>
	</table>

	<table name="Coolant Temp Sensor Scaling" address="d82d8">
		<table name="Coolant Temp Sensor" address="d8268"/>
	</table>

	<table name="Fuel Pump Duty" address="4b57c">
	</table>

	<table name="Radiator Fan Modes A (ECT)" address="d87b8">
	</table>

	<table name="Radiator Fan Modes B (ECT)" address="d87c8">
	</table>

	<table name="Radiator Fan Modes (Veh. Speed)" address="d87d8">
	</table>

	<table name="Gear Determination Thresholds A" address="c344c">
	</table>

	<table name="Gear Determination Thresholds B" address="c3460">
	</table>

	<table name="Gear Determination Thresholds C" address="c3474">
	</table>

	<table name="Idle Speed Target A" address="d63f0">
		<table name="Coolant Temperature" address="d5c84"/>
	</table>

	<table name="Idle Speed Target B" address="d6430">
		<table name="Coolant Temperature" address="d5c84"/>
	</table>

	<table name="Idle Speed Target C" address="d6470">
		<table name="Coolant Temperature" address="d5c84"/>
	</table>

	<table name="Idle Speed Target D" address="d6510">
		<table name="Coolant Temperature" address="d5c84"/>
	</table>

	<table name="Ignition Dwell" address="d866c">
		<table name="Engine Speed" address="d8618"/>
		<table name="Battery" address="d8658"/>
	</table>

	<table name="Checksum Fix" address="ffb80" level="4" scaling="rawecuvalue"/>

	<table name="Force Pass Readiness Monitors_" address="a536c"/>

    <table name="(P0000) PASS CODE (NO DTC DETECTED)" storageaddress="98846" />
    <table name="(P0000) PASS CODE (NO DTC DETECTED) " storageaddress="98847" />
    <table name="(P0011) CAMSHAFT POS. - TIMING OVER-ADVANCED 1" storageaddress="98829" />
    <table name="(P0016) CRANKSHAFT/CAMSHAFT CORRELATION 1A" storageaddress="988B7" />
    <table name="(P0018) CRANKSHAFT/CAMSHAFT CORRELATION 2A" storageaddress="988B6" />
    <table name="(P0021) CAMSHAFT POS. - TIMING OVER-ADVANCED 2" storageaddress="9882A" />
    <table name="(P0030) FRONT O2 SENSOR RANGE/PERF" storageaddress="9886A" />
    <table name="(P0031) FRONT O2 SENSOR LOW INPUT" storageaddress="98855" />
    <table name="(P0032) FRONT O2 SENSOR HIGH INPUT" storageaddress="98853" />
    <table name="(P0037) REAR O2 SENSOR LOW INPUT" storageaddress="98854" />
    <table name="(P0038) REAR O2 SENSOR HIGH INPUT" storageaddress="98852" />
    <table name="(P0068) MAP SENSOR RANGE/PERF" storageaddress="98865" />
    <table name="(P0101) MAF SENSOR RANGE/PERF" storageaddress="98866" />
    <table name="(P0102) MAF SENSOR LOW INPUT" storageaddress="98805" />
    <table name="(P0103) MAF SENSOR HIGH INPUT" storageaddress="98806" />
    <table name="(P0107) MAP SENSOR LOW INPUT" storageaddress="98856" />
    <table name="(P0108) MAP SENSOR HIGH INPUT" storageaddress="98857" />
    <table name="(P0111) IAT SENSOR RANGE/PERF" storageaddress="98851" />
    <table name="(P0112) IAT SENSOR LOW INPUT" storageaddress="9884F" />
    <table name="(P0113) IAT SENSOR HIGH INPUT" storageaddress="98850" />
    <table name="(P0117) COOLANT TEMP SENSOR LOW INPUT" storageaddress="9880E" />
    <table name="(P0118) COOLANT TEMP SENSOR HIGH INPUT" storageaddress="9880F" />
    <table name="(P0122) TPS A LOW INPUT" storageaddress="9880C" />
    <table name="(P0123) TPS A HIGH INPUT" storageaddress="9880D" />
    <table name="(P0125) INSUFFICIENT COOLANT TEMP (FUELING)" storageaddress="98811" />
    <table name="(P0126) INSUFFICIENT COOLANT TEMP (OPERATION)" storageaddress="9889F" />
    <table name="(P0128) THERMOSTAT MALFUNCTION" storageaddress="9885C" />
    <table name="(P0131) FRONT O2 SENSOR LOW INPUT" storageaddress="98849" />
    <table name="(P0132) FRONT O2 SENSOR HIGH INPUT" storageaddress="9884B" />
    <table name="(P0134) FRONT O2 SENSOR NO ACTIVITY" storageaddress="98868" />
    <table name="(P0137) REAR O2 SENSOR LOW VOLTAGE" storageaddress="98848" />
    <table name="(P0138) REAR O2 SENSOR HIGH VOLTAGE" storageaddress="9884D" />
    <table name="(P013A) O2 SENSOR SLOW RESPONSE RICH TO LEAN B1 S2" storageaddress="988F5" />
    <table name="(P013B) O2 SENSOR SLOW RESPONSE LEAN TO RICH B1 S2" storageaddress="988F4" />
    <table name="(P013E) O2 SENSOR DELAYED RESPONSE RICH TO LEAN B1 S2" storageaddress="988F1" />
    <table name="(P013F) O2 SENSOR DELAYED RESPONSE LEAN TO RICH B1 S2" storageaddress="988F0" />
    <table name="(P0140) REAR O2 SENSOR NO ACTIVITY" storageaddress="988B2" />
    <table name="(P0141) REAR O2 SENSOR MALFUNCTION" storageaddress="98832" />
    <table name="(P014C) O2 SENSOR SLOW RESPONSE RICH TO LEAN B1 S1" storageaddress="988E2" />
    <table name="(P014D) O2 SENSOR SLOW RESPONSE LEAN TO RICH B1 S1" storageaddress="988E1" />
    <table name="(P015A) O2 SENSOR DELAYED RESPONSE RICH TO LEAN B1 S1" storageaddress="988DE" />
    <table name="(P015B) O2 SENSOR DELAYED RESPONSE LEAN TO RICH B1 S1" storageaddress="988DD" />
    <table name="(P0171) SYSTEM TOO LEAN" storageaddress="9883D" />
    <table name="(P0172) SYSTEM TOO RICH" storageaddress="9883E" />
    <table name="(P0201) INJECTOR CIRCUIT MALFUNCTION CYLINDER 1" storageaddress="988C7" />
    <table name="(P0202) INJECTOR CIRCUIT MALFUNCTION CYLINDER 2" storageaddress="988CA" />
    <table name="(P0203) INJECTOR CIRCUIT MALFUNCTION CYLINDER 3" storageaddress="988C9" />
    <table name="(P0204) INJECTOR CIRCUIT MALFUNCTION CYLINDER 4" storageaddress="988C8" />
    <table name="(P0222) TPS B LOW INPUT" storageaddress="98871" />
    <table name="(P0223) TPS B HIGH INPUT" storageaddress="98872" />
    <table name="(P0230) FUEL PUMP PRIMARY CIRCUIT" storageaddress="98864" />
    <table name="(P0244) WASTEGATE SOLENOID A RANGE/PERF" storageaddress="98863" />
    <table name="(P0245) WASTEGATE SOLENOID A LOW" storageaddress="98861" />
    <table name="(P0246) WASTEGATE SOLENOID A HIGH" storageaddress="98862" />
    <table name="(P0301) MISFIRE CYLINDER 1" storageaddress="9883F" />
    <table name="(P0302) MISFIRE CYLINDER 2" storageaddress="98840" />
    <table name="(P0303) MISFIRE CYLINDER 3" storageaddress="98841" />
    <table name="(P0304) MISFIRE CYLINDER 4" storageaddress="98842" />
    <table name="(P0327) KNOCK SENSOR 1 LOW INPUT" storageaddress="9880A" />
    <table name="(P0328) KNOCK SENSOR 1 HIGH INPUT" storageaddress="9880B" />
    <table name="(P0335) CRANKSHAFT POS. SENSOR A MALFUNCTION" storageaddress="98800" />
    <table name="(P0336) CRANKSHAFT POS. SENSOR A RANGE/PERF" storageaddress="98801" />
    <table name="(P0340) CAMSHAFT POS. SENSOR A MALFUNCTION" storageaddress="98884" />
    <table name="(P0345) CAMSHAFT POS. SENSOR A BANK 2" storageaddress="98883" />
    <table name="(P0351) IGNITION COIL A PRIMARY/SECONDARY CIRCUIT MALFUNCTION" storageaddress="988FB" />
    <table name="(P0352) IGNITION COIL B PRIMARY/SECONDARY CIRCUIT MALFUNCTION" storageaddress="988FA" />
    <table name="(P0353) IGNITION COIL C PRIMARY/SECONDARY CIRCUIT MALFUNCTION" storageaddress="988F9" />
    <table name="(P0354) IGNITION COIL D PRIMARY/SECONDARY CIRCUIT MALFUNCTION" storageaddress="988F8" />
    <table name="(P0410) SECONDARY AIR PUMP SYSTEM" storageaddress="988AC" />
    <table name="(P0411) SECONDARY AIR PUMP INCORRECT FLOW" storageaddress="988AB" />
    <table name="(P0413) SECONDARY AIR PUMP A OPEN" storageaddress="988B0" />
    <table name="(P0414) SECONDARY AIR PUMP A SHORTED" storageaddress="988B4" />
    <table name="(P0416) SECONDARY AIR PUMP B OPEN" storageaddress="988BE" />
    <table name="(P0417) SECONDARY AIR PUMP B SHORTED" storageaddress="988BD" />
    <table name="(P0418) SECONDARY AIR PUMP RELAY A" storageaddress="988B1" />
    <table name="(P0420) CAT EFFICIENCY BELOW THRESHOLD" storageaddress="98839" />
    <table name="(P0441) EVAP INCORRECT PURGE FLOW" storageaddress="988E8" />
    <table name="(P0451) EVAP PRESSURE SENSOR RANGE/PERF" storageaddress="988E7" />
    <table name="(P0452) EVAP PRESSURE SENSOR LOW INPUT" storageaddress="988DA" />
    <table name="(P0453) EVAP PRESSURE SENSOR HIGH INPUT" storageaddress="988D9" />
    <table name="(P0455) EVAP EMISSION CONTROL SYSTEM LEAK DETECTED (GROSS LEAK)" storageaddress="988E6" />
    <table name="(P0456) EVAP LEAK DETECTED (VERY SMALL)" storageaddress="9883B" />
    <table name="(P0458) EVAP PURGE VALVE CIRCUIT LOW" storageaddress="9882D" />
    <table name="(P0459) EVAP PURGE VALVE CIRCUIT HIGH" storageaddress="9882E" />
    <table name="(P0461) FUEL LEVEL SENSOR RANGE/PERF" storageaddress="98814" />
    <table name="(P0462) FUEL LEVEL SENSOR LOW INPUT" storageaddress="98812" />
    <table name="(P0463) FUEL LEVEL SENSOR HIGH INPUT" storageaddress="98813" />
    <table name="(P0500) VEHICLE SPEED SENSOR A" storageaddress="98807" />
    <table name="(P0506) IDLE CONTROL RPM LOWER THAN EXPECTED" storageaddress="98827" />
    <table name="(P0507) IDLE CONTROL RPM HIGH THAN EXPECTED" storageaddress="98828" />
    <table name="(P050A) COLD START IDLE AIR CONTROL SYSTEM PERFORMANCE" storageaddress="988D4" />
    <table name="(P050B) COLD START IGNITION TIMING PERFORMANCE" storageaddress="988D3" />
    <table name="(P0512) STARTER REQUEST CIRCUIT" storageaddress="98816" />
    <table name="(P0604) CONTROL MODULE RAM ERROR" storageaddress="98804" />
    <table name="(P0605) CONTROL MODULE ROM ERROR" storageaddress="98885" />
    <table name="(P0607) CONTROL MODULE PERFORMANCE" storageaddress="98879" />
    <table name="(P0638) THROTTLE ACTUATOR RANGE/PERF" storageaddress="98878" />
    <table name="(P0851) NEUTRAL SWITCH INPUT LOW" storageaddress="9881A" />
    <table name="(P0852) NEUTRAL SWITCH INPUT HIGH" storageaddress="9881E" />
    <table name="(P1152) FRONT O2 SENSOR RANGE/PERF LOW B1 S1" storageaddress="98835" />
    <table name="(P1153) FRONT O2 SENSOR RANGE/PERF HIGH B1 S1" storageaddress="98836" />
    <table name="(P1160) ABNORMAL RETURN SPRING" storageaddress="98873" />
    <table name="(P1400) FUEL TANK PRESSURE SOL. LOW" storageaddress="9882B" />
    <table name="(P1410) SECONDARY AIR PUMP VALVE STUCK OPEN" storageaddress="988B8" />
    <table name="(P1418) SECONDARY AIR PUMP CIRCUIT SHORTED" storageaddress="988B5" />
    <table name="(P1420) FUEL TANK PRESSURE SOL. HIGH INPUT" storageaddress="9882C" />
    <table name="(P1449) EVAPORATIVE EMISSION CONT. SYS. AIR FILTER CLOG" storageaddress="988E5" />
    <table name="(P1451) EVAPORATIVE EMISSION CONT. SYS." storageaddress="988E4" />
    <table name="(P1458) CANISTER PURGE CONTROL SOLENOID VALVE 2 LOW" storageaddress="988E3" />
    <table name="(P1459) CANISTER PURGE CONTROL SOLENOID VALVE 2 HIGH" storageaddress="988ED" />
    <table name="(P1491) PCV (BLOWBY) FUNCTION PROBLEM" storageaddress="9885D" />
    <table name="(P1518) STARTER SWITCH LOW INPUT" storageaddress="98815" />
    <table name="(P1519) IMRC STUCK CLOSED" storageaddress="988C3" />
    <table name="(P1520) IMRC CIRCUIT MALFUNCTION" storageaddress="988C2" />
    <table name="(P1560) BACK-UP VOLTAGE MALFUNCTION" storageaddress="9885E" />
    <table name="(P1616) SBDS INTERACTIVE CODES" storageaddress="988C1" />
    <table name="(P2004) TGV - INTAKE MANIFOLD RUNNER 1 STUCK OPEN" storageaddress="9889A" />
    <table name="(P2005) TGV - INTAKE MANIFOLD RUNNER 2 STUCK OPEN" storageaddress="9889C" />
    <table name="(P2006) TGV - INTAKE MANIFOLD RUNNER 1 STUCK CLOSED" storageaddress="9889B" />
    <table name="(P2007) TGV - INTAKE MANIFOLD RUNNER 2 STUCK CLOSED" storageaddress="9889D" />
    <table name="(P2008) TGV - INTAKE MANIFOLD RUNNER 1 CIRCUIT OPEN" storageaddress="988A8" />
    <table name="(P2009) TGV - INTAKE MANIFOLD RUNNER 1 CIRCUIT LOW" storageaddress="988A6" />
    <table name="(P2011) TGV - INTAKE MANIFOLD RUNNER 2 CIRCUIT OPEN" storageaddress="988A9" />
    <table name="(P2012) TGV - INTAKE MANIFOLD RUNNER 2 CIRCUIT LOW" storageaddress="988A7" />
    <table name="(P2016) TGV - INTAKE MANIFOLD RUNNER 1 POS. SENSOR LOW" storageaddress="988A2" />
    <table name="(P2017) TGV - INTAKE MANIFOLD RUNNER 1 POS. SENSOR HIGH" storageaddress="988A3" />
    <table name="(P2021) TGV - INTAKE MANIFOLD RUNNER 2 POS. SENSOR LOW" storageaddress="988A4" />
    <table name="(P2022) TGV - INTAKE MANIFOLD RUNNER 2 POS. SENSOR HIGH" storageaddress="988A5" />
    <table name="(P2088) OCV SOLENOID A1 CIRCUIT OPEN" storageaddress="9888D" />
    <table name="(P2089) OCV SOLENOID A1 CIRCUIT SHORT" storageaddress="9888C" />
    <table name="(P2092) OCV SOLENOID A2 CIRCUIT OPEN" storageaddress="9888B" />
    <table name="(P2093) OCV SOLENOID A2 CIRCUIT SHORT" storageaddress="9888A" />
    <table name="(P2096) POST CATALYST TOO LEAN B1" storageaddress="98877" />
    <table name="(P2097) POST CATALYST TOO RICH B1" storageaddress="98880" />
    <table name="(P2101) THROTTLE ACTUATOR CIRCUIT RANGE/PERF" storageaddress="98876" />
    <table name="(P2102) THROTTLE ACTUATOR CIRCUIT LOW" storageaddress="98874" />
    <table name="(P2103) THROTTLE ACTUATOR CIRCUIT HIGH" storageaddress="98875" />
    <table name="(P2109) TPS A MINIMUM STOP PERF" storageaddress="98870" />
    <table name="(P2122) TPS D CIRCUIT LOW INPUT" storageaddress="9887D" />
    <table name="(P2123) TPS D CIRCUIT HIGH INPUT" storageaddress="9887E" />
    <table name="(P2127) TPS E CIRCUIT LOW INPUT" storageaddress="9887B" />
    <table name="(P2128) TPS E CIRCUIT HIGH INPUT" storageaddress="9887C" />
    <table name="(P2135) TPS A/B VOLTAGE" storageaddress="9887F" />
    <table name="(P2138) TPS D/E VOLTAGE" storageaddress="9887A" />
    <table name="(P219A) BANK 1 AFR IMBALANCE" storageaddress="988EA" />
    <table name="(P2401) EVAP LEAK DETECTION PUMP CONTROL CIRCUIT LOW" storageaddress="988D8" />
    <table name="(P2402) EVAP LEAK DETECTION PUMP CONTROL CIRCUIT HIGH" storageaddress="988EC" />
    <table name="(P2404) EVAP LEAK DETECTION PUMP SENSE CIRCUIT RANGE/PERF" storageaddress="988EB" />
    <table name="(P2419) EVAP SWITCHING VALVE LOW" storageaddress="988D7" />
    <table name="(P2420) EVAP SWITCHING VALVE HIGH" storageaddress="988D6" />
    <table name="(P2431) SECONDARY AIR PUMP CIRCUIT RANGE/PERF" storageaddress="988AD" />
    <table name="(P2432) SECONDARY AIR PUMP CIRCUIT LOW" storageaddress="988AF" />
    <table name="(P2433) SECONDARY AIR PUMP CIRCUIT HIGH" storageaddress="988AE" />
    <table name="(P2440) SECONDARY AIR PUMP VALVE 1 STUCK OPEN" storageaddress="988BC" />
    <table name="(P2441) SECONDARY AIR PUMP VALVE 1 STUCK CLOSED" storageaddress="988BB" />
    <table name="(P2442) SECONDARY AIR PUMP VALVE 2 STUCK OPEN" storageaddress="988BA" />
    <table name="(P2443) SECONDARY AIR PUMP 2 STUCK CLOSED" storageaddress="988B9" />
    <table name="(P2444) SECONDARY AIR PUMP 1 STUCK ON B1" storageaddress="988AA" />
    <table name="(P2610) ECM/PCM INTERNAL ENGINE OFF TIMER PERFORMANCE" storageaddress="988D5" />
    <table name="(U0073) CAN COMMUNICATION BUS A OFF" storageaddress="988D1" />
    <table name="(U0101) CAN LOST COMMUNICATION WITH TCM" storageaddress="988CE" />
    <table name="(U0122) CAN LOST COMMUNICATION WITH VDC" storageaddress="988D0" />
    <table name="(U0140) CAN LOST COMMUNICATION WITH BIU" storageaddress="988CC" />
    <table name="(U0402) CAN INVALID DATA RECEIVED FROM TCM" storageaddress="988CD" />
    <table name="(U0416) CAN INVALID DATA RECEIVED FROM VDC" storageaddress="988CF" />
    <table name="(U0422) CAN INVALID DATA RECEIVED FROM BIU" storageaddress="988CB" />

</rom>
