<rom>
  <romid>
    <xmlid>AZ1E400U</xmlid>
    <internalidaddress>2004</internalidaddress>
    <internalidstring>AZ1E400U</internalidstring>
    <ecuid>5142584007</ecuid>
    <year>08</year>
    <market>EDM</market>
    <make>Subaru</make>
    <model>Impreza</model>
    <submodel>WRX</submodel>
    <transmission>MT</transmission>
    <memmodel>SH7058</memmodel>
    <flashmethod>subarucan</flashmethod>
    <checksummodule>subarudbw</checksummodule>
  </romid>
  <include>AZ1E400C</include>
  
  	<!-- Alpha Fuel pump duty tables -->
	
	<table name="Fuel Pump Duty" address="42E88"/>
	
  <!-- AF 3 Correction Limits -->
	<table name="AF 3 Correction Limits" address="2FD90"/>
	
  <table name="Idle Speed Target A" address="d11a0">
    <table name="Y" address="d0bc8" />
  </table>
  <table name="Idle Speed Target B" address="d11e0">
    <table name="Y" address="d0bc8" />
  </table>
  <table name="Idle Speed Target C" address="d1220">
    <table name="Y" address="d0bc8" />
  </table>
</rom>