<rom>
  <romid>
    <xmlid>AZ1E400E</xmlid>
    <internalidaddress>2004</internalidaddress>
    <internalidstring>AZ1E400E</internalidstring>
    <ecuid>51A2584007</ecuid>
    <year>08</year>
    <market>SADM</market>
    <make>Subaru</make>
    <model>Impreza</model>
    <submodel>WRX</submodel>
    <transmission>MT</transmission>
    <memmodel>SH7058</memmodel>
    <flashmethod>subarucan</flashmethod>
    <checksummodule>subarudbw</checksummodule>
  </romid>
  <include>32BITBASE</include>
  
  <!-- Per Gear Requested Torque Limits -->
	
    <table name="Requested Torque Limit A (Per Gear/Engine Speed)" address="DD440">
		<table name="X" address="DD3E8"/>
		<table name="Y" address="DD428"/>
	</table>
	
	<table name="Requested Torque Limit B (Per Gear/Engine Speed)" address="DD558">
		<table name="X" address="DD500"/>
		<table name="Y" address="DD540"/>
	</table>
	
  <table name="Target Boost_" address="c0ed4">
    <table name="X" address="c0e6c" />
    <table name="Y" address="c0e98" />
  </table>
  <table name="Target Boost Compensation (ECT)" address="c0888">
    <table name="Y" address="c07a8" />
  </table>
  <table name="Target Boost Compensation (1st Gear)" address="c07a0" />
  <table name="Target Boost Compensation (1st Gear) Speed Disable" address="c079c" />
  <table name="Target Boost Compensation (IAT)_" address="c09d0">
    <table name="Y" address="c09b8" />
  </table>
  <table name="Target Boost Compensation (Atm. Pressure)_" address="c0a58">
    <table name="X" address="c0a28" />
    <table name="Y" address="c0a40" />
  </table>
  <table name="Boost Limit (Fuel Cut)_" address="cd3c0">
    <table name="X" address="cd390" />
    <table name="Y" address="cd3a8" />
  </table>
  <table name="Boost Control Disable (IAM)" address="c0790" />
  <table name="Boost Control Disable (Fine Correction)" address="c078c" />
  <table name="Boost Control Disable Delay (Fine Correction)" address="c0741" />
  <table name="Initial Wastegate Duty_" address="c0ce4">
    <table name="X" address="c0c74" elements="15" />
    <table name="Y" address="c0cb0" elements="13" />
  </table>
  <table name="Max Wastegate Duty_" address="c0aec">
    <table name="X" address="c0a7c" elements="15" />
    <table name="Y" address="c0ab8" elements="13" />
  </table>
  <table name="Max Wastegate Duty Limit Post-Compensation" address="14720" />
  <table name="Initial/Max Wastegate Duty Compensation (IAT)" address="c0828">
    <table name="Y" address="c07e8" />
  </table>
  <table name="Initial/Max Wastegate Duty Compensation (ECT)" address="c0848">
    <table name="Y" address="c07a8" />
  </table>
  <table name="Initial/Max Wastegate Duty Compensation (Atm. Pressure)" address="c0a10">
    <table name="X" address="c09e8" />
    <table name="Y" address="c0a00" />
  </table>
  <table name="Turbo Dynamics Proportional" address="c08bc">
    <table name="Y" address="c0898" />
  </table>
  <table name="Turbo Dynamics Integral Positive" address="c092c">
    <table name="Y" address="c0908" />
  </table>
  <table name="Turbo Dynamics Integral Negative" address="c08f4">
    <table name="Y" address="c08d0" />
  </table>
  <table name="TD Proportional Compensation (IAT)" address="c0858">
    <table name="Y" address="c07e8" elements="16" />
  </table>
  <table name="TD Integral Positive Compensation (IAT)" address="c0878">
    <table name="Y" address="c07e8" elements="16" />
  </table>
  <table name="TD Integral Negative Compensation (IAT)" address="c0868">
    <table name="Y" address="c07e8" elements="16" />
  </table>
  <table name="TD Activation Thresholds (RPM)" address="c077c" />
  <table name="TD Activation Thresholds (Target Boost)_" address="c0768" />
  <table name="TD Integral Cumulative Range (WGDC Correction)" address="c0784" />
  <table name="TD Integral Negative Activation (Boost Error)" address="c0770" />
  <table name="TD Integral Positive Activation (Boost Error)" address="c0774" />
  <table name="TD Integral Positive Activation (Wastegate Duty)" address="c0778" />
  <table name="Manifold Pressure Sensor Scaling_" address="d2d18" />
  <table name="Manifold Pressure Sensor Limits (CEL)" address="d2ce4" />
  <table name="Manifold Pressure Sensor CEL Delays" address="c383f" />
  <table name="Primary Open Loop Fueling" address="caf48">
    <table name="X" address="caec4" />
    <table name="Y" address="caf00" />
  </table>
  <table name="Primary Open Loop Fueling (Failsafe)" address="cb0dc">
    <table name="X" address="cb058" />
    <table name="Y" address="cb094" />
  </table>
  <table name="Primary Open Loop Fuel Map Switch (IAM)" address="c7460" />
  <table name="Minimum Active Primary Open Loop Enrichment" address="c7464" />
  <table name="Minimum Primary Open Loop Enrichment (Throttle)" address="c800c">
    <table name="Y" address="c7ff4" />
  </table>
  <table name="Minimum Primary Open Loop Enrichment (Accelerator)" address="c802c">
    <table name="Y" address="c8014" />
  </table>
  <table name="Primary Open Loop Fueling Compensation (ECT)" address="c9928">
    <table name="Y" address="c7890" />
  </table>
  <table name="Primary Open Loop Fueling Compensation (Timing Compensation)_" address="c7f9c">
    <table name="Y" address="c7f84" />
  </table>
  <table name="Front Oxygen Sensor Scaling" address="d3194">
    <table name="Y" address="d3160" />
  </table>
  <table name="Front Oxygen Sensor Rich Limit" address="219f4" />
  <table name="Front Oxygen Sensor Compensation (Atm. Pressure)" address="c2cb0">
    <table name="Y" address="c2ca0" />
  </table>
  <table name="CL Fueling Target Compensation A (Load)" address="cc440">
    <table name="X" address="cc3e8" />
    <table name="Y" address="cc414" elements="11" />
  </table>
  <table name="CL Fueling Target Compensation B (Load)" address="cc6d8">
    <table name="X" address="cc680" />
    <table name="Y" address="cc6ac" />
  </table>
  <table name="CL Fueling Target Compensation Imm. Cruise (ECT)" address="cc31c">
    <table name="X" address="c7890" />
    <table name="Y" address="cc310" />
  </table>
  <table name="CL Fueling Target Compensation Imm. Non-Cruise (ECT)" address="cc388">
    <table name="X" address="c7890" />
    <table name="Y" address="cc37c" />
  </table>
  <table name="CL to OL Delay_" address="c6f66" />
  <table name="CL to OL Transition with Delay (Throttle)" address="c7fe4">
    <table name="Y" address="c7fa4" />
  </table>
  <table name="CL to OL Transition with Delay Throttle Hysteresis" address="c746c" />
  <table name="CL to OL Transition with Delay (Base Pulse Width)" address="c9854">
    <table name="Y" address="c9814" />
  </table>
  <table name="CL to OL Transition with Delay BPW Hysteresis" address="c7468" />
  <table name="CL to OL Transition Counter Step Value (MAF)" address="c989c">
    <table name="Y" address="c9874" />
  </table>
  <table name="CL Delay Maximum (Throttle)" address="c74cc" />
  <table name="CL Delay Maximum (Vehicle Speed)" address="c74e8" />
  <table name="CL Delay Minimum (ECT)" address="c7470" />
  <table name="CL Delay Maximum (Engine Load)" address="c74f8" />
  <table name="CL Delay Engine Load Counter Threshold" address="c6f5e" />
  <table name="CL Delay Maximum Engine Speed (Per Gear)" address="c7474" />
  <table name="CL Delay Maximum Engine Speed (Neutral)" address="c749c" />
  <table name="Injector Latency_" address="cbfd8">
    <table name="X" address="cbfb8" />
    <table name="Y" address="cbfcc" />
  </table>
  <table name="Injector Flow Scaling" address="c712c" />
  <table name="Per Injector Pulse Width Compensation A" address="cb798">
    <table name="X" address="cb710" />
    <table name="Y" address="cb754" elements="17" />
  </table>
  <table name="Per Injector Pulse Width Compensation B" address="cb944">
    <table name="X" address="cb8bc" />
    <table name="Y" address="cb900" elements="17" />
  </table>
  <table name="Per Injector Pulse Width Compensation C" address="cbaf0">
    <table name="X" address="cba68" />
    <table name="Y" address="cbaac" elements="17" />
  </table>
  <table name="Per Injector Pulse Width Compensation D" address="cbc9c">
    <table name="X" address="cbc14" />
    <table name="Y" address="cbc58" elements="17" />
  </table>
  <table name="Cranking Fuel Injector Pulse Width A (ECT)" address="c8552">
    <table name="Y" address="c7890" />
  </table>
  <table name="Cranking Fuel Injector Pulse Width B (ECT)" address="c8572">
    <table name="Y" address="c7890" />
  </table>
  <table name="Cranking Fuel Injector Pulse Width C (ECT)" address="c8592">
    <table name="Y" address="c7890" />
  </table>
  <table name="Cranking Fuel Injector Pulse Width D (ECT)" address="c85b2">
    <table name="Y" address="c7890" />
  </table>
  <table name="Cranking Fuel Injector Pulse Width E (ECT)" address="c85d2">
    <table name="Y" address="c7890" />
  </table>
  <table name="Cranking Fuel Injector Pulse Width F (ECT)" address="c85f2">
    <table name="Y" address="c7890" />
  </table>
  <table name="Cranking Fuel IPW Compensation Imm. Cruise (RPM)" address="ca924">
    <table name="X" address="ca8f4" />
    <table name="Y" address="ca908" />
  </table>
  <table name="Cranking Fuel IPW Compensation Imm. Non-Cruise (RPM)" address="ca8d0">
    <table name="X" address="ca8a0" />
    <table name="Y" address="ca8b4" />
  </table>
  <table name="Cranking Fuel IPW Compensation (MAP)" address="c7ad4">
    <table name="Y" address="c7aac" />
  </table>
  <table name="Cranking Fuel IPW Compensation (Accelerator)" address="c7b08">
    <table name="Y" address="c7ae0" elements="10" />
  </table>
  <table name="Cranking Fuel IPW Compensation (IAT)" address="c7b28">
    <table name="Y" address="c7b14" />
  </table>
  <table name="Throttle Tip-in Enrichment A" address="c9f80">
    <table name="Y" address="c9f38" />
  </table>
  <table name="Throttle Tip-in Enrichment B" address="c9fec">
    <table name="Y" address="c9fa4" />
  </table>
  <table name="Minimum Tip-in Enrichment Activation" address="c7788" />
  <table name="Minimum Tip-in Enrichment Activation (Throttle)" address="c7784" />
  <table name="Tip-in Enrichment Compensation (Boost Error)" address="c83b8">
    <table name="Y" address="c8394" />
  </table>
  <table name="Tip-in Enrichment Compensation (RPM)" address="c8384">
    <table name="Y" address="c8344" elements="16" />
  </table>
  <table name="Tip-in Enrichment Compensation A (ECT)" address="c83c1">
    <table name="Y" address="c7890" />
  </table>
  <table name="Tip-in Enrichment Compensation B (ECT)" address="ca010">
    <table name="Y" address="c7890" />
  </table>
  <table name="Tip-in Enrichment Compensation C (ECT)" address="ca030">
    <table name="Y" address="c7890" />
  </table>
  <table name="Tip-in Enrichment Compensation D (ECT)" address="ca070">
    <table name="Y" address="c78d0" />
  </table>
  <table name="Tip-in Enrichment Compensation D (ECT) Activation" address="c778c" />
  <table name="Tip-in Enrichment Disable Applied Counter Threshold A (ECT)" address="c83d1">
    <table name="Y" address="c7890" />
  </table>
  <table name="Tip-in Enrichment Disable Applied Counter Threshold B (ECT)" address="c83e1">
    <table name="Y" address="c7890" />
  </table>
  <table name="Tip-in Enrichment Applied Counter Reset" address="c6f11" />
  <table name="Tip-in Enrichment Disable Throttle Cumulative Threshold A (ECT)" address="ca090">
    <table name="Y" address="c7890" />
  </table>
  <table name="Tip-in Enrichment Disable Throttle Cumulative Threshold B (ECT)" address="ca0b0">
    <table name="Y" address="c7890" />
  </table>
  <table name="Tip-in Throttle Cumulative Reset" address="c6f12" />
  <table name="Min Primary Base Enrichment 1 Cruise" address="cab7c">
    <table name="X" address="c7890" />
    <table name="Y" address="cab58" elements="9" />
  </table>
  <table name="Min Primary Base Enrichment 1 Non-Cruise" address="caad8">
    <table name="X" address="c7890" />
    <table name="Y" address="caab8" />
  </table>
  <table name="Min Primary Base Enrichment 1 (Non-Primary OL)_" address="c7b8d">
    <table name="Y" address="c7890" />
  </table>
  <table name="A/F Learning #1 Limits" address="c7360" />
  <table name="A/F Learning #1 Airflow Ranges" address="c7370" />
  <table name="MAF Limit (Maximum)" address="c280c" />
  <table name="MAF Sensor Scaling" address="d3088">
    <table name="Y" address="d2fb0" />
  </table>
  <table name="MAF Compensation (IAT)" address="c2f84">
    <table name="X" address="c2f50" />
    <table name="Y" address="c2f64" />
  </table>
  <table name="Engine Load Limit A (Maximum)" address="202a0" />
  <table name="Engine Load Limit B Maximum (RPM)" address="c2bb0">
    <table name="Y" address="c2ba8" />
  </table>
  <table name="Engine Load Compensation Cruise (MP)" address="c3010">
    <table name="X" address="c2fac" />
    <table name="Y" address="c2fd8" elements="14" />
  </table>
  <table name="Engine Load Compensation Non-Cruise (MP)" address="c3110">
    <table name="X" address="c30ac" />
    <table name="Y" address="c30d8" elements="14" />
  </table>
  <table name="Base Timing Primary Cruise" address="cf9e0">
    <table name="X" address="cf95c" />
    <table name="Y" address="cf998" />
  </table>
  <table name="Base Timing Reference Cruise (AVCS related)" address="cfd08">
    <table name="X" address="cfc84" />
    <table name="Y" address="cfcc0" />
  </table>
  <table name="Base Timing Primary Non-Cruise" address="cfb74">
    <table name="X" address="cfaf0" />
    <table name="Y" address="cfb2c" />
  </table>
  <table name="Base Timing Reference Non-Cruise (AVCS related)" address="cfe9c">
    <table name="X" address="cfe18" />
    <table name="Y" address="cfe54" />
  </table>
  <table name="Base Timing Idle A (In-Gear)" address="cdf56">
    <table name="Y" address="cdd00" />
  </table>
  <table name="Base Timing Idle B (In-Gear)" address="cdf66">
    <table name="Y" address="cdd00" />
  </table>
  <table name="Base Timing Idle A (Neutral)" address="cdf76">
    <table name="Y" address="cdd00" />
  </table>
  <table name="Base Timing Idle B (Neutral)" address="cdf86">
    <table name="Y" address="cdd00" />
  </table>
  <table name="Base Timing Idle Minimum" address="cdf4d">
    <table name="Y" address="cdd80" />
  </table>
  <table name="Base Timing Idle Minimum Vehicle Speed Enable" address="cdb10" />
  <table name="Knock Correction Advance Max Cruise" address="cf634">
    <table name="X" address="cf5b0" elements="15" />
    <table name="Y" address="cf5ec" />
  </table>
  <table name="Knock Correction Advance Max Non-Cruise" address="cf7c8">
    <table name="X" address="cf744" elements="15" />
    <table name="Y" address="cf780" />
  </table>
  <table name="Timing Compensation A (IAT)" address="ce038">
    <table name="Y" address="cdff8" />
  </table>
  <table name="Timing Compensation A (IAT) Activation" address="cffec">
    <table name="X" address="cffac" />
    <table name="Y" address="cffcc" />
  </table>
  <table name="Timing Compensation B (IAT)" address="ce630">
    <table name="Y" address="ce5f0" />
  </table>
  <table name="Timing Compensation B (IAT) IAM Activation" address="cdcbc" />
  <table name="Timing Compensation B (IAT) Max Additive" address="cdca0" />
  <table name="Timing Compensation Imm. Cruise A (ECT)" address="cdfd6">
    <table name="Y" address="cdd00" />
  </table>
  <table name="Timing Compensation Imm. Cruise B (ECT)" address="cdfe6">
    <table name="Y" address="cdd00" />
  </table>
  <table name="Timing Compensation Imm. Non-Cruise A (ECT)" address="cdfb6">
    <table name="Y" address="cdd00" />
  </table>
  <table name="Timing Compensation Imm. Non-Cruise B (ECT)" address="cdfc6">
    <table name="Y" address="cdd00" />
  </table>
  <table name="Timing Compensation Per Cylinder A" address="cf1e8">
    <table name="X" address="cf19c" />
    <table name="Y" address="cf1d4" elements="5" />
  </table>
  <table name="Timing Compensation Per Cylinder B" address="cf27c">
    <table name="X" address="cf230" />
    <table name="Y" address="cf268" elements="5" />
  </table>
  <table name="Timing Compensation Per Cylinder C" address="cf310">
    <table name="X" address="cf2c4" />
    <table name="Y" address="cf2fc" elements="5" />
  </table>
  <table name="Timing Compensation Per Cylinder D" address="cf3a8">
    <table name="X" address="cf358" />
    <table name="Y" address="cf390" elements="6" />
  </table>
  <table name="Timing Comp Minimum Load (Per Cylinder)" address="cd878" />
  <table name="Timing Comp Maximum RPM (Per Cylinder)" address="cd874" />
  <table name="Timing Comp Minimum Coolant Temp (Per Cylinder)" address="cd87c" />
  <table name="Feedback Correction Range (RPM)" address="cd888" />
  <table name="Feedback Correction Minimum Load" address="cd880" />
  <table name="Feedback Correction Retard Value" address="cd8a8" />
  <table name="Feedback Correction Retard Limit" address="cd8a4" />
  <table name="Feedback Correction Negative Advance Value" address="cd8ac" />
  <table name="Feedback Correction Negative Advance Delay" address="cd7ee" />
  <table name="Extended Feedback Correction High RPM Compensation" address="cd8b4" />
  <table name="Fine Correction Range (RPM)" address="cda08" />
  <table name="Fine Correction Range (Load)" address="cda18" />
  <table name="Fine Correction Rows (RPM)" address="cd9c4" />
  <table name="Fine Correction Columns (Load)" address="cd9e0" />
  <table name="Fine Correction Retard Value" address="cda04" />
  <table name="Fine Correction Retard Limit" address="cda00" />
  <table name="Fine Correction Advance Value" address="cd9fc" />
  <table name="Fine Correction Advance Limit" address="cd9f8" />
  <table name="Fine Correction Advance Delay" address="cd7fe" />
  <table name="Rough Correction Range (RPM)" address="cd974" />
  <table name="Rough Correction Range (Load)" address="cd984" />
  <table name="Rough Correction Minimum KC Advance Map Value" address="cd994" />
  <table name="Rough Correction Learning Delay (Increasing)_" address="ce820">
    <table name="Y" address="ce7f8" />
  </table>
  <table name="Advance Multiplier (Initial)" address="cd998" />
  <table name="Advance Multiplier Step Value" address="cd99c" />
  <table name="Intake Cam Advance Angle Cruise (AVCS)" address="d4c9c">
    <table name="X" address="d4c20" elements="15" />
    <table name="Y" address="d4c5c" elements="16" />
  </table>
  <table name="Intake Cam Advance Angle Non-Cruise (AVCS)" address="d4ef8">
    <table name="X" address="d4e7c" elements="15" />
    <table name="Y" address="d4eb8" elements="16" />
  </table>
  <table name="Requested Torque A (Accelerator Pedal)" address="dd698">
    <table name="X" address="dd618" />
    <table name="Y" address="dd654" />
  </table>
  <table name="Requested Torque B (Accelerator Pedal)" address="dd918">
    <table name="X" address="dd898" />
    <table name="Y" address="dd8d4" />
  </table>
  <table name="Requested Torque C (Accelerator Pedal)" address="ddb98">
    <table name="X" address="ddb18" />
    <table name="Y" address="ddb54" />
  </table>
  <table name="Requested Torque Base (RPM)" address="dc838">
    <table name="Y" address="dc7f8" />
  </table>
  <table name="Target Throttle Plate Position Cruise (Requested Torque Ratio)" address="dcce8">
    <table name="X" address="dcc68" elements="16" />
    <table name="Y" address="dcca8" />
  </table>
  <table name="Target Throttle Plate Position Non-Cruise (Requested Torque Ratio)" address="dcf68">
    <table name="X" address="dcee8" elements="16" />
    <table name="Y" address="dcf28" />
  </table>
  <table name="Target Throttle Plate Position Maximum (Requested Torque Ratio)" address="dd1e8">
    <table name="X" address="dd168" elements="16" />
    <table name="Y" address="dd1a8" />
  </table>
  <table name="Rev Limit (Fuel Cut)" address="c77e4" />
  <table name="Rev Limit Fuel Resume (Boost)" address="c77ec" />
  <table name="Speed Limiting Enable (Fuel Cut)" address="c7834" />
  <table name="Speed Limiting Disable (Fuel Cut)" address="c783c" />
  <table name="Speed Limiting A (Throttle)" address="dc644" />
  <table name="Speed Limiting B (Throttle)" address="dc65c" />
  <table name="Intake Temp Sensor Scaling" address="d2eb8">
    <table name="Y" address="d2e40" />
  </table>
  <table name="Coolant Temp Sensor Scaling" address="d2dd0">
    <table name="Y" address="d2d60" />
  </table>
  <table name="Radiator Fan Modes A (ECT)" address="d3458" />
  <table name="Radiator Fan Modes B (ECT)" address="d3468" />
  <table name="Radiator Fan Modes (Veh. Speed)" address="d3478" />
  <table name="Gear Determination Thresholds A" address="c2a04" />
  <table name="Gear Determination Thresholds B" address="c2a18" />
  <table name="Gear Determination Thresholds C" address="c2a2c" />
  <table name="Idle Speed Target A" address="d122c">
    <table name="Y" address="d0bc4" />
  </table>
  <table name="Idle Speed Target B" address="d126c">
    <table name="Y" address="d0bc4" />
  </table>
  <table name="Idle Speed Target C" address="d12ac">
    <table name="Y" address="d0bc4" />
  </table>
  <table name="Force Pass Readiness Monitors_" address="7f9a4" />
  <table name="(P0000) PASS CODE (NO DTC DETECTED)" address="74cdf" />
  <table name="(P0000) PASS CODE (NO DTC DETECTED)_" address="74ce0" />
  <table name="(P0011) CAMSHAFT POS. - TIMING OVER-ADVANCED 1" address="74cc3" />
  <table name="(P0016) CRANKSHAFT/CAMSHAFT CORRELATION 1A" address="74d56" />
  <table name="(P0018) CRANKSHAFT/CAMSHAFT CORRELATION 2A" address="74d55" />
  <table name="(P0021) CAMSHAFT POS. - TIMING OVER-ADVANCED 2" address="74cc4" />
  <table name="(P0031) FRONT O2 SENSOR LOW INPUT" address="74cee" />
  <table name="(P0032) FRONT O2 SENSOR HIGH INPUT" address="74cec" />
  <table name="(P0037) REAR O2 SENSOR LOW INPUT" address="74ced" />
  <table name="(P0038) REAR O2 SENSOR HIGH INPUT" address="74ceb" />
  <table name="(P0102) MAF SENSOR LOW INPUT" address="74c9d" />
  <table name="(P0103) MAF SENSOR HIGH INPUT" address="74c9e" />
  <table name="(P0107) MAP SENSOR LOW INPUT" address="74cef" />
  <table name="(P0108) MAP SENSOR HIGH INPUT" address="74cf0" />
  <table name="(P0112) IAT SENSOR LOW INPUT" address="74ce8" />
  <table name="(P0113) IAT SENSOR HIGH INPUT" address="74ce9" />
  <table name="(P0117) COOLANT TEMP SENSOR LOW INPUT" address="74ca6" />
  <table name="(P0118) COOLANT TEMP SENSOR HIGH INPUT" address="74ca7" />
  <table name="(P0122) TPS A LOW INPUT" address="74ca4" />
  <table name="(P0123) TPS A HIGH INPUT" address="74ca5" />
  <table name="(P0125) INSUFFICIENT COOLANT TEMP (FUELING)" address="74ca9" />
  <table name="(P0131) FRONT O2 SENSOR LOW INPUT" address="74ce2" />
  <table name="(P0132) FRONT O2 SENSOR HIGH INPUT" address="74ce4" />
  <table name="(P0134) FRONT O2 SENSOR NO ACTIVITY" address="74d02" />
  <table name="(P0140) REAR O2 SENSOR NO ACTIVITY" address="74d50" />
  <table name="(P0171) SYSTEM TOO LEAN" address="74cd6" />
  <table name="(P0172) SYSTEM TOO RICH" address="74cd7" />
  <table name="(P0222) TPS B LOW INPUT" address="74d0c" />
  <table name="(P0223) TPS B HIGH INPUT" address="74d0d" />
  <table name="(P0230) FUEL PUMP PRIMARY CIRCUIT" address="74cfe" />
  <table name="(P0244) WASTEGATE SOLENOID A RANGE/PERF" address="74cfc" />
  <table name="(P0245) WASTEGATE SOLENOID A LOW" address="74cfa" />
  <table name="(P0246) WASTEGATE SOLENOID A HIGH" address="74cfb" />
  <table name="(P0301) MISFIRE CYLINDER 1" address="74cd8" />
  <table name="(P0302) MISFIRE CYLINDER 2" address="74cd9" />
  <table name="(P0303) MISFIRE CYLINDER 3" address="74cda" />
  <table name="(P0304) MISFIRE CYLINDER 4" address="74cdb" />
  <table name="(P0327) KNOCK SENSOR 1 LOW INPUT" address="74ca2" />
  <table name="(P0328) KNOCK SENSOR 1 HIGH INPUT" address="74ca3" />
  <table name="(P0335) CRANKSHAFT POS. SENSOR A MALFUNCTION" address="74c98" />
  <table name="(P0340) CAMSHAFT POS. SENSOR A MALFUNCTION" address="74d20" />
  <table name="(P0345) CAMSHAFT POS. SENSOR A BANK 2" address="74d1f" />
  <table name="(P0410) SECONDARY AIR PUMP SYSTEM" address="74d4a" />
  <table name="(P0413) SECONDARY AIR PUMP A OPEN" address="74d4e" />
  <table name="(P0414) SECONDARY AIR PUMP A SHORTED" address="74d53" />
  <table name="(P0418) SECONDARY AIR PUMP RELAY A" address="74d4f" />
  <table name="(P0420) CAT EFFICIENCY BELOW THRESHOLD" address="74cd2" />
  <table name="(P0458) EVAP PURGE VALVE CIRCUIT LOW" address="74cc7" />
  <table name="(P0459) EVAP PURGE VALVE CIRCUIT HIGH" address="74cc8" />
  <table name="(P0462) FUEL LEVEL SENSOR LOW INPUT" address="74caa" />
  <table name="(P0463) FUEL LEVEL SENSOR HIGH INPUT" address="74cab" />
  <table name="(P0500) VEHICLE SPEED SENSOR A" address="74c9f" />
  <table name="(P0512) STARTER REQUEST CIRCUIT" address="74cae" />
  <table name="(P0600) SERIAL COMMUNICATION LINK" address="74d1c" />
  <table name="(P0604) CONTROL MODULE RAM ERROR" address="74c9c" />
  <table name="(P0605) CONTROL MODULE ROM ERROR" address="74d21" />
  <table name="(P0607) CONTROL MODULE PERFORMANCE" address="74d14" />
  <table name="(P0638) THROTTLE ACTUATOR RANGE/PERF" address="74d13" />
  <table name="(P0691) RADIATOR FAN CIRCUIT LOW" address="74cc1" />
  <table name="(P0692) RADIATOR FAN CIRCUIT HIGH" address="74cc2" />
  <table name="(P0851) NEUTRAL SWITCH INPUT LOW" address="74cb2" />
  <table name="(P0852) NEUTRAL SWITCH INPUT HIGH" address="74cb6" />
  <table name="(P1160) ABNORMAL RETURN SPRING" address="74d0e" />
  <table name="(P1410) SECONDARY AIR PUMP VALVE STUCK OPEN" address="74d57" />
  <table name="(P1418) SECONDARY AIR PUMP CIRCUIT SHORTED" address="74d54" />
  <table name="(P1519) IMRC STUCK CLOSED" address="74d62" />
  <table name="(P1520) IMRC CIRCUIT MALFUNCTION" address="74d61" />
  <table name="(P1560) BACK-UP VOLTAGE MALFUNCTION" address="74cf7" />
  <table name="(P1616) SBDS INTERACTIVE CODES" address="74d60" />
  <table name="(P2004) TGV - INTAKE MANIFOLD RUNNER 1 STUCK OPEN" address="74d38" />
  <table name="(P2005) TGV - INTAKE MANIFOLD RUNNER 2 STUCK OPEN" address="74d3a" />
  <table name="(P2006) TGV - INTAKE MANIFOLD RUNNER 1 STUCK CLOSED" address="74d39" />
  <table name="(P2007) TGV - INTAKE MANIFOLD RUNNER 2 STUCK CLOSED" address="74d3b" />
  <table name="(P2008) TGV - INTAKE MANIFOLD RUNNER 1 CIRCUIT OPEN" address="74d46" />
  <table name="(P2009) TGV - INTAKE MANIFOLD RUNNER 1 CIRCUIT LOW" address="74d44" />
  <table name="(P2011) TGV - INTAKE MANIFOLD RUNNER 2 CIRCUIT OPEN" address="74d47" />
  <table name="(P2012) TGV - INTAKE MANIFOLD RUNNER 2 CIRCUIT LOW" address="74d45" />
  <table name="(P2016) TGV - INTAKE MANIFOLD RUNNER 1 POS. SENSOR LOW" address="74d40" />
  <table name="(P2017) TGV - INTAKE MANIFOLD RUNNER 1 POS. SENSOR HIGH" address="74d41" />
  <table name="(P2021) TGV - INTAKE MANIFOLD RUNNER 2 POS. SENSOR LOW" address="74d42" />
  <table name="(P2022) TGV - INTAKE MANIFOLD RUNNER 2 POS. SENSOR HIGH" address="74d43" />
  <table name="(P2088) OCV SOLENOID A1 CIRCUIT OPEN" address="74d29" />
  <table name="(P2089) OCV SOLENOID A1 CIRCUIT SHORT" address="74d28" />
  <table name="(P2092) OCV SOLENOID A2 CIRCUIT OPEN" address="74d27" />
  <table name="(P2093) OCV SOLENOID A2 CIRCUIT SHORT" address="74d26" />
  <table name="(P2101) THROTTLE ACTUATOR CIRCUIT RANGE/PERF" address="74d11" />
  <table name="(P2102) THROTTLE ACTUATOR CIRCUIT LOW" address="74d0f" />
  <table name="(P2103) THROTTLE ACTUATOR CIRCUIT HIGH" address="74d10" />
  <table name="(P2109) TPS A MINIMUM STOP PERF" address="74d0b" />
  <table name="(P2122) TPS D CIRCUIT LOW INPUT" address="74d18" />
  <table name="(P2123) TPS D CIRCUIT HIGH INPUT" address="74d19" />
  <table name="(P2127) TPS E CIRCUIT LOW INPUT" address="74d16" />
  <table name="(P2128) TPS E CIRCUIT HIGH INPUT" address="74d17" />
  <table name="(P2135) TPS A/B VOLTAGE" address="74d1a" />
  <table name="(P2138) TPS D/E VOLTAGE" address="74d15" />
  <table name="(P2419) EVAP SWITCHING VALVE LOW" address="74d64" />
  <table name="(P2420) EVAP SWITCHING VALVE HIGH" address="74d65" />
  <table name="(P2432) SECONDARY AIR PUMP CIRCUIT LOW" address="74d4d" />
  <table name="(P2433) SECONDARY AIR PUMP CIRCUIT HIGH" address="74d4c" />
  <table name="(P2441) SECONDARY AIR PUMP VALVE 1 STUCK CLOSED" address="74d5a" />
  <table name="(P2444) SECONDARY AIR PUMP 1 STUCK ON B1" address="74d48" />
  <table name="(P2503) CHARGING SYSTEM VOLTAGE LOW" address="74d37" />
  <table name="(P2504) CHARGING SYSTEM VOLTAGE HIGH" address="74d36" />
</rom>