<rom>
  <romid>
    <xmlid>AZ1G401V</xmlid>
    <internalidaddress>2004</internalidaddress>
    <internalidstring>AZ1G401V</internalidstring>
    <ecuid>6612784007</ecuid>
    <year>09</year>
    <market>USDM</market>
    <make>Subaru</make>
    <model>Impreza</model>
    <submodel>WRX</submodel>
    <transmission>MT</transmission>
    <memmodel>SH7058</memmodel>
    <flashmethod>subarucan</flashmethod>
    <checksummodule>subarudbw</checksummodule>
  </romid>
  <include>32BITBASE</include>
  
	<!-- Ignition Dwell Table -->
	
	<table name="Ignition Dwell" address="D556C">
		<table name="X" address="D5518"/>
		<table name="Y" address="D5558"/>
	</table>
  
	<!-- Per Gear Requested Torque Limits -->
	
    <table name="Requested Torque Limit A (Per Gear/Engine Speed)" address="DD470">
		<table name="X" address="DD418"/>
		<table name="Y" address="DD458"/>
	</table>
	
	<table name="Requested Torque Limit B (Per Gear/Engine Speed)" address="DD588">
		<table name="X" address="DD530"/>
		<table name="Y" address="DD570"/>
	</table>
  
  	<!-- Alpha Fuel pump duty tables -->
	
	<table name="Fuel Pump Duty" address="45328"/>
	
  <table name="Target Boost_" address="c0d14">
    <table name="X" address="c0cac" />
    <table name="Y" address="c0cd8" />
  </table>
  <table name="Target Boost Compensation (ECT)" address="c06c8">
    <table name="Y" address="c05e8" />
  </table>
  <table name="Target Boost Compensation (1st Gear)" address="c05e0" />
  <table name="Target Boost Compensation (1st Gear) Speed Disable" address="c05dc" />
  <table name="Target Boost Compensation (IAT)_" address="c0810">
    <table name="Y" address="c07f8" />
  </table>
  <table name="Target Boost Compensation (Atm. Pressure)_" address="c0898">
    <table name="X" address="c0868" />
    <table name="Y" address="c0880" />
  </table>
  <table name="Boost Limit (Fuel Cut)_" address="cee54">
    <table name="X" address="cee24" />
    <table name="Y" address="cee3c" />
  </table>
  <table name="Boost Control Disable (IAM)" address="c05d0" />
  <table name="Boost Control Disable (Fine Correction)" address="c05cc" />
  <table name="Boost Control Disable Delay (Fine Correction)" address="c0581" />
  <table name="Initial Wastegate Duty_" address="c0b24">
    <table name="X" address="c0ab4" elements="15" />
    <table name="Y" address="c0af0" elements="13" />
  </table>
  <table name="Max Wastegate Duty_" address="c092c">
    <table name="X" address="c08bc" elements="15" />
    <table name="Y" address="c08f8" elements="13" />
  </table>
  <table name="Max Wastegate Duty Limit Post-Compensation" address="13d98" />
  <table name="Initial/Max Wastegate Duty Compensation (IAT)" address="c0668">
    <table name="Y" address="c0628" />
  </table>
  <table name="Initial/Max Wastegate Duty Compensation (ECT)" address="c0688">
    <table name="Y" address="c05e8" />
  </table>
  <table name="Initial/Max Wastegate Duty Compensation (Atm. Pressure)" address="c0850">
    <table name="X" address="c0828" />
    <table name="Y" address="c0840" />
  </table>
  <table name="Turbo Dynamics Proportional" address="c06fc">
    <table name="Y" address="c06d8" />
  </table>
  <table name="Turbo Dynamics Integral Positive" address="c076c">
    <table name="Y" address="c0748" />
  </table>
  <table name="Turbo Dynamics Integral Negative" address="c0734">
    <table name="Y" address="c0710" />
  </table>
  <table name="TD Proportional Compensation (IAT)" address="c0698">
    <table name="Y" address="c0628" elements="16" />
  </table>
  <table name="TD Integral Positive Compensation (IAT)" address="c06b8">
    <table name="Y" address="c0628" elements="16" />
  </table>
  <table name="TD Integral Negative Compensation (IAT)" address="c06a8">
    <table name="Y" address="c0628" elements="16" />
  </table>
  <table name="TD Activation Thresholds (RPM)" address="c05bc" />
  <table name="TD Activation Thresholds (Target Boost)_" address="c05a8" />
  <table name="TD Integral Cumulative Range (WGDC Correction)" address="c05c4" />
  <table name="TD Integral Negative Activation (Boost Error)" address="c05b0" />
  <table name="TD Integral Positive Activation (Boost Error)" address="c05b4" />
  <table name="TD Integral Negative Activation (Wastegate Duty)" address="c05b8" />
  <table name="Manifold Pressure Sensor Scaling_" address="d4ea4" />
  <table name="Manifold Pressure Sensor Limits (CEL)" address="d4e44" />
  <table name="Manifold Pressure Sensor CEL Delays" address="c3bf6" />
  <table name="Primary Open Loop Fueling" address="cc784">
    <table name="X" address="cc6f8" elements="17" />
    <table name="Y" address="cc73c" />
  </table>
  <table name="Primary Open Loop Fueling (Failsafe)" address="cc944">
    <table name="X" address="cc8b8" elements="17" />
    <table name="Y" address="cc8fc" />
  </table>
  <table name="Primary Open Loop Fuel Map Switch (IAM)" address="c8c68" />
  <table name="Minimum Active Primary Open Loop Enrichment" address="c8c6c" />
  <table name="Minimum Primary Open Loop Enrichment (Throttle)" address="c9814">
    <table name="Y" address="c97fc" />
  </table>
  <table name="Minimum Primary Open Loop Enrichment (Accelerator)" address="c9834">
    <table name="Y" address="c981c" />
  </table>
  <table name="Primary Open Loop Fueling Compensation (ECT)" address="cb130">
    <table name="Y" address="c9098" />
  </table>
  <table name="Primary Open Loop Fueling Compensation (Timing Compensation)_" address="c97a4">
    <table name="Y" address="c978c" />
  </table>
  <table name="Front Oxygen Sensor Scaling" address="d53f4">
    <table name="Y" address="d53c0" />
  </table>
  <table name="Front Oxygen Sensor Rich Limit" address="2135c" />
  <table name="Front Oxygen Sensor Compensation (Atm. Pressure)" address="c3038">
    <table name="Y" address="c3028" />
  </table>
  <table name="CL Fueling Target Compensation A (Load)" address="cdf24">
    <table name="X" address="cded0" />
    <table name="Y" address="cdefc" />
  </table>
  <table name="CL Fueling Target Compensation B (Load)" address="ce184">
    <table name="X" address="ce130" />
    <table name="Y" address="ce15c" elements="10" />
  </table>
  <table name="CL Fueling Target Compensation Imm. Cruise (ECT)" address="cde04">
    <table name="X" address="c9098" />
    <table name="Y" address="cddf8" />
  </table>
  <table name="CL Fueling Target Compensation Imm. Non-Cruise (ECT)" address="cde70">
    <table name="X" address="c9098" />
    <table name="Y" address="cde64" />
  </table>
  <table name="CL to OL Delay_" address="c8778" />
  <table name="CL to OL Transition with Delay (Throttle)" address="c97ec">
    <table name="Y" address="c97ac" />
  </table>
  <table name="CL to OL Transition with Delay Throttle Hysteresis" address="c8c74" />
  <table name="CL to OL Transition with Delay (Base Pulse Width)" address="cb05c">
    <table name="Y" address="cb01c" />
  </table>
  <table name="CL to OL Transition with Delay BPW Hysteresis" address="c8c70" />
  <table name="CL to OL Transition Counter Step Value (MAF)" address="cb0a4">
    <table name="Y" address="cb07c" />
  </table>
  <table name="CL Delay Maximum (Throttle)" address="c8cd4" />
  <table name="CL Delay Maximum (Vehicle Speed)" address="c8cf0" />
  <table name="CL Delay Minimum (ECT)" address="c8c78" />
  <table name="CL Delay Maximum (Engine Load)" address="c8d00" />
  <table name="CL Delay Engine Load Counter Threshold" address="c8770" />
  <table name="CL Delay Maximum Engine Speed (Per Gear)" address="c8c7c" />
  <table name="CL Delay Maximum Engine Speed (Neutral)" address="c8ca4" />
  <table name="Injector Latency_" address="cdac0">
    <table name="X" address="cdaa0" />
    <table name="Y" address="cdab4" />
  </table>
  <table name="Injector Flow Scaling" address="c893c" />
  <table name="Per Injector Pulse Width Compensation A" address="cd23c">
    <table name="X" address="cd1b4" />
    <table name="Y" address="cd1f8" elements="17" />
  </table>
  <table name="Per Injector Pulse Width Compensation B" address="cd3e8">
    <table name="X" address="cd360" />
    <table name="Y" address="cd3a4" elements="17" />
  </table>
  <table name="Per Injector Pulse Width Compensation C" address="cd594">
    <table name="X" address="cd50c" />
    <table name="Y" address="cd550" elements="17" />
  </table>
  <table name="Per Injector Pulse Width Compensation D" address="cd740">
    <table name="X" address="cd6b8" />
    <table name="Y" address="cd6fc" elements="17" />
  </table>
  <table name="Cranking Fuel Injector Pulse Width A (ECT)" address="c9d5a">
    <table name="Y" address="c9098" />
  </table>
  <table name="Cranking Fuel Injector Pulse Width B (ECT)" address="c9d7a">
    <table name="Y" address="c9098" />
  </table>
  <table name="Cranking Fuel Injector Pulse Width C (ECT)" address="c9d9a">
    <table name="Y" address="c9098" />
  </table>
  <table name="Cranking Fuel Injector Pulse Width D (ECT)" address="c9dba">
    <table name="Y" address="c9098" />
  </table>
  <table name="Cranking Fuel Injector Pulse Width E (ECT)" address="c9dda">
    <table name="Y" address="c9098" />
  </table>
  <table name="Cranking Fuel Injector Pulse Width F (ECT)" address="c9dfa">
    <table name="Y" address="c9098" />
  </table>
  <table name="Cranking Fuel IPW Compensation Imm. Cruise (RPM)" address="cc158">
    <table name="X" address="cc128" />
    <table name="Y" address="cc13c" />
  </table>
  <table name="Cranking Fuel IPW Compensation Imm. Non-Cruise (RPM)" address="cc104">
    <table name="X" address="cc0d4" />
    <table name="Y" address="cc0e8" />
  </table>
  <table name="Cranking Fuel IPW Compensation (MAP)" address="c92dc">
    <table name="Y" address="c92b4" />
  </table>
  <table name="Cranking Fuel IPW Compensation (Accelerator)" address="c9310">
    <table name="Y" address="c92e8" elements="10" />
  </table>
  <table name="Cranking Fuel IPW Compensation (IAT)" address="c9330">
    <table name="Y" address="c931c" />
  </table>
  <table name="Throttle Tip-in Enrichment A" address="cb7b4">
    <table name="Y" address="cb76c" />
  </table>
  <table name="Throttle Tip-in Enrichment B" address="cb820">
    <table name="Y" address="cb7d8" />
  </table>
  <table name="Minimum Tip-in Enrichment Activation" address="c8f90" />
  <table name="Minimum Tip-in Enrichment Activation (Throttle)" address="c8f8c" />
  <table name="Tip-in Enrichment Compensation (Boost Error)" address="c9bc0">
    <table name="Y" address="c9b9c" />
  </table>
  <table name="Tip-in Enrichment Compensation (RPM)" address="c9b8c">
    <table name="Y" address="c9b4c" elements="16" />
  </table>
  <table name="Tip-in Enrichment Compensation A (ECT)" address="c9bc9">
    <table name="Y" address="c9098" />
  </table>
  <table name="Tip-in Enrichment Compensation B (ECT)" address="cb844">
    <table name="Y" address="c9098" />
  </table>
  <table name="Tip-in Enrichment Compensation C (ECT)" address="cb864">
    <table name="Y" address="c9098" />
  </table>
  <table name="Tip-in Enrichment Compensation D (ECT)" address="cb8a4">
    <table name="Y" address="c90d8" />
  </table>
  <table name="Tip-in Enrichment Compensation D (ECT) Activation" address="c8f94" />
  <table name="Tip-in Enrichment Disable Applied Counter Threshold A (ECT)" address="c9bd9">
    <table name="Y" address="c9098" />
  </table>
  <table name="Tip-in Enrichment Disable Applied Counter Threshold B (ECT)" address="c9be9">
    <table name="Y" address="c9098" />
  </table>
  <table name="Tip-in Enrichment Applied Counter Reset" address="c8722" />
  <table name="Tip-in Enrichment Disable Throttle Cumulative Threshold A (ECT)" address="cb8c4">
    <table name="Y" address="c9098" />
  </table>
  <table name="Tip-in Enrichment Disable Throttle Cumulative Threshold B (ECT)" address="cb8e4">
    <table name="Y" address="c9098" />
  </table>
  <table name="Tip-in Throttle Cumulative Reset" address="c8723" />
  <table name="Min Primary Base Enrichment 1 Cruise" address="cc3b0">
    <table name="X" address="c9098" />
    <table name="Y" address="cc38c" elements="9" />
  </table>
  <table name="Min Primary Base Enrichment 1 Non-Cruise" address="cc30c">
    <table name="X" address="c9098" />
    <table name="Y" address="cc2ec" />
  </table>
  <table name="Min Primary Base Enrichment 1 (Non-Primary OL)_" address="c9395">
    <table name="Y" address="c9098" />
  </table>
  <table name="A/F Learning #1 Limits" address="c8b70" />
  <table name="A/F Learning #1 Airflow Ranges" address="c8b80" />
  <table name="MAF Limit (Maximum)" address="c2b94" />
  <table name="MAF Sensor Scaling" address="d52e8">
    <table name="Y" address="d5210" />
  </table>
  <table name="MAF Compensation (IAT)" address="c330c">
    <table name="X" address="c32d8" />
    <table name="Y" address="c32ec" />
  </table>
  <table name="Engine Load Limit A (Maximum)" address="1fc08" />
  <table name="Engine Load Limit B Maximum (RPM)" address="c2f38">
    <table name="Y" address="c2f30" />
  </table>
  <table name="Engine Load Compensation Cruise (MP)" address="c3398">
    <table name="X" address="c3334" />
    <table name="Y" address="c3360" elements="14" />
  </table>
  <table name="Engine Load Compensation Non-Cruise (MP)" address="c3498">
    <table name="X" address="c3434" />
    <table name="Y" address="c3460" elements="14" />
  </table>
  <table name="Base Timing Primary Cruise" address="d15b8">
    <table name="X" address="d152c" elements="17" />
    <table name="Y" address="d1570" />
  </table>
  <table name="Base Timing Reference Cruise (AVCS related)" address="d1938">
    <table name="X" address="d18ac" elements="17" />
    <table name="Y" address="d18f0" />
  </table>
  <table name="Base Timing Primary Non-Cruise" address="d1778">
    <table name="X" address="d16ec" elements="17" />
    <table name="Y" address="d1730" />
  </table>
  <table name="Base Timing Reference Non-Cruise (AVCS related)" address="d1af8">
    <table name="X" address="d1a6c" elements="17" />
    <table name="Y" address="d1ab0" />
  </table>
  <table name="Base Timing Idle A (In-Gear)" address="cfa46">
    <table name="Y" address="cf7f0" />
  </table>
  <table name="Base Timing Idle B (In-Gear)" address="cfa56">
    <table name="Y" address="cf7f0" />
  </table>
  <table name="Base Timing Idle A (Neutral)" address="cfa66">
    <table name="Y" address="cf7f0" />
  </table>
  <table name="Base Timing Idle B (Neutral)" address="cfa76">
    <table name="Y" address="cf7f0" />
  </table>
  <table name="Base Timing Idle Minimum" address="cfa3d">
    <table name="Y" address="cf870" />
  </table>
  <table name="Base Timing Idle Minimum Vehicle Speed Enable" address="cf5ec" />
  <table name="Knock Correction Advance Max Cruise" address="d11b4">
    <table name="X" address="d1128" elements="17" />
    <table name="Y" address="d116c" />
  </table>
  <table name="Knock Correction Advance Max Non-Cruise" address="d1374">
    <table name="X" address="d12e8" elements="17" />
    <table name="Y" address="d132c" />
  </table>
  <table name="Timing Compensation A (IAT)" address="cfb28">
    <table name="Y" address="cfae8" />
  </table>
  <table name="Timing Compensation A (IAT) Activation" address="d1c6c">
    <table name="X" address="d1c2c" />
    <table name="Y" address="d1c4c" />
  </table>
  <table name="Timing Compensation B (IAT)" address="d0120">
    <table name="Y" address="d00e0" />
  </table>
  <table name="Timing Compensation B (IAT) IAM Activation" address="cf798" />
  <table name="Timing Compensation B (IAT) Max Additive" address="cf77c" />
  <table name="Timing Compensation Imm. Cruise A (ECT)" address="cfac6">
    <table name="Y" address="cf7f0" />
  </table>
  <table name="Timing Compensation Imm. Cruise B (ECT)" address="cfad6">
    <table name="Y" address="cf7f0" />
  </table>
  <table name="Timing Compensation Imm. Non-Cruise A (ECT)" address="cfaa6">
    <table name="Y" address="cf7f0" />
  </table>
  <table name="Timing Compensation Imm. Non-Cruise B (ECT)" address="cfab6">
    <table name="Y" address="cf7f0" />
  </table>
  <table name="Timing Compensation Per Cylinder A" address="d0d60">
    <table name="X" address="d0d14" />
    <table name="Y" address="d0d4c" elements="5" />
  </table>
  <table name="Timing Compensation Per Cylinder B" address="d0df4">
    <table name="X" address="d0da8" />
    <table name="Y" address="d0de0" elements="5" />
  </table>
  <table name="Timing Compensation Per Cylinder C" address="d0e88">
    <table name="X" address="d0e3c" />
    <table name="Y" address="d0e74" elements="5" />
  </table>
  <table name="Timing Compensation Per Cylinder D" address="d0f20">
    <table name="X" address="d0ed0" />
    <table name="Y" address="d0f08" elements="6" />
  </table>
  <table name="Timing Comp Minimum Load (Per Cylinder)" address="cf314" />
  <table name="Timing Comp Maximum RPM (Per Cylinder)" address="cf310" />
  <table name="Timing Comp Minimum Coolant Temp (Per Cylinder)" address="cf318" />
  <table name="Feedback Correction Range (RPM)" address="cf324" />
  <table name="Feedback Correction Minimum Load" address="cf31c" />
  <table name="Feedback Correction Retard Value" address="cf344" />
  <table name="Feedback Correction Retard Limit" address="cf340" />
  <table name="Feedback Correction Negative Advance Value" address="cf348" />
  <table name="Feedback Correction Negative Advance Delay" address="cf286" />
  <table name="Extended Feedback Correction High RPM Compensation" address="cf350" />
  <table name="Fine Correction Range (RPM)" address="cf4e4" />
  <table name="Fine Correction Range (Load)" address="cf4f4" />
  <table name="Fine Correction Rows (RPM)" address="cf484" />
  <table name="Fine Correction Columns (Load)" address="cf4a0" />
  <table name="Fine Correction Retard Value" address="cf4c8" />
  <table name="Fine Correction Retard Limit" address="cf4c4" />
  <table name="Fine Correction Advance Value" address="cf4c0" />
  <table name="Fine Correction Advance Limit" address="cf4bc" />
  <table name="Fine Correction Advance Delay" address="cf296" />
  <table name="Rough Correction Range (RPM)" address="cf434" />
  <table name="Rough Correction Range (Load)" address="cf444" />
  <table name="Rough Correction Minimum KC Advance Map Value" address="cf454" />
  <table name="Rough Correction Learning Delay (Increasing)_" address="d0310">
    <table name="Y" address="d02e8" />
  </table>
  <table name="Advance Multiplier (Initial)" address="cf458" />
  <table name="Advance Multiplier Step Value" address="cf45c" />
  <table name="Intake Cam Advance Angle Cruise (AVCS)" address="d6f08">
    <table name="X" address="d6e80" elements="18" />
    <table name="Y" address="d6ec8" elements="16" />
  </table>
  <table name="Intake Cam Advance Angle Non-Cruise (AVCS)" address="d71d0">
    <table name="X" address="d7148" elements="18" />
    <table name="Y" address="d7190" elements="16" />
  </table>
  <table name="Requested Torque A (Accelerator Pedal)" address="dd6c8">
    <table name="X" address="dd648" />
    <table name="Y" address="dd684" />
  </table>
  <table name="Requested Torque B (Accelerator Pedal)" address="dd948">
    <table name="X" address="dd8c8" />
    <table name="Y" address="dd904" />
  </table>
  <table name="Requested Torque C (Accelerator Pedal)" address="ddbc8">
    <table name="X" address="ddb48" />
    <table name="Y" address="ddb84" />
  </table>
  <table name="Requested Torque Base (RPM)" address="dc83c">
    <table name="Y" address="dc7fc" />
  </table>
  <table name="Target Throttle Plate Position Cruise (Requested Torque Ratio)" address="dccec">
    <table name="X" address="dcc6c" elements="16" />
    <table name="Y" address="dccac" />
  </table>
  <table name="Target Throttle Plate Position Non-Cruise (Requested Torque Ratio)" address="dcf6c">
    <table name="X" address="dceec" elements="16" />
    <table name="Y" address="dcf2c" />
  </table>
  <table name="Target Throttle Plate Position Maximum (Requested Torque Ratio)" address="dd1ec">
    <table name="X" address="dd16c" elements="16" />
    <table name="Y" address="dd1ac" />
  </table>
  <table name="Rev Limit (Fuel Cut)" address="c8fec" />
  <table name="Rev Limit Fuel Resume (Boost)" address="c8ff4" />
  <table name="Speed Limiting Enable (Fuel Cut)" address="c903c" />
  <table name="Speed Limiting Disable (Fuel Cut)" address="c9044" />
  <table name="Speed Limiting A (Throttle)" address="dc644" />
  <table name="Speed Limiting B (Throttle)" address="dc65c" />
  <table name="Fuel Temp Sensor Scaling" address="d5198">
    <table name="Y" address="d5120" />
  </table>
  <table name="Intake Temp Sensor Scaling" address="d5028">
    <table name="Y" address="d4fb0" />
  </table>
  <table name="Coolant Temp Sensor Scaling" address="d4f40">
    <table name="Y" address="d4ed0" />
  </table>
  <table name="Radiator Fan Modes A (ECT)" address="d56b8" />
  <table name="Radiator Fan Modes B (ECT)" address="d56c8" />
  <table name="Radiator Fan Modes (Veh. Speed)" address="d56d8" />
  <table name="Gear Determination Thresholds A" address="c2d8c" />
  <table name="Gear Determination Thresholds B" address="c2da0" />
  <table name="Gear Determination Thresholds C" address="c2db4" />
  <table name="Idle Speed Target A" address="d33b8">
    <table name="Y" address="d2d6c" />
  </table>
  <table name="Idle Speed Target B" address="d33f8">
    <table name="Y" address="d2d6c" />
  </table>
  <table name="Idle Speed Target C" address="d3438">
    <table name="Y" address="d2d6c" />
  </table>
  <table name="Force Pass Readiness Monitors_" address="92ad8" />
  <table name="(P0000) PASS CODE (NO DTC DETECTED)" address="878f3" />
  <table name="(P0000) PASS CODE (NO DTC DETECTED)_" address="878f4" />
  <table name="(P0011) CAMSHAFT POS. - TIMING OVER-ADVANCED 1" address="878d7" />
  <table name="(P0016) CRANKSHAFT/CAMSHAFT CORRELATION 1A" address="8796a" />
  <table name="(P0018) CRANKSHAFT/CAMSHAFT CORRELATION 2A" address="87969" />
  <table name="(P0021) CAMSHAFT POS. - TIMING OVER-ADVANCED 2" address="878d8" />
  <table name="(P0030) FRONT O2 SENSOR RANGE/PERF" address="87918" />
  <table name="(P0031) FRONT O2 SENSOR LOW INPUT" address="87902" />
  <table name="(P0032) FRONT O2 SENSOR HIGH INPUT" address="87900" />
  <table name="(P0037) REAR O2 SENSOR LOW INPUT" address="87901" />
  <table name="(P0038) REAR O2 SENSOR HIGH INPUT" address="878ff" />
  <table name="(P0068) MAP SENSOR RANGE/PERF" address="87913" />
  <table name="(P0101) MAF SENSOR RANGE/PERF" address="87914" />
  <table name="(P0102) MAF SENSOR LOW INPUT" address="878b1" />
  <table name="(P0103) MAF SENSOR HIGH INPUT" address="878b2" />
  <table name="(P0107) MAP SENSOR LOW INPUT" address="87903" />
  <table name="(P0108) MAP SENSOR HIGH INPUT" address="87904" />
  <table name="(P0111) IAT SENSOR RANGE/PERF" address="878fe" />
  <table name="(P0112) IAT SENSOR LOW INPUT" address="878fc" />
  <table name="(P0113) IAT SENSOR HIGH INPUT" address="878fd" />
  <table name="(P0117) COOLANT TEMP SENSOR LOW INPUT" address="878ba" />
  <table name="(P0118) COOLANT TEMP SENSOR HIGH INPUT" address="878bb" />
  <table name="(P0122) TPS A LOW INPUT" address="878b8" />
  <table name="(P0123) TPS A HIGH INPUT" address="878b9" />
  <table name="(P0125) INSUFFICIENT COOLANT TEMP (FUELING)" address="878bd" />
  <table name="(P0126) INSUFFICIENT COOLANT TEMP (OPERATION)" address="87951" />
  <table name="(P0128) THERMOSTAT MALFUNCTION" address="87909" />
  <table name="(P0131) FRONT O2 SENSOR LOW INPUT" address="878f6" />
  <table name="(P0132) FRONT O2 SENSOR HIGH INPUT" address="878f8" />
  <table name="(P0133) FRONT O2 SENSOR SLOW RESPONSE" address="878e0" />
  <table name="(P0134) FRONT O2 SENSOR NO ACTIVITY" address="87916" />
  <table name="(P0137) REAR O2 SENSOR LOW VOLTAGE" address="878f5" />
  <table name="(P0138) REAR O2 SENSOR HIGH VOLTAGE" address="878fa" />
  <table name="(P0139) REAR O2 SENSOR SLOW RESPONSE" address="878e1" />
  <table name="(P0140) REAR O2 SENSOR NO ACTIVITY" address="87964" />
  <table name="(P0171) SYSTEM TOO LEAN" address="878ea" />
  <table name="(P0172) SYSTEM TOO RICH" address="878eb" />
  <table name="(P0181) FUEL TEMP SENSOR A RANGE/PERF" address="878c9" />
  <table name="(P0182) FUEL TEMP SENSOR A LOW INPUT" address="878c7" />
  <table name="(P0183) FUEL TEMP SENSOR A HIGH INPUT" address="878c8" />
  <table name="(P0222) TPS B LOW INPUT" address="87920" />
  <table name="(P0223) TPS B HIGH INPUT" address="87921" />
  <table name="(P0230) FUEL PUMP PRIMARY CIRCUIT" address="87912" />
  <table name="(P0244) WASTEGATE SOLENOID A RANGE/PERF" address="87910" />
  <table name="(P0245) WASTEGATE SOLENOID A LOW" address="8790e" />
  <table name="(P0246) WASTEGATE SOLENOID A HIGH" address="8790f" />
  <table name="(P0301) MISFIRE CYLINDER 1" address="878ec" />
  <table name="(P0302) MISFIRE CYLINDER 2" address="878ed" />
  <table name="(P0303) MISFIRE CYLINDER 3" address="878ee" />
  <table name="(P0304) MISFIRE CYLINDER 4" address="878ef" />
  <table name="(P0327) KNOCK SENSOR 1 LOW INPUT" address="878b6" />
  <table name="(P0328) KNOCK SENSOR 1 HIGH INPUT" address="878b7" />
  <table name="(P0335) CRANKSHAFT POS. SENSOR A MALFUNCTION" address="878ac" />
  <table name="(P0336) CRANKSHAFT POS. SENSOR A RANGE/PERF" address="878ad" />
  <table name="(P0340) CAMSHAFT POS. SENSOR A MALFUNCTION" address="87934" />
  <table name="(P0345) CAMSHAFT POS. SENSOR A BANK 2" address="87933" />
  <table name="(P0410) SECONDARY AIR PUMP SYSTEM" address="8795e" />
  <table name="(P0411) SECONDARY AIR PUMP INCORRECT FLOW" address="8795d" />
  <table name="(P0413) SECONDARY AIR PUMP A OPEN" address="87962" />
  <table name="(P0414) SECONDARY AIR PUMP A SHORTED" address="87967" />
  <table name="(P0416) SECONDARY AIR PUMP B OPEN" address="87971" />
  <table name="(P0417) SECONDARY AIR PUMP B SHORTED" address="87970" />
  <table name="(P0418) SECONDARY AIR PUMP RELAY A" address="87963" />
  <table name="(P0420) CAT EFFICIENCY BELOW THRESHOLD" address="878e6" />
  <table name="(P0441) EVAP INCORRECT PURGE FLOW" address="87977" />
  <table name="(P0442) EVAP LEAK DETECTED (SMALL)" address="878e7" />
  <table name="(P0447) EVAP VENT CONTROL CIRCUIT OPEN" address="878de" />
  <table name="(P0448) EVAP VENT CONTROL CIRCUIT SHORTED" address="878df" />
  <table name="(P0451) EVAP PRESSURE SENSOR RANGE/PERF" address="878c5" />
  <table name="(P0452) EVAP PRESSURE SENSOR LOW INPUT" address="878c3" />
  <table name="(P0453) EVAP PRESSURE SENSOR HIGH INPUT" address="878c4" />
  <table name="(P0456) EVAP LEAK DETECTED (VERY SMALL)" address="878e8" />
  <table name="(P0457) EVAP LEAK DETECTED (FUEL CAP)" address="878f2" />
  <table name="(P0458) EVAP PURGE VALVE CIRCUIT LOW" address="878db" />
  <table name="(P0459) EVAP PURGE VALVE CIRCUIT HIGH" address="878dc" />
  <table name="(P0461) FUEL LEVEL SENSOR RANGE/PERF" address="878c0" />
  <table name="(P0462) FUEL LEVEL SENSOR LOW INPUT" address="878be" />
  <table name="(P0463) FUEL LEVEL SENSOR HIGH INPUT" address="878bf" />
  <table name="(P0464) FUEL LEVEL SENSOR INTERMITTENT" address="878bc" />
  <table name="(P0500) VEHICLE SPEED SENSOR A" address="878b3" />
  <table name="(P0506) IDLE CONTROL RPM LOWER THAN EXPECTED" address="878d3" />
  <table name="(P0507) IDLE CONTROL RPM HIGH THAN EXPECTED" address="878d4" />
  <table name="(P0512) STARTER REQUEST CIRCUIT" address="878c2" />
  <table name="(P0600) SERIAL COMMUNICATION LINK" address="87930" />
  <table name="(P0604) CONTROL MODULE RAM ERROR" address="878b0" />
  <table name="(P0605) CONTROL MODULE ROM ERROR" address="87935" />
  <table name="(P0607) CONTROL MODULE PERFORMANCE" address="87928" />
  <table name="(P0638) THROTTLE ACTUATOR RANGE/PERF" address="87927" />
  <table name="(P0700) TRANSMISSION CONTROL SYSTEM" address="87941" />
  <table name="(P0851) NEUTRAL SWITCH INPUT LOW" address="878c6" />
  <table name="(P0852) NEUTRAL SWITCH INPUT HIGH" address="878ca" />
  <table name="(P1152) FRONT O2 SENSOR RANGE/PERF LOW B1 S1" address="878e2" />
  <table name="(P1153) FRONT O2 SENSOR RANGE/PERF HIGH B1 S1" address="878e3" />
  <table name="(P1160) ABNORMAL RETURN SPRING" address="87922" />
  <table name="(P1400) FUEL TANK PRESSURE SOL. LOW" address="878d9" />
  <table name="(P1410) SECONDARY AIR PUMP VALVE STUCK OPEN" address="8796b" />
  <table name="(P1418) SECONDARY AIR PUMP CIRCUIT SHORTED" address="87968" />
  <table name="(P1420) FUEL TANK PRESSURE SOL. HIGH INPUT" address="878da" />
  <table name="(P1443) VENT CONTROL SOLENOID FUNCTION PROBLEM" address="878dd" />
  <table name="(P1491) PCV (BLOWBY) FUNCTION PROBLEM" address="8790a" />
  <table name="(P1519) IMRC STUCK CLOSED" address="87976" />
  <table name="(P1520) IMRC CIRCUIT MALFUNCTION" address="87975" />
  <table name="(P1560) BACK-UP VOLTAGE MALFUNCTION" address="8790b" />
  <table name="(P1602) CONTROL MODULE PROGRAMMING ERROR" address="87966" />
  <table name="(P1616) SBDS INTERACTIVE CODES" address="87974" />
  <table name="(P2004) TGV - INTAKE MANIFOLD RUNNER 1 STUCK OPEN" address="8794c" />
  <table name="(P2005) TGV - INTAKE MANIFOLD RUNNER 2 STUCK OPEN" address="8794e" />
  <table name="(P2006) TGV - INTAKE MANIFOLD RUNNER 1 STUCK CLOSED" address="8794d" />
  <table name="(P2007) TGV - INTAKE MANIFOLD RUNNER 2 STUCK CLOSED" address="8794f" />
  <table name="(P2008) TGV - INTAKE MANIFOLD RUNNER 1 CIRCUIT OPEN" address="8795a" />
  <table name="(P2009) TGV - INTAKE MANIFOLD RUNNER 1 CIRCUIT LOW" address="87958" />
  <table name="(P2011) TGV - INTAKE MANIFOLD RUNNER 2 CIRCUIT OPEN" address="8795b" />
  <table name="(P2012) TGV - INTAKE MANIFOLD RUNNER 2 CIRCUIT LOW" address="87959" />
  <table name="(P2016) TGV - INTAKE MANIFOLD RUNNER 1 POS. SENSOR LOW" address="87954" />
  <table name="(P2017) TGV - INTAKE MANIFOLD RUNNER 1 POS. SENSOR HIGH" address="87955" />
  <table name="(P2021) TGV - INTAKE MANIFOLD RUNNER 2 POS. SENSOR LOW" address="87956" />
  <table name="(P2022) TGV - INTAKE MANIFOLD RUNNER 2 POS. SENSOR HIGH" address="87957" />
  <table name="(P2088) OCV SOLENOID A1 CIRCUIT OPEN" address="8793d" />
  <table name="(P2089) OCV SOLENOID A1 CIRCUIT SHORT" address="8793c" />
  <table name="(P2092) OCV SOLENOID A2 CIRCUIT OPEN" address="8793b" />
  <table name="(P2093) OCV SOLENOID A2 CIRCUIT SHORT" address="8793a" />
  <table name="(P2096) POST CATALYST TOO LEAN B1" address="87926" />
  <table name="(P2097) POST CATALYST TOO RICH B1" address="8792f" />
  <table name="(P2101) THROTTLE ACTUATOR CIRCUIT RANGE/PERF" address="87925" />
  <table name="(P2102) THROTTLE ACTUATOR CIRCUIT LOW" address="87923" />
  <table name="(P2103) THROTTLE ACTUATOR CIRCUIT HIGH" address="87924" />
  <table name="(P2109) TPS A MINIMUM STOP PERF" address="8791f" />
  <table name="(P2122) TPS D CIRCUIT LOW INPUT" address="8792c" />
  <table name="(P2123) TPS D CIRCUIT HIGH INPUT" address="8792d" />
  <table name="(P2127) TPS E CIRCUIT LOW INPUT" address="8792a" />
  <table name="(P2128) TPS E CIRCUIT HIGH INPUT" address="8792b" />
  <table name="(P2135) TPS A/B VOLTAGE" address="8792e" />
  <table name="(P2138) TPS D/E VOLTAGE" address="87929" />
  <table name="(P2419) EVAP SWITCHING VALVE LOW" address="87978" />
  <table name="(P2420) EVAP SWITCHING VALVE HIGH" address="87979" />
  <table name="(P2431) SECONDARY AIR PUMP CIRCUIT RANGE/PERF" address="8795f" />
  <table name="(P2432) SECONDARY AIR PUMP CIRCUIT LOW" address="87961" />
  <table name="(P2433) SECONDARY AIR PUMP CIRCUIT HIGH" address="87960" />
  <table name="(P2440) SECONDARY AIR PUMP VALVE 1 STUCK OPEN" address="8796f" />
  <table name="(P2441) SECONDARY AIR PUMP VALVE 1 STUCK CLOSED" address="8796e" />
  <table name="(P2442) SECONDARY AIR PUMP VALVE 2 STUCK OPEN" address="8796d" />
  <table name="(P2443) SECONDARY AIR PUMP 2 STUCK CLOSED" address="8796c" />
  <table name="(P2444) SECONDARY AIR PUMP 1 STUCK ON B1" address="8795c" />
</rom>