<rom>
  <romid>
    <xmlid>EZ1E102G</xmlid>
    <internalidaddress>2004</internalidaddress>
    <internalidstring>EZ1E102G</internalidstring>
    <ecuid>5112184007</ecuid>
    <year>08</year>
    <market>USDM</market>
    <make>Subaru</make>
    <model>Impreza</model>
    <submodel>2.5i</submodel>
    <transmission>MT</transmission>
    <memmodel>SH7058</memmodel>
    <flashmethod>subarucan</flashmethod>
    <checksummodule>subarudbw</checksummodule>
  </romid>
  <include>32BITBASE</include>
  
  <table name="AF 3 CL Target Compensation Limits" address="2C4AC" />
  <table name="AF 3 Correction Limits" address="2DEE8" />

  <table name="Manifold Pressure Sensor Scaling_" address="d09f8" />
  <table name="Manifold Pressure Sensor Limits (CEL)" address="d09c4" />
  <table name="Manifold Pressure Sensor CEL Delays" address="c3358" />
  <table name="Primary Open Loop Fueling A_" address="c9378">
    <table name="X" address="c9324" />
    <table name="Y" address="c9350" elements="10" />
  </table>
  <table name="Primary Open Loop Fueling B_" address="c943c">
    <table name="X" address="c93e8" />
    <table name="Y" address="c9414" elements="10" />
  </table>
  <table name="Minimum Active Primary Open Loop Enrichment" address="c669c" />
  <table name="Front Oxygen Sensor Scaling" address="d0f24">
    <table name="Y" address="d0ef0" />
  </table>
  <table name="Front Oxygen Sensor Rich Limit" address="1f1a0" />
  <table name="Front Oxygen Sensor Compensation (Atm. Pressure)" address="c21d8">
    <table name="Y" address="c21c8" />
  </table>
  <table name="CL Fueling Target Compensation A (Load)" address="c9e5c">
    <table name="X" address="c9de4" />
    <table name="Y" address="c9e10" elements="19" />
  </table>
  <table name="CL Fueling Target Compensation B (Load)" address="ca294">
    <table name="X" address="ca21c" />
    <table name="Y" address="ca248" elements="19" />
  </table>
  <table name="CL Fueling Target Compensation C (Load)" address="ca6cc">
    <table name="X" address="ca654" />
    <table name="Y" address="ca680" elements="19" />
  </table>
  <table name="CL Fueling Target Compensation D (Load)" address="cab04">
    <table name="X" address="caa8c" />
    <table name="Y" address="caab8" elements="19" />
  </table>
  <table name="CL Fueling Target Compensation (ECT)" address="c9b68">
    <table name="X" address="c69b4" />
    <table name="Y" address="c9b5c" />
  </table>
  <table name="CL Fueling Target Compensation (ECT) Disable" address="c6500" />
  <table name="CL to OL Delay A (Atm. Pressure)" address="c8224">
    <table name="Y" address="c8208" />
  </table>
  <table name="CL to OL Delay B (Atm. Pressure)" address="c8250">
    <table name="Y" address="c8234" />
  </table>
  <table name="CL to OL Transition with Delay (Accelerator)" address="c6fc0">
    <table name="Y" address="c6f80" />
  </table>
  <table name="CL to OL Transition with Delay Throttle Hysteresis" address="c66a0" />
  <table name="CL to OL Transition with Delay (Base Pulse Width)" address="c81e8">
    <table name="Y" address="c81a8" />
  </table>
  <table name="CL to OL Transition with Delay BPW Hysteresis" address="c66a4" />
  <table name="CL Delay Minimum (ECT)" address="c66a8" />
  <table name="CL Delay Maximum Engine Speed A" address="c66b4" />
  <table name="CL Delay Maximum Engine Speed B" address="c66b0" />
  <table name="CL Delay Engine Speed B Counter Threshold" address="c621a" />
  <table name="CL Delay Maximum (Throttle) A" address="c66ac" />
  <table name="CL Delay Throttle A Counter Threshold" address="c6218" />
  <table name="CL Delay Maximum (Throttle) B (ECT)" address="c6fd0">
    <table name="Y" address="c69b4" />
  </table>
  <table name="Injector Latency_" address="c9984">
    <table name="X" address="c9964" />
    <table name="Y" address="c9978" />
  </table>
  <table name="Injector Flow Scaling" address="c63bc" />
  <table name="Per Injector Pulse Width Compensation A" address="c9534">
    <table name="X" address="c94f8" elements="8" />
    <table name="Y" address="c9518" elements="7" />
  </table>
  <table name="Per Injector Pulse Width Compensation B" address="c95a8">
    <table name="X" address="c956c" elements="8" />
    <table name="Y" address="c958c" elements="7" />
  </table>
  <table name="Per Injector Pulse Width Compensation C" address="c961c">
    <table name="X" address="c95e0" elements="8" />
    <table name="Y" address="c9600" elements="7" />
  </table>
  <table name="Per Injector Pulse Width Compensation D" address="c9690">
    <table name="X" address="c9654" elements="8" />
    <table name="Y" address="c9674" elements="7" />
  </table>
  <table name="Cranking Fuel Injector Pulse Width A (ECT)" address="c72ee">
    <table name="Y" address="c69b4" />
  </table>
  <table name="Cranking Fuel Injector Pulse Width B (ECT)" address="c730e">
    <table name="Y" address="c69b4" />
  </table>
  <table name="Cranking Fuel Injector Pulse Width C (ECT)" address="c732e">
    <table name="Y" address="c69b4" />
  </table>
  <table name="Cranking Fuel Injector Pulse Width D (ECT)" address="c734e">
    <table name="Y" address="c69b4" />
  </table>
  <table name="Cranking Fuel Injector Pulse Width E (ECT)" address="c736e">
    <table name="Y" address="c69b4" />
  </table>
  <table name="Cranking Fuel Injector Pulse Width F (ECT)" address="c738e">
    <table name="Y" address="c69b4" />
  </table>
  <table name="Cranking Fuel Injector Pulse Width G (ECT)" address="c73ae">
    <table name="Y" address="c69b4" />
  </table>
  <table name="Cranking Fuel Injector Pulse Width H (ECT)" address="c73ce">
    <table name="Y" address="c69b4" />
  </table>
  <table name="Cranking Fuel Injector Pulse Width I (ECT)" address="c73ee">
    <table name="Y" address="c69b4" />
  </table>
  <table name="Cranking Fuel IPW Compensation A (RPM)" address="c8e44">
    <table name="X" address="c8e14" />
    <table name="Y" address="c8e28" />
  </table>
  <table name="Cranking Fuel IPW Compensation B (RPM)" address="c8f08">
    <table name="X" address="c8ed0" />
    <table name="Y" address="c8ee4" elements="9" />
  </table>
  <table name="Cranking Fuel IPW Compensation (MAP)" address="c6bac">
    <table name="Y" address="c6b84" />
  </table>
  <table name="Cranking Fuel IPW Compensation (Accelerator)" address="c6bd0">
    <table name="Y" address="c6bb8" />
  </table>
  <table name="Cranking Fuel IPW Compensation (IAT)" address="c6bec">
    <table name="Y" address="c6bd8" />
  </table>
  <table name="Throttle Tip-in Enrichment A" address="c87e4">
    <table name="Y" address="c879c" />
  </table>
  <table name="Throttle Tip-in Enrichment B" address="c8850">
    <table name="Y" address="c8808" />
  </table>
  <table name="Minimum Tip-in Enrichment Activation" address="c687c" />
  <table name="Minimum Tip-in Enrichment Activation (Throttle)" address="c6878" />
  <table name="Tip-in Enrichment Compensation (RPM)" address="c7184">
    <table name="Y" address="c7160" />
  </table>
  <table name="Tip-in Enrichment Compensation (MRP)" address="c71b4">
    <table name="Y" address="c7190" />
  </table>
  <table name="Tip-in Enrichment Compensation A (ECT)" address="c71bd">
    <table name="Y" address="c69b4" />
  </table>
  <table name="Tip-in Enrichment Compensation B (ECT)" address="c8874">
    <table name="Y" address="c69b4" />
  </table>
  <table name="Tip-in Enrichment Compensation C (ECT)" address="c8894">
    <table name="Y" address="c69b4" />
  </table>
  <table name="Tip-in Enrichment Compensation D (ECT)" address="c88d4">
    <table name="Y" address="c69f4" />
  </table>
  <table name="Tip-in Enrichment Compensation D (ECT) Activation" address="c6880" />
  <table name="Tip-in Enrichment Disable Applied Counter Threshold A (ECT)" address="c71cd">
    <table name="Y" address="c69b4" />
  </table>
  <table name="Tip-in Enrichment Disable Applied Counter Threshold B (ECT)" address="c71dd">
    <table name="Y" address="c69b4" />
  </table>
  <table name="Tip-in Enrichment Applied Counter Reset" address="c61c9" />
  <table name="Tip-in Enrichment Disable Throttle Cumulative Threshold A (ECT)" address="c88f4">
    <table name="Y" address="c69b4" />
  </table>
  <table name="Tip-in Enrichment Disable Throttle Cumulative Threshold B (ECT)" address="c8914">
    <table name="Y" address="c69b4" />
  </table>
  <table name="Tip-in Throttle Cumulative Reset" address="c61ca" />
  <table name="A/F Learning #1 Limits" address="c65a4" />
  <table name="A/F Learning #1 Airflow Ranges" address="c65c4" />
  <table name="MAF Limit (Maximum)" address="c1c10" />
  <table name="MAF Sensor Scaling" address="d0e30">
    <table name="Y" address="d0d70" elements="48" />
  </table>
  <table name="MAF Compensation (IAT)" address="c2654">
    <table name="X" address="c2620" />
    <table name="Y" address="c2634" />
  </table>
  <table name="Engine Load Limit (Maximum)" address="1e308" />
  <table name="Engine Load Compensation A (MP)" address="c26d8">
    <table name="X" address="c267c" />
    <table name="Y" address="c26a8" />
  </table>
  <table name="Engine Load Compensation B (MP)" address="c27b8">
    <table name="X" address="c275c" />
    <table name="Y" address="c2788" />
  </table>
  <table name="Base Timing A" address="cd90c">
    <table name="X" address="cd888" elements="14" />
    <table name="Y" address="cd8c0" elements="19" />
  </table>
  <table name="Base Timing B" address="cda9c">
    <table name="X" address="cda18" elements="14" />
    <table name="Y" address="cda50" elements="19" />
  </table>
  <table name="Base Timing C" address="cdc2c">
    <table name="X" address="cdba8" elements="14" />
    <table name="Y" address="cdbe0" elements="19" />
  </table>
  <table name="Base Timing D" address="cddbc">
    <table name="X" address="cdd38" elements="14" />
    <table name="Y" address="cdd70" elements="19" />
  </table>
  <table name="Base Timing Idle (In-Gear)(Above Speed Threshold)_" address="cd860">
    <table name="X" address="cd828" />
    <table name="Y" address="cd850" />
  </table>
  <table name="Base Timing Idle (In-Gear)(Below Speed Threshold)" address="cbfee">
    <table name="Y" address="cbe34" />
  </table>
  <table name="Base Timing Idle (Neutral)" address="cc04c">
    <table name="Y" address="cc028" />
  </table>
  <table name="Base Timing Idle Vehicle Speed Threshold" address="cbbe4" />
  <table name="Knock Correction Advance Max A" address="cd58c">
    <table name="X" address="cd508" elements="14" />
    <table name="Y" address="cd540" elements="19" />
  </table>
  <table name="Knock Correction Advance Max B" address="cd71c">
    <table name="X" address="cd698" elements="14" />
    <table name="Y" address="cd6d0" elements="19" />
  </table>
  <table name="Timing Compensation (IAT)" address="cc188">
    <table name="Y" address="cc148" />
  </table>
  <table name="Timing Compensation (IAT) Activation" address="cdf18">
    <table name="X" address="cdec8" elements="16" />
    <table name="Y" address="cdf08" elements="4" />
  </table>
  <table name="Timing Compensation A (ECT)" address="cc105">
    <table name="Y" address="cbdb4" />
  </table>
  <table name="Timing Compensation B (ECT)" address="cc115">
    <table name="Y" address="cbdb4" />
  </table>
  <table name="Timing Compensation C (ECT)" address="cc125">
    <table name="Y" address="cbdb4" />
  </table>
  <table name="Timing Compensation D (ECT)" address="cc135">
    <table name="Y" address="cbdb4" />
  </table>
  <table name="Timing Compensation Per Cylinder A" address="cd304">
    <table name="X" address="cd2b8" />
    <table name="Y" address="cd2f0" elements="5" />
  </table>
  <table name="Timing Compensation Per Cylinder B" address="cd398">
    <table name="X" address="cd34c" />
    <table name="Y" address="cd384" elements="5" />
  </table>
  <table name="Timing Compensation Per Cylinder C" address="cd42c">
    <table name="X" address="cd3e0" />
    <table name="Y" address="cd418" elements="5" />
  </table>
  <table name="Timing Compensation Per Cylinder D" address="cd4c0">
    <table name="X" address="cd474" />
    <table name="Y" address="cd4ac" elements="5" />
  </table>
  <table name="Timing Comp Minimum Load (Per Cylinder)" address="cba04" />
  <table name="Timing Comp Maximum RPM (Per Cylinder)" address="cba00" />
  <table name="Timing Comp Minimum Coolant Temp (Per Cylinder)" address="cba08" />
  <table name="Feedback Correction Range (RPM)" address="cba10" />
  <table name="Feedback Correction Minimum Load_" address="cc774">
    <table name="Y" address="cc764" />
  </table>
  <table name="Feedback Correction Retard Value_" address="cce24">
    <table name="Y" address="ccdf0" />
  </table>
  <table name="Feedback Correction Retard Limit" address="cba24" />
  <table name="Feedback Correction Negative Advance Value" address="cba28" />
  <table name="Feedback Correction Negative Advance Delay_" address="cc7b0">
    <table name="Y" address="cc77c" />
  </table>
  <table name="Fine Correction Range (RPM)" address="cbadc" />
  <table name="Fine Correction Range (Load)" address="cbaec" />
  <table name="Fine Correction Rows (RPM)_" address="cba84" />
  <table name="Fine Correction Columns (Load)_" address="cbaa4" />
  <table name="Fine Correction Retard Value_" address="cce8c">
    <table name="Y" address="cce58" />
  </table>
  <table name="Fine Correction Retard Limit" address="cbad0" />
  <table name="Fine Correction Advance Value" address="cbacc" />
  <table name="Fine Correction Advance Limit" address="cbac8" />
  <table name="Fine Correction Advance Delay" address="cb988" />
  <table name="Rough Correction Range (RPM)" address="cba40" />
  <table name="Rough Correction Range (Load)" address="cba50" />
  <table name="Rough Correction Minimum KC Advance Map Value" address="cba60" />
  <table name="Rough Correction Learning Delay (Increasing)_" address="cc7f4">
    <table name="Y" address="cc7cc" />
  </table>
  <table name="Advance Multiplier (Initial)" address="cba64" />
  <table name="Advance Multiplier Step Value" address="cba68" />
  <table name="Requested Torque A (Accelerator Pedal)" address="ddefc">
    <table name="X" address="dde68" elements="17" />
    <table name="Y" address="ddeac" elements="20" />
  </table>
  <table name="Requested Torque B (Accelerator Pedal)" address="de238">
    <table name="X" address="de1a4" elements="17" />
    <table name="Y" address="de1e8" elements="20" />
  </table>
  <table name="Requested Torque C (Accelerator Pedal)" address="de574">
    <table name="X" address="de4e0" elements="17" />
    <table name="Y" address="de524" elements="20" />
  </table>
  <table name="Requested Torque D (Accelerator Pedal)" address="de8b0">
    <table name="X" address="de81c" elements="17" />
    <table name="Y" address="de860" elements="20" />
  </table>
  <table name="Requested Torque E (Accelerator Pedal)" address="debec">
    <table name="X" address="deb58" elements="17" />
    <table name="Y" address="deb9c" elements="20" />
  </table>
  <table name="Requested Torque F (Accelerator Pedal)" address="def28">
    <table name="X" address="dee94" elements="17" />
    <table name="Y" address="deed8" elements="20" />
  </table>
  <table name="Target Throttle Plate Position A (Requested Torque)" address="dcd98">
    <table name="X" address="dccd8" elements="28" />
    <table name="Y" address="dcd48" elements="20" />
  </table>
  <table name="Target Throttle Plate Position B (Requested Torque)" address="dd2b8">
    <table name="X" address="dd1f8" elements="28" />
    <table name="Y" address="dd268" elements="20" />
  </table>
  <table name="Target Throttle Plate Position Maximum (Requested Torque)" address="dd7d8">
    <table name="X" address="dd718" elements="28" />
    <table name="Y" address="dd788" elements="20" />
  </table>
  <table name="Rev Limit (Fuel Cut)" address="c6904" />
  <table name="Rev Limit Fuel Resume (MP)" address="c690c" />
  <table name="Speed Limiting Enable (Fuel Cut)" address="c6954" />
  <table name="Speed Limiting Disable (Fuel Cut)" address="c695c" />
  <table name="Speed Limiting A (Throttle)" address="dc648" />
  <table name="Speed Limiting B (Throttle)" address="dc660" />
  <table name="Fuel Temp Sensor Scaling" address="d0cf8">
    <table name="Y" address="d0c80" />
  </table>
  <table name="Intake Temp Sensor Scaling" address="d0b88">
    <table name="Y" address="d0b10" />
  </table>
  <table name="Coolant Temp Sensor Scaling" address="d0aa0">
    <table name="Y" address="d0a30" />
  </table>
  <table name="Radiator Fan Modes A (ECT)" address="d11c8" />
  <table name="Radiator Fan Modes B (ECT)" address="d11d8" />
  <table name="Radiator Fan Modes (Veh. Speed)" address="d11e8" />
  <table name="Idle Speed Target A" address="cef6c">
    <table name="Y" address="ce940" />
  </table>
  <table name="Idle Speed Target B" address="cefac">
    <table name="Y" address="ce940" />
  </table>
  <table name="Idle Speed Target C" address="cefec">
    <table name="Y" address="ce940" />
  </table>
  <table name="Idle Speed Target D" address="cf04c">
    <table name="Y" address="ce940" />
  </table>
  <table name="Idle Speed Target E" address="cf08c">
    <table name="Y" address="ce940" />
  </table>
  <table name="Force Pass Readiness Monitors_" address="83c8c" />
  <table name="(P0000) PASS CODE (NO DTC DETECTED)" address="78c87" />
  <table name="(P0000) PASS CODE (NO DTC DETECTED)_" address="78c88" />
  <table name="(P0026) OSV SOLENOID VALVE CIRCUIT RANGE/PERF B1" address="78cd9" />
  <table name="(P0028) OSV SOLENOID VALVE CIRCUIT RANGE/PERF B2" address="78cd6" />
  <table name="(P0030) FRONT O2 SENSOR RANGE/PERF" address="78cac" />
  <table name="(P0031) FRONT O2 SENSOR LOW INPUT" address="78c96" />
  <table name="(P0032) FRONT O2 SENSOR HIGH INPUT" address="78c94" />
  <table name="(P0037) REAR O2 SENSOR LOW INPUT" address="78c95" />
  <table name="(P0038) REAR O2 SENSOR HIGH INPUT" address="78c93" />
  <table name="(P0068) MAP SENSOR RANGE/PERF" address="78ca7" />
  <table name="(P0076) INTAKE VALVE CIRCUIT LOW (BANK 1)" address="78cdb" />
  <table name="(P0077) INTAKE VALVE CONTROL HIGH (BANK 1)" address="78cda" />
  <table name="(P0082) INTAKE VALVE CONTROL LOW (BANK 2)" address="78cd8" />
  <table name="(P0083) INTAKE VALVE CONTROL HIGH (BANK 2)" address="78cd7" />
  <table name="(P0101) MAF SENSOR RANGE/PERF" address="78ca8" />
  <table name="(P0102) MAF SENSOR LOW INPUT" address="78c45" />
  <table name="(P0103) MAF SENSOR HIGH INPUT" address="78c46" />
  <table name="(P0107) MAP SENSOR LOW INPUT" address="78c97" />
  <table name="(P0108) MAP SENSOR HIGH INPUT" address="78c98" />
  <table name="(P0111) IAT SENSOR RANGE/PERF" address="78c92" />
  <table name="(P0112) IAT SENSOR LOW INPUT" address="78c90" />
  <table name="(P0113) IAT SENSOR HIGH INPUT" address="78c91" />
  <table name="(P0117) COOLANT TEMP SENSOR LOW INPUT" address="78c4e" />
  <table name="(P0118) COOLANT TEMP SENSOR HIGH INPUT" address="78c4f" />
  <table name="(P0122) TPS A LOW INPUT" address="78c4c" />
  <table name="(P0123) TPS A HIGH INPUT" address="78c4d" />
  <table name="(P0125) INSUFFICIENT COOLANT TEMP (FUELING)" address="78c51" />
  <table name="(P0126) INSUFFICIENT COOLANT TEMP (OPERATION)" address="78ce5" />
  <table name="(P0128) THERMOSTAT MALFUNCTION" address="78c9d" />
  <table name="(P0131) FRONT O2 SENSOR LOW INPUT" address="78c8a" />
  <table name="(P0132) FRONT O2 SENSOR HIGH INPUT" address="78c8c" />
  <table name="(P0133) FRONT O2 SENSOR SLOW RESPONSE" address="78c74" />
  <table name="(P0134) FRONT O2 SENSOR NO ACTIVITY" address="78caa" />
  <table name="(P0137) REAR O2 SENSOR LOW VOLTAGE" address="78c89" />
  <table name="(P0138) REAR O2 SENSOR HIGH VOLTAGE" address="78c8e" />
  <table name="(P0139) REAR O2 SENSOR SLOW RESPONSE" address="78c75" />
  <table name="(P0140) REAR O2 SENSOR NO ACTIVITY" address="78cf8" />
  <table name="(P0171) SYSTEM TOO LEAN" address="78c7e" />
  <table name="(P0172) SYSTEM TOO RICH" address="78c7f" />
  <table name="(P0181) FUEL TEMP SENSOR A RANGE/PERF" address="78c5d" />
  <table name="(P0182) FUEL TEMP SENSOR A LOW INPUT" address="78c5b" />
  <table name="(P0183) FUEL TEMP SENSOR A HIGH INPUT" address="78c5c" />
  <table name="(P0196) OIL TEMP SENSOR RANGE/PERF" address="78cdc" />
  <table name="(P0197) OIL TEMP SENSOR LOW" address="78cd2" />
  <table name="(P0198) OIL TEMP SENSOR HIGH" address="78cdd" />
  <table name="(P0222) TPS B LOW INPUT" address="78cb4" />
  <table name="(P0223) TPS B HIGH INPUT" address="78cb5" />
  <table name="(P0301) MISFIRE CYLINDER 1" address="78c80" />
  <table name="(P0302) MISFIRE CYLINDER 2" address="78c81" />
  <table name="(P0303) MISFIRE CYLINDER 3" address="78c82" />
  <table name="(P0304) MISFIRE CYLINDER 4" address="78c83" />
  <table name="(P0327) KNOCK SENSOR 1 LOW INPUT" address="78c4a" />
  <table name="(P0328) KNOCK SENSOR 1 HIGH INPUT" address="78c4b" />
  <table name="(P0335) CRANKSHAFT POS. SENSOR A MALFUNCTION" address="78c40" />
  <table name="(P0336) CRANKSHAFT POS. SENSOR A RANGE/PERF" address="78c41" />
  <table name="(P0340) CAMSHAFT POS. SENSOR A MALFUNCTION" address="78c43" />
  <table name="(P0341) CAMSHAFT POS. SENSOR A RANGE/PERF" address="78c42" />
  <table name="(P0400) EGR FLOW" address="78c7d" />
  <table name="(P0420) CAT EFFICIENCY BELOW THRESHOLD" address="78c7a" />
  <table name="(P0442) EVAP LEAK DETECTED (SMALL)" address="78c7b" />
  <table name="(P0447) EVAP VENT CONTROL CIRCUIT OPEN" address="78c72" />
  <table name="(P0448) EVAP VENT CONTROL CIRCUIT SHORTED" address="78c73" />
  <table name="(P0451) EVAP PRESSURE SENSOR RANGE/PERF" address="78c59" />
  <table name="(P0452) EVAP PRESSURE SENSOR LOW INPUT" address="78c57" />
  <table name="(P0453) EVAP PRESSURE SENSOR HIGH INPUT" address="78c58" />
  <table name="(P0456) EVAP LEAK DETECTED (VERY SMALL)" address="78c7c" />
  <table name="(P0457) EVAP LEAK DETECTED (FUEL CAP)" address="78c86" />
  <table name="(P0458) EVAP PURGE VALVE CIRCUIT LOW" address="78c6f" />
  <table name="(P0459) EVAP PURGE VALVE CIRCUIT HIGH" address="78c70" />
  <table name="(P0461) FUEL LEVEL SENSOR RANGE/PERF" address="78c54" />
  <table name="(P0462) FUEL LEVEL SENSOR LOW INPUT" address="78c52" />
  <table name="(P0463) FUEL LEVEL SENSOR HIGH INPUT" address="78c53" />
  <table name="(P0464) FUEL LEVEL SENSOR INTERMITTENT" address="78c50" />
  <table name="(P0500) VEHICLE SPEED SENSOR A" address="78c47" />
  <table name="(P0506) IDLE CONTROL RPM LOWER THAN EXPECTED" address="78c67" />
  <table name="(P0507) IDLE CONTROL RPM HIGH THAN EXPECTED" address="78c68" />
  <table name="(P0512) STARTER REQUEST CIRCUIT" address="78c56" />
  <table name="(P0600) SERIAL COMMUNICATION LINK" address="78cc4" />
  <table name="(P0604) CONTROL MODULE RAM ERROR" address="78c44" />
  <table name="(P0605) CONTROL MODULE ROM ERROR" address="78cc9" />
  <table name="(P0607) CONTROL MODULE PERFORMANCE" address="78cbc" />
  <table name="(P0638) THROTTLE ACTUATOR RANGE/PERF" address="78cbb" />
  <table name="(P0700) TRANSMISSION CONTROL SYSTEM" address="78cd5" />
  <table name="(P0851) NEUTRAL SWITCH INPUT LOW" address="78c5a" />
  <table name="(P0852) NEUTRAL SWITCH INPUT HIGH" address="78c5e" />
  <table name="(P1152) FRONT O2 SENSOR RANGE/PERF LOW B1 S1" address="78c76" />
  <table name="(P1153) FRONT O2 SENSOR RANGE/PERF HIGH B1 S1" address="78c77" />
  <table name="(P1160) ABNORMAL RETURN SPRING" address="78cb6" />
  <table name="(P1400) FUEL TANK PRESSURE SOL. LOW" address="78c6d" />
  <table name="(P1420) FUEL TANK PRESSURE SOL. HIGH INPUT" address="78c6e" />
  <table name="(P1443) VENT CONTROL SOLENOID FUNCTION PROBLEM" address="78c71" />
  <table name="(P1491) PCV (BLOWBY) FUNCTION PROBLEM" address="78c9e" />
  <table name="(P1492) EGR SOLENOID SIGNAL 1 MALFUNCTION (LOW)" address="78c5f" />
  <table name="(P1493) EGR SOLENOID SIGNAL 1 MALFUNCTION (HIGH)" address="78c60" />
  <table name="(P1494) EGR SOLENOID SIGNAL 2 MALFUNCTION (LOW)" address="78c61" />
  <table name="(P1495) EGR SOLENOID SIGNAL 2 MALFUNCTION (HIGH)" address="78c62" />
  <table name="(P1496) EGR SIGNAL 3 CIRCUIT LOW" address="78c63" />
  <table name="(P1497) EGR SOLENOID SIGNAL 3 MALFUNCTION (HIGH)" address="78c64" />
  <table name="(P1498) EGR SIGNAL 4 CIRCUIT LOW" address="78c65" />
  <table name="(P1499) EGR SIGNAL 4 CIRCUIT HIGH" address="78c66" />
  <table name="(P1519) IMRC STUCK CLOSED" address="78d0a" />
  <table name="(P1520) IMRC CIRCUIT MALFUNCTION" address="78d09" />
  <table name="(P1560) BACK-UP VOLTAGE MALFUNCTION" address="78c9f" />
  <table name="(P1602) CONTROL MODULE PROGRAMMING ERROR" address="78cfa" />
  <table name="(P1616) SBDS INTERACTIVE CODES" address="78d08" />
  <table name="(P2096) POST CATALYST TOO LEAN B1" address="78cba" />
  <table name="(P2097) POST CATALYST TOO RICH B1" address="78cc3" />
  <table name="(P2101) THROTTLE ACTUATOR CIRCUIT RANGE/PERF" address="78cb9" />
  <table name="(P2102) THROTTLE ACTUATOR CIRCUIT LOW" address="78cb7" />
  <table name="(P2103) THROTTLE ACTUATOR CIRCUIT HIGH" address="78cb8" />
  <table name="(P2109) TPS A MINIMUM STOP PERF" address="78cb3" />
  <table name="(P2122) TPS D CIRCUIT LOW INPUT" address="78cc0" />
  <table name="(P2123) TPS D CIRCUIT HIGH INPUT" address="78cc1" />
  <table name="(P2127) TPS E CIRCUIT LOW INPUT" address="78cbe" />
  <table name="(P2128) TPS E CIRCUIT HIGH INPUT" address="78cbf" />
  <table name="(P2135) TPS A/B VOLTAGE" address="78cc2" />
  <table name="(P2138) TPS D/E VOLTAGE" address="78cbd" />
  <table name="(P2227) BARO. PRESSURE CIRCUIT RANGE/PERF" address="78ce4" />
  <table name="(P2228) BARO. PRESSURE CIRCUIT LOW INPUT" address="78ce7" />
  <table name="(P2229) BARO. PRESSURE CIRCUIT HIGH INPUT" address="78ce6" />
</rom>