<rom>
	<romid>
		<xmlid>EE5IB20W</xmlid>
		<internalidaddress>2004</internalidaddress>
		<internalidstring>EE5IB20W</internalidstring>
		<ecuid>75121a7307</ecuid>
		<make>Subaru</make>
		<market>USDM</market>
		<model>Outback</model>
		<submodel>2.5i</submodel>
		<transmission>MT</transmission>
		<year>11</year>
		<flashmethod>subarucan</flashmethod>
		<memmodel>SH7058</memmodel>
		<checksummodule>subarudbw</checksummodule>
	</romid>

	<include>32BITBASE</include>
	<scaling name="advance(degrees)_4" units="units" toexpr="x" frexpr="x" format="%.0f" min="0" max="255" inc="1" storagetype="uint16" endian="big"/>

	<table name="Front Oxygen Sensor Compensation (Atmosphere)" address="c21f4"/>

	<table name="CL to OL Delay A (Atmospheric Pressure)" address="c8248"/>

	<table name="CL to OL Delay B (Atmospheric Pressure)" address="c8274"/>

	<table name="CL Delay Minimum Coolant Temperature" address="c66cc"/>

	<table name="CL Delay Maximum Throttle A" address="c66d0"/>

	<table name="CL Delay Maximum Throttle B (Coolant Temp)" address="c6ff4"/>

	<table name="Tip-in Enrichment Compensation A (Coolant Temp)" address="c71e1"/>

	<table name="Tip-in Enrichment Compensation B (Coolant Temp)" address="c8898"/>

	<table name="Tip-in Enrichment Compensation C (Coolant Temp)" address="c88b8"/>

	<table name="Tip-in Enrichment Compensation D (Coolant Temp)" address="c88f8"/>

	<table name="Tip-in Enrichment Compensation D (Coolant Temp) Activation" address="c68a4"/>

	<table name="MAF Compensation (Intake Temp)" address="c2670"/>

	<table name="Timing Advance A (Maximum)" address="cd640"/>

	<table name="Timing Advance B (Maximum)" address="cd7d0"/>

	<table name="Timing Compensation (Intake Temp)" address="cc1ac"/>

	<table name="Timing Compensation (Intake Temp) Activation" address="cdfcc"/>

	<table name="Timing Compensation A (Coolant Temp)" address="cc129"/>

	<table name="Timing Compensation B (Coolant Temp)" address="cc139"/>

	<table name="Timing Compensation C (Coolant Temp)" address="cc149"/>

	<table name="Timing Compensation D (Coolant Temp)" address="cc159"/>

	<table name="Rough Correction Minimum Timing Advance Map Value" address="cba84"/>

	<table name="Speed Limiting A (Fuel Cut)" address="c6974"/>

	<table name="Speed Limiting B (Fuel Cut)" address="c697c"/>

	<table name="Radiator Fan Modes A (Coolant Temp)" address="d127c"/>

	<table name="Radiator Fan Modes B (Coolant Temp)" address="d128c"/>

	<table name="Radiator Fan Modes (Vehicle Speed)" address="d129c"/>

	<table name="Idle Speed A (Coolant Temp)" address="cf040"/>

	<table name="Idle Speed B (Coolant Temp)" address="cf080"/>

	<table name="Idle Speed C (Coolant Temp)" address="cf0c0"/>

	<table name="Idle Speed D (Coolant Temp)" address="cf0e0"/>

	<table name="Idle Speed E (Coolant Temp)" address="cf120"/>

	<table name="Idle Speed F (Coolant Temp)" address="cf160"/>

	<table name="Manifold Pressure Sensor Scaling_" address="d4f70">
	</table>

	<table name="Manifold Pressure Sensor Limits (CEL)" address="d4f30">
	</table>

	<table name="Manifold Pressure Sensor CEL Delays" address="d4ef5">
	</table>

	<table name="Primary Open Loop Fueling A_" address="cc9ec">
		<table name="Engine Load" address="cc990" elements="13"/>
		<table name="Engine Speed" address="cc9c4" elements="10"/>
	</table>

	<table name="Primary Open Loop Fueling B_" address="ccad0">
		<table name="Engine Load" address="cca70" elements="13"/>
		<table name="Engine Speed" address="ccaa4" elements="10"/>
	</table>

	<table name="Minimum Active Primary Open Loop Enrichment" address="c9b54">
	</table>

	<table name="Front Oxygen Sensor Scaling" address="d51f4">
		<table name="Front Oxygen Sensor" address="d51c0"/>
	</table>

	<table name="Front Oxygen Sensor Rich Limit" address="21fb4">
	</table>

	<table name="Front Oxygen Sensor Compensation (Atm. Pressure)" address="c4504">
		<table name="Atmospheric Pressure" address="c44f4"/>
	</table>

	<table name="CL Fueling Target Compensation A (Load)" address="cd2f4">
		<table name="Engine Load" address="cd27c"/>
		<table name="Engine Speed" address="cd2a8"/>
	</table>

	<table name="CL Fueling Target Compensation B (Load)" address="cd510">
		<table name="Engine Load" address="cd498"/>
		<table name="Engine Speed" address="cd4c4"/>
	</table>

	<table name="CL Fueling Target Compensation C (Load)" address="cd730">
		<table name="Engine Load" address="cd6b4"/>
		<table name="Engine Speed" address="cd6e0"/>
	</table>

	<table name="CL Fueling Target Compensation D (Load)" address="cd964">
		<table name="Engine Load" address="cd8e8"/>
		<table name="Engine Speed" address="cd914"/>
	</table>

	<table name="CL Fueling Target Compensation (ECT)" address="cd21c">
		<table name="Coolant Temperature" address="c9e70"/>
		<table name="Engine Load" address="cd210"/>
	</table>

	<table name="CL Fueling Target Compensation (ECT) Disable" address="c9994">
	</table>

	<table name="CL to OL Delay A (Atm. Pressure)" address="cb784">
		<table name="Atmospheric Pressure" address="cb768"/>
	</table>

	<table name="CL to OL Delay B (Atm. Pressure)" address="cb7b0">
		<table name="Atmospheric Pressure" address="cb794"/>
	</table>

	<table name="CL to OL Transition with Delay (Accelerator)" address="ca47c">
		<table name="Engine Speed" address="ca43c"/>
	</table>

	<table name="CL to OL Transition with Delay Throttle Hysteresis" address="c9b58">
	</table>

	<table name="CL to OL Transition with Delay (Base Pulse Width)" address="cb748">
		<table name="Engine Speed" address="cb708"/>
	</table>

	<table name="CL to OL Transition with Delay BPW Hysteresis" address="c9b5c">
	</table>

	<table name="CL Delay Minimum (ECT)" address="c9b60">
	</table>

	<table name="CL Delay Maximum Engine Speed A" address="c9b6c">
	</table>

	<table name="CL Delay Maximum Engine Speed B" address="c9b68">
	</table>

	<table name="CL Delay Engine Speed B Counter Threshold" address="c977c">
	</table>

	<table name="CL Delay Maximum (Throttle) A" address="c9b64">
	</table>

	<table name="CL Delay Throttle A Counter Threshold" address="c977a">
	</table>

	<table name="CL Delay Maximum (Throttle) B (ECT)" address="ca48c">
		<table name="Coolant Temperature" address="c9e70"/>
	</table>

	<table name="Injector Latency_" address="cd038">
		<table name="Battery Output" address="cd018"/>
		<table name="Manifold Pressure" address="cd02c"/>
	</table>

	<table name="Injector Flow Scaling" address="c9854">
	</table>

	<table name="Per Injector Pulse Width Compensation A" address="ccbe8">
		<table name="Last Calculated Base Pulse Width" address="ccbac" elements="8"/>
		<table name="Engine Speed" address="ccbcc" elements="7"/>
	</table>

	<table name="Per Injector Pulse Width Compensation B" address="ccc5c">
		<table name="Last Calculated Base Pulse Width" address="ccc20" elements="8"/>
		<table name="Engine Speed" address="ccc40" elements="7"/>
	</table>

	<table name="Per Injector Pulse Width Compensation C" address="cccd0">
		<table name="Last Calculated Base Pulse Width" address="ccc94" elements="8"/>
		<table name="Engine Speed" address="cccb4" elements="7"/>
	</table>

	<table name="Per Injector Pulse Width Compensation D" address="ccd44">
		<table name="Last Calculated Base Pulse Width" address="ccd08" elements="8"/>
		<table name="Engine Speed" address="ccd28" elements="7"/>
	</table>

	<table name="Cranking Fuel Injector Pulse Width A (ECT)" address="ca816">
		<table name="Coolant Temperature" address="c9e70"/>
	</table>

	<table name="Cranking Fuel Injector Pulse Width B (ECT)" address="ca836">
		<table name="Coolant Temperature" address="c9e70"/>
	</table>

	<table name="Cranking Fuel Injector Pulse Width C (ECT)" address="ca856">
		<table name="Coolant Temperature" address="c9e70"/>
	</table>

	<table name="Cranking Fuel Injector Pulse Width D (ECT)" address="ca876">
		<table name="Coolant Temperature" address="c9e70"/>
	</table>

	<table name="Cranking Fuel Injector Pulse Width E (ECT)" address="ca896">
		<table name="Coolant Temperature" address="c9e70"/>
	</table>

	<table name="Cranking Fuel Injector Pulse Width F (ECT)" address="ca8b6">
		<table name="Coolant Temperature" address="c9e70"/>
	</table>

	<table name="Cranking Fuel Injector Pulse Width G (ECT)" address="ca8d6">
		<table name="Coolant Temperature" address="c9e70"/>
	</table>

	<table name="Cranking Fuel Injector Pulse Width H (ECT)" address="ca8f6">
		<table name="Coolant Temperature" address="c9e70"/>
	</table>

	<table name="Cranking Fuel Injector Pulse Width I (ECT)" address="ca916">
		<table name="Coolant Temperature" address="c9e70"/>
	</table>

	<table name="Cranking Fuel IPW Compensation A (RPM)" address="cc4b0">
		<table name="Engine Speed" address="cc480"/>
		<table name="Coolant Temperature" address="cc494"/>
	</table>

	<table name="Cranking Fuel IPW Compensation B (RPM)" address="cc574">
		<table name="Engine Speed" address="cc53c"/>
		<table name="Coolant Temperature" address="cc550"/>
	</table>

	<table name="Cranking Fuel IPW Compensation (MAP)" address="ca068">
		<table name="Manifold Pressure" address="ca068"/>
	</table>

	<table name="Cranking Fuel IPW Compensation (Accelerator)" address="ca08c">
		<table name="Accelerator Pedal Angle" address="ca074"/>
	</table>

	<table name="Cranking Fuel IPW Compensation (IAT)" address="ca0a8">
		<table name="Intake Temperature" address="ca094"/>
	</table>

	<table name="Throttle Tip-in Enrichment A" address="cbd70">
		<table name="Throttle Angle Change" address="cbd28"/>
	</table>

	<table name="Throttle Tip-in Enrichment B" address="cbddc">
		<table name="Throttle Angle Change" address="cbd94"/>
	</table>

	<table name="Minimum Tip-in Enrichment Activation" address="c9d34">
	</table>

	<table name="Minimum Tip-in Enrichment Activation (Throttle)" address="c9d30">
	</table>

	<table name="Tip-in Enrichment Compensation (RPM)" address="ca640">
		<table name="Engine Speed" address="ca61c"/>
	</table>

	<table name="Tip-in Enrichment Compensation (MRP)" address="ca670">
		<table name="Manifold Pressure" address="ca64c"/>
	</table>

	<table name="Tip-in Enrichment Compensation A (ECT)" address="ca679">
		<table name="Coolant Temperature" address="c9e70"/>
	</table>

	<table name="Tip-in Enrichment Compensation B (ECT)" address="cbe20">
		<table name="Coolant Temperature" address="c9e70"/>
	</table>

	<table name="Tip-in Enrichment Compensation C (ECT)">
		<table name="Coolant Temperature"/>
	</table>

	<table name="Tip-in Enrichment Compensation D (ECT)" address="cbe60">
		<table name="Coolant Temperature" address="c9eb0"/>
	</table>

	<table name="Tip-in Enrichment Compensation D (ECT) Activation" address="c9d38">
	</table>

	<table name="Tip-in Enrichment Disable Applied Counter Threshold A (ECT)" address="ca689">
		<table name="Coolant Temperature" address="c9e70"/>
	</table>

	<table name="Tip-in Enrichment Disable Applied Counter Threshold B (ECT)" address="ca699">
		<table name="Coolant Temperature" address="c9e70"/>
	</table>

	<table name="Tip-in Enrichment Applied Counter Reset" address="c972c">
	</table>

	<table name="Tip-in Enrichment Disable Throttle Cumulative Threshold A (ECT)" address="cbe80">
		<table name="Coolant Temperature" address="c9e70"/>
	</table>

	<table name="Tip-in Enrichment Disable Throttle Cumulative Threshold B (ECT)" address="cbea0">
		<table name="Coolant Temperature" address="c9e70"/>
	</table>

	<table name="Tip-in Throttle Cumulative Reset" address="c972d">
	</table>

	<table name="Min Primary Base Enrichment 1 Cruise" address="cc71c">
		<table name="Coolant Temperature" address="c9e70"/>
		<table name="Engine Load" address="cc6fc"/>
	</table>

	<table name="A/F Learning #1 Limits" address="c9a4c">
	</table>

	<table name="A/F Learning #1 Airflow Ranges" address="c9a6c">
	</table>

	<table name="MAF Limit (Maximum)" address="c3f54">
	</table>

	<table name="MAF Sensor Scaling" address="d5100">
		<table name="MAF sensor" address="d5040" elements="48"/>
	</table>

	<table name="Engine Load Limit (Maximum)" address="20e10">
	</table>

	<table name="Engine Load Compensation A (MP)" address="c4a9c">
		<table name="Manifold Pressure" address="c4a38"/>
		<table name="Engine Speed" address="c4a64"/>
	</table>

	<table name="Engine Load Compensation B (MP)" address="c4b9c">
		<table name="Manifold Pressure" address="c4b38"/>
		<table name="Engine Speed" address="c4b64"/>
	</table>

	<table name="Base Timing A" address="d0a54">
		<table name="Engine Load" address="d09cc"/>
		<table name="Engine Speed" address="d0a08" elements="19"/>
	</table>

	<table name="Base Timing B" address="d0bfc">
		<table name="Engine Load" address="d0b74"/>
		<table name="Engine Speed" address="d0bb0" elements="19"/>
	</table>

	<table name="Base Timing C" address="d0da4">
		<table name="Engine Load" address="d0d1c"/>
		<table name="Engine Speed" address="d0d58" elements="19"/>
	</table>

	<table name="Base Timing D" address="d0f4c">
		<table name="Engine Load" address="d0ec4"/>
		<table name="Engine Speed" address="d0f00" elements="19"/>
	</table>

	<table name="Base Timing Idle (In-Gear)(Above Speed Threshold)_" address="d098c">
		<table name="Engine Speed" address="d093c" elements="16"/>
		<table name="Coolant Temperature" address="d097c"/>
	</table>

	<table name="Base Timing Idle (In-Gear)(Below Speed Threshold)" address="cf0a1">
		<table name="Engine Speed" address="cee30"/>
	</table>

	<table name="Base Timing Idle (Neutral)" address="cf100">
		<table name="Engine Speed" address="cf0dc"/>
	</table>

	<table name="Base Timing Idle Vehicle Speed Threshold" address="cebb4">
	</table>

	<table name="Knock Correction Advance Max A" address="d0674">
		<table name="Engine Load" address="d05ec" elements="15"/>
		<table name="Engine Speed" address="d0628" elements="19"/>
	</table>

	<table name="Knock Correction Advance Max B" address="d081c">
		<table name="Engine Load" address="d0794" elements="15"/>
		<table name="Engine Speed" address="d07d0" elements="19"/>
	</table>

	<table name="Timing Compensation (IAT)" address="cf23c">
		<table name="Intake Temperature" address="cf1fc"/>
	</table>

	<table name="Timing Compensation (IAT) Activation" address="d10bc">
		<table name="Engine Speed" address="d106c" elements="16"/>
		<table name="Engine Load" address="d10ac" elements="4"/>
	</table>

	<table name="Timing Compensation A (ECT)" address="cf1b9">
		<table name="Coolant Temperature" address="cedb0"/>
	</table>

	<table name="Timing Compensation B (ECT)" address="cf1c9">
		<table name="Coolant Temperature" address="cedb0"/>
	</table>

	<table name="Timing Compensation C (ECT)" address="cf1d9">
		<table name="Coolant Temperature" address="cedb0"/>
	</table>

	<table name="Timing Compensation D (ECT)" address="cf1e9">
		<table name="Coolant Temperature" address="cedb0"/>
	</table>

	<table name="Timing Compensation Per Cylinder A" address="d03e8">
		<table name="Engine Speed" address="d039c"/>
		<table name="Engine Load" address="d03d4" elements="5"/>
	</table>

	<table name="Timing Compensation Per Cylinder B" address="d047c">
		<table name="Engine Speed" address="d0430"/>
		<table name="Engine Load" address="d0468" elements="5"/>
	</table>

	<table name="Timing Compensation Per Cylinder C" address="d0510">
		<table name="Engine Speed" address="d04c4"/>
		<table name="Engine Load" address="d04fc" elements="5"/>
	</table>

	<table name="Timing Compensation Per Cylinder D" address="d05a4">
		<table name="Engine Speed" address="d0558"/>
		<table name="Engine Load" address="d0590" elements="5"/>
	</table>

	<table name="Timing Comp Minimum Load (Per Cylinder)" address="ce9d4">
	</table>

	<table name="Timing Comp Maximum RPM (Per Cylinder)" address="ce9d0">
	</table>

	<table name="Timing Comp Minimum Coolant Temp (Per Cylinder)" address="ce9d8">
	</table>

	<table name="Feedback Correction Range (RPM)" address="ce9e0">
	</table>

	<table name="Feedback Correction Minimum Load_" address="cf880">
		<table name="Engine Speed" address="cf870"/>
	</table>

	<table name="Feedback Correction Retard Value_" address="cfef0">
		<table name="Engine Speed" address="cfebc"/>
	</table>

	<table name="Feedback Correction Retard Limit" address="ce9f4">
	</table>

	<table name="Feedback Correction Negative Advance Value" address="ce9f8">
	</table>

	<table name="Feedback Correction Negative Advance Delay_" address="cf8bc">
		<table name="Engine Speed" address="cf888"/>
	</table>

	<table name="Fine Correction Range (RPM)" address="ceaac">
	</table>

	<table name="Fine Correction Range (Load)" address="ceabc">
	</table>

	<table name="Fine Correction Rows (RPM)_" address="cea54">
	</table>

	<table name="Fine Correction Columns (Load)_" address="cea74">
	</table>

	<table name="Fine Correction Retard Value_" address="cff58">
		<table name="Engine Speed" address="cff24"/>
	</table>

	<table name="Fine Correction Retard Limit" address="ceaa0">
	</table>

	<table name="Fine Correction Advance Value" address="cea9c">
	</table>

	<table name="Fine Correction Advance Limit" address="cea98">
	</table>

	<table name="Fine Correction Advance Delay" address="ce932">
	</table>

	<table name="Rough Correction Range (RPM)" address="cea10">
	</table>

	<table name="Rough Correction Range (Load)" address="cea20">
	</table>

	<table name="Rough Correction Minimum KC Advance Map Value" address="cea30">
	</table>

	<table name="Rough Correction Learning Delay (Increasing)_" address="cf900">
		<table name="Engine Speed" address="cf8d8"/>
	</table>

	<table name="Advance Multiplier (Initial)" address="cea34">
	</table>

	<table name="Advance Multiplier Step Value" address="cea38">
	</table>

	<table name="Intake Cam Advance Angle Cruise (AVCS)" address="ce5c0" scaling="advance(degrees)_4">
		<table name="Engine Load" address="ce550" elements="10"/>
		<table name="Engine Speed" address="ce578"/>
	</table>

	<table name="Intake Cam Advance Angle Non-Cruise (AVCS)" address="ce798" scaling="advance(degrees)_4">
		<table name="Engine Load" address="ce728" elements="10"/>
		<table name="Engine Speed" address="ce750"/>
	</table>

	<table name="Requested Torque A (Accelerator Pedal)" address="dcd50">
		<table name="Accelerator Pedal Angle" address="dccbc" elements="17"/>
		<table name="Engine Speed" address="dcd00" elements="20"/>
	</table>

	<table name="Requested Torque B (Accelerator Pedal)" address="dd0bc">
		<table name="Accelerator Pedal Angle" address="dd028" elements="17"/>
		<table name="Engine Speed" address="dd06c" elements="20"/>
	</table>

	<table name="Requested Torque C (Accelerator Pedal)">
		<table name="Accelerator Pedal Angle" elements="17"/>
		<table name="Engine Speed" elements="20"/>
	</table>

	<table name="Requested Torque D (Accelerator Pedal)">
		<table name="Accelerator Pedal Angle" elements="17"/>
		<table name="Engine Speed" elements="20"/>
	</table>

	<table name="Requested Torque E (Accelerator Pedal)">
		<table name="Accelerator Pedal Angle" elements="17"/>
		<table name="Engine Speed" elements="20"/>
	</table>

	<table name="Requested Torque F (Accelerator Pedal)">
		<table name="Accelerator Pedal Angle" elements="17"/>
		<table name="Engine Speed" elements="20"/>
	</table>

	<table name="Target Throttle Plate Position A (Requested Torque)" address="dd74c">
		<table name="Requested Torque" address="dd62c" elements="53"/>
		<table name="Engine Speed" address="dd700" elements="19"/>
	</table>

	<table name="Target Throttle Plate Position B (Requested Torque)" address="de04c">
		<table name="Requested Torque" address="ddf2c" elements="53"/>
		<table name="Engine Speed" address="de000" elements="19"/>
	</table>

	<table name="Target Throttle Plate Position Maximum (Requested Torque)" address="de964">
		<table name="Requested Torque" address="de844" elements="53"/>
		<table name="Engine Speed" address="de918" elements="19"/>
	</table>

	<table name="Rev Limit (Fuel Cut)" address="c9db0">
	</table>

	<table name="Rev Limit B" address="c9db8">
	</table>

	<table name="Rev Limit Fuel Resume (MP)" address="c9dc0">
	</table>

	<table name="Speed Limiting Enable (Fuel Cut)" address="c9dc8">
	</table>

	<table name="Speed Limiting Disable (Fuel Cut)" address="c9dd0">
	</table>

	<table name="Speed Limiting A (Throttle)" address="dc644">
	</table>

	<table name="Speed Limiting B (Throttle)" address="dc65c">
	</table>

	<table name="Fuel Temp Sensor Scaling" address="d5470">
		<table name="Fuel Temp Sensor" address="d53f8"/>
	</table>

	<table name="Intake Temp Sensor Scaling" address="d5380">
		<table name="Intake Temp Sensor" address="d5308"/>
	</table>

	<table name="Coolant Temp Sensor Scaling" address="d5298">
		<table name="Coolant Temp Sensor" address="d5228"/>
	</table>

	<table name="Oil Temp Sensor Scaling" address="d5564">
		<table name="Coolant Temp Sensor" address="d54e8"/>
	</table>

	<table name="Radiator Fan Modes A (ECT)" address="d5838">
	</table>

	<table name="Radiator Fan Modes B (ECT)" address="d5848">
	</table>

	<table name="Radiator Fan Modes C (ECT)">
	</table>

	<table name="Radiator Fan Modes (Veh. Speed)" address="d5858">
	</table>

	<table name="Idle Speed Target A (MT)" address="d2386">
		<table name="Coolant Temperature" address="d1e84"/>
	</table>

	<table name="Idle Speed Target B (MT)" address="d23c6">
		<table name="Coolant Temperature" address="d1e84"/>
	</table>

	<table name="Idle Speed Target C (MT)" address="d2406">
		<table name="Coolant Temperature" address="d1e84"/>
	</table>

	<table name="Idle Speed Target D (MT)">
		<table name="Coolant Temperature"/>
	</table>

	<table name="Idle Speed Target E (MT)">
		<table name="Coolant Temperature"/>
	</table>

	<table name="Ignition Dwell" address="d5634">
		<table name="Engine Speed" address="d55e0"/>
		<table name="Battery" address="d5620"/>
	</table>

	<table name="Checksum Fix" address="ffb80" level="4"/>

	<table name="Force Pass Readiness Monitors" level="4"/>

    <table name="(P0000) PASS CODE (NO DTC DETECTED)" storageaddress="86FB6" />
    <table name="(P0000) PASS CODE (NO DTC DETECTED) " storageaddress="86FB7" />
    <table name="(P0026) OSV SOLENOID VALVE CIRCUIT RANGE/PERF B1" storageaddress="87008" />
    <table name="(P0028) OSV SOLENOID VALVE CIRCUIT RANGE/PERF B2" storageaddress="87005" />
    <table name="(P0030) FRONT O2 SENSOR RANGE/PERF" storageaddress="86FDB" />
    <table name="(P0031) FRONT O2 SENSOR LOW INPUT" storageaddress="86FC5" />
    <table name="(P0032) FRONT O2 SENSOR HIGH INPUT" storageaddress="86FC3" />
    <table name="(P0037) REAR O2 SENSOR LOW INPUT" storageaddress="86FC4" />
    <table name="(P0038) REAR O2 SENSOR HIGH INPUT" storageaddress="86FC2" />
    <table name="(P0068) MAP SENSOR RANGE/PERF" storageaddress="86FD6" />
    <table name="(P0076) INTAKE VALVE CIRCUIT LOW (BANK 1)" storageaddress="8700A" />
    <table name="(P0077) INTAKE VALVE CONTROL HIGH (BANK 1)" storageaddress="87009" />
    <table name="(P0082) INTAKE VALVE CONTROL LOW (BANK 2)" storageaddress="87007" />
    <table name="(P0083) INTAKE VALVE CONTROL HIGH (BANK 2)" storageaddress="87006" />
    <table name="(P0101) MAF SENSOR RANGE/PERF" storageaddress="86FD7" />
    <table name="(P0102) MAF SENSOR LOW INPUT" storageaddress="86F75" />
    <table name="(P0103) MAF SENSOR HIGH INPUT" storageaddress="86F76" />
    <table name="(P0107) MAP SENSOR LOW INPUT" storageaddress="86FC6" />
    <table name="(P0108) MAP SENSOR HIGH INPUT" storageaddress="86FC7" />
    <table name="(P0111) IAT SENSOR RANGE/PERF" storageaddress="86FC1" />
    <table name="(P0112) IAT SENSOR LOW INPUT" storageaddress="86FBF" />
    <table name="(P0113) IAT SENSOR HIGH INPUT" storageaddress="86FC0" />
    <table name="(P0117) COOLANT TEMP SENSOR LOW INPUT" storageaddress="86F7E" />
    <table name="(P0118) COOLANT TEMP SENSOR HIGH INPUT" storageaddress="86F7F" />
    <table name="(P0122) TPS A LOW INPUT" storageaddress="86F7C" />
    <table name="(P0123) TPS A HIGH INPUT" storageaddress="86F7D" />
    <table name="(P0125) INSUFFICIENT COOLANT TEMP (FUELING)" storageaddress="86F81" />
    <table name="(P0126) INSUFFICIENT COOLANT TEMP (OPERATION)" storageaddress="87012" />
    <table name="(P0128) THERMOSTAT MALFUNCTION" storageaddress="86FCC" />
    <table name="(P0131) FRONT O2 SENSOR LOW INPUT" storageaddress="86FB9" />
    <table name="(P0132) FRONT O2 SENSOR HIGH INPUT" storageaddress="86FBB" />
    <table name="(P0133) FRONT O2 SENSOR SLOW RESPONSE" storageaddress="86FA3" />
    <table name="(P0134) FRONT O2 SENSOR NO ACTIVITY" storageaddress="86FD9" />
    <table name="(P0137) REAR O2 SENSOR LOW VOLTAGE" storageaddress="86FB8" />
    <table name="(P0138) REAR O2 SENSOR HIGH VOLTAGE" storageaddress="86FBD" />
    <table name="(P0139) REAR O2 SENSOR SLOW RESPONSE" storageaddress="86FA4" />
    <table name="(P0140) REAR O2 SENSOR NO ACTIVITY" storageaddress="87025" />
    <table name="(P0141) REAR O2 SENSOR MALFUNCTION" storageaddress="86FA2" />
    <table name="(P0171) SYSTEM TOO LEAN" storageaddress="86FAD" />
    <table name="(P0172) SYSTEM TOO RICH" storageaddress="86FAE" />
    <table name="(P0181) FUEL TEMP SENSOR A RANGE/PERF" storageaddress="86F8D" />
    <table name="(P0182) FUEL TEMP SENSOR A LOW INPUT" storageaddress="86F8B" />
    <table name="(P0183) FUEL TEMP SENSOR A HIGH INPUT" storageaddress="86F8C" />
    <table name="(P0196) OIL TEMP SENSOR RANGE/PERF" storageaddress="8700B" />
    <table name="(P0197) OIL TEMP SENSOR LOW" storageaddress="87001" />
    <table name="(P0198) OIL TEMP SENSOR HIGH" storageaddress="8700C" />
    <table name="(P0222) TPS B LOW INPUT" storageaddress="86FE3" />
    <table name="(P0223) TPS B HIGH INPUT" storageaddress="86FE4" />
    <table name="(P0301) MISFIRE CYLINDER 1" storageaddress="86FAF" />
    <table name="(P0302) MISFIRE CYLINDER 2" storageaddress="86FB0" />
    <table name="(P0303) MISFIRE CYLINDER 3" storageaddress="86FB1" />
    <table name="(P0304) MISFIRE CYLINDER 4" storageaddress="86FB2" />
    <table name="(P0327) KNOCK SENSOR 1 LOW INPUT" storageaddress="86F7A" />
    <table name="(P0328) KNOCK SENSOR 1 HIGH INPUT" storageaddress="86F7B" />
    <table name="(P0335) CRANKSHAFT POS. SENSOR A MALFUNCTION" storageaddress="86F70" />
    <table name="(P0336) CRANKSHAFT POS. SENSOR A RANGE/PERF" storageaddress="86F71" />
    <table name="(P0340) CAMSHAFT POS. SENSOR A MALFUNCTION" storageaddress="86F73" />
    <table name="(P0341) CAMSHAFT POS. SENSOR A RANGE/PERF" storageaddress="86F72" />
    <table name="(P0400) EGR FLOW" storageaddress="86FAC" />
    <table name="(P0420) CAT EFFICIENCY BELOW THRESHOLD" storageaddress="86FA9" />
    <table name="(P0442) EVAP LEAK DETECTED (SMALL)" storageaddress="86FAA" />
    <table name="(P0447) EVAP VENT CONTROL CIRCUIT OPEN" storageaddress="86FA0" />
    <table name="(P0448) EVAP VENT CONTROL CIRCUIT SHORTED" storageaddress="86FA1" />
    <table name="(P0451) EVAP PRESSURE SENSOR RANGE/PERF" storageaddress="86F89" />
    <table name="(P0452) EVAP PRESSURE SENSOR LOW INPUT" storageaddress="86F87" />
    <table name="(P0453) EVAP PRESSURE SENSOR HIGH INPUT" storageaddress="86F88" />
    <table name="(P0456) EVAP LEAK DETECTED (VERY SMALL)" storageaddress="86FAB" />
    <table name="(P0457) EVAP LEAK DETECTED (FUEL CAP)" storageaddress="86FB5" />
    <table name="(P0458) EVAP PURGE VALVE CIRCUIT LOW" storageaddress="86F9D" />
    <table name="(P0459) EVAP PURGE VALVE CIRCUIT HIGH" storageaddress="86F9E" />
    <table name="(P0461) FUEL LEVEL SENSOR RANGE/PERF" storageaddress="86F84" />
    <table name="(P0462) FUEL LEVEL SENSOR LOW INPUT" storageaddress="86F82" />
    <table name="(P0463) FUEL LEVEL SENSOR HIGH INPUT" storageaddress="86F83" />
    <table name="(P0464) FUEL LEVEL SENSOR INTERMITTENT" storageaddress="86F80" />
    <table name="(P0500) VEHICLE SPEED SENSOR A" storageaddress="86F77" />
    <table name="(P0506) IDLE CONTROL RPM LOWER THAN EXPECTED" storageaddress="86F97" />
    <table name="(P0507) IDLE CONTROL RPM HIGH THAN EXPECTED" storageaddress="86F98" />
    <table name="(P050A) COLD START IDLE AIR CONTROL SYSTEM PERFORMANCE" storageaddress="87047" />
    <table name="(P050B) COLD START IGNITION TIMING PERFORMANCE" storageaddress="87046" />
    <table name="(P0512) STARTER REQUEST CIRCUIT" storageaddress="86F86" />
    <table name="(P0604) CONTROL MODULE RAM ERROR" storageaddress="86F74" />
    <table name="(P0605) CONTROL MODULE ROM ERROR" storageaddress="86FF8" />
    <table name="(P0607) CONTROL MODULE PERFORMANCE" storageaddress="86FEB" />
    <table name="(P0638) THROTTLE ACTUATOR RANGE/PERF" storageaddress="86FEA" />
    <table name="(P0700) TRANSMISSION CONTROL SYSTEM" storageaddress="87004" />
    <table name="(P0851) NEUTRAL SWITCH INPUT LOW" storageaddress="86F8A" />
    <table name="(P0852) NEUTRAL SWITCH INPUT HIGH" storageaddress="86F8E" />
    <table name="(P1152) FRONT O2 SENSOR RANGE/PERF LOW B1 S1" storageaddress="86FA5" />
    <table name="(P1153) FRONT O2 SENSOR RANGE/PERF HIGH B1 S1" storageaddress="86FA6" />
    <table name="(P1160) ABNORMAL RETURN SPRING" storageaddress="86FE5" />
    <table name="(P1443) VENT CONTROL SOLENOID FUNCTION PROBLEM" storageaddress="86F9F" />
    <table name="(P1492) EGR SOLENOID SIGNAL 1 MALFUNCTION (LOW)" storageaddress="86F8F" />
    <table name="(P1493) EGR SOLENOID SIGNAL 1 MALFUNCTION (HIGH)" storageaddress="86F90" />
    <table name="(P1494) EGR SOLENOID SIGNAL 2 MALFUNCTION (LOW)" storageaddress="86F91" />
    <table name="(P1495) EGR SOLENOID SIGNAL 2 MALFUNCTION (HIGH)" storageaddress="86F92" />
    <table name="(P1496) EGR SIGNAL 3 CIRCUIT LOW" storageaddress="86F93" />
    <table name="(P1497) EGR SOLENOID SIGNAL 3 MALFUNCTION (HIGH)" storageaddress="86F94" />
    <table name="(P1498) EGR SIGNAL 4 CIRCUIT LOW" storageaddress="86F95" />
    <table name="(P1499) EGR SIGNAL 4 CIRCUIT HIGH" storageaddress="86F96" />
    <table name="(P1518) STARTER SWITCH LOW INPUT" storageaddress="86F85" />
    <table name="(P1519) IMRC STUCK CLOSED" storageaddress="87036" />
    <table name="(P1520) IMRC CIRCUIT MALFUNCTION" storageaddress="87035" />
    <table name="(P1560) BACK-UP VOLTAGE MALFUNCTION" storageaddress="86FCE" />
    <table name="(P1616) SBDS INTERACTIVE CODES" storageaddress="87034" />
    <table name="(P2096) POST CATALYST TOO LEAN B1" storageaddress="86FE9" />
    <table name="(P2097) POST CATALYST TOO RICH B1" storageaddress="86FF2" />
    <table name="(P2101) THROTTLE ACTUATOR CIRCUIT RANGE/PERF" storageaddress="86FE8" />
    <table name="(P2102) THROTTLE ACTUATOR CIRCUIT LOW" storageaddress="86FE6" />
    <table name="(P2103) THROTTLE ACTUATOR CIRCUIT HIGH" storageaddress="86FE7" />
    <table name="(P2109) TPS A MINIMUM STOP PERF" storageaddress="86FE2" />
    <table name="(P2122) TPS D CIRCUIT LOW INPUT" storageaddress="86FEF" />
    <table name="(P2123) TPS D CIRCUIT HIGH INPUT" storageaddress="86FF0" />
    <table name="(P2127) TPS E CIRCUIT LOW INPUT" storageaddress="86FED" />
    <table name="(P2128) TPS E CIRCUIT HIGH INPUT" storageaddress="86FEE" />
    <table name="(P2135) TPS A/B VOLTAGE" storageaddress="86FF1" />
    <table name="(P2138) TPS D/E VOLTAGE" storageaddress="86FEC" />
    <table name="(P2227) BARO. PRESSURE CIRCUIT RANGE/PERF" storageaddress="87011" />
    <table name="(P2228) BARO. PRESSURE CIRCUIT LOW INPUT" storageaddress="87014" />
    <table name="(P2229) BARO. PRESSURE CIRCUIT HIGH INPUT" storageaddress="87013" />
    <table name="(P2610) ECM/PCM INTERNAL ENGINE OFF TIMER PERFORMANCE" storageaddress="87048" />
    <table name="(U0073) CAN COMMUNICATION BUS A OFF" storageaddress="87044" />
    <table name="(U0101) CAN LOST COMMUNICATION WITH TCM" storageaddress="87041" />
    <table name="(U0122) CAN LOST COMMUNICATION WITH VDC" storageaddress="87043" />
    <table name="(U0140) CAN LOST COMMUNICATION WITH BIU" storageaddress="8703F" />
    <table name="(U0402) CAN INVALID DATA RECEIVED FROM TCM" storageaddress="87040" />
    <table name="(U0416) CAN INVALID DATA RECEIVED FROM VDC" storageaddress="87042" />
    <table name="(U0422) CAN INVALID DATA RECEIVED FROM BIU" storageaddress="8703E" />

</rom>
