<rom>
	<romid>
		<xmlid>EE5I500A</xmlid>
		<internalidaddress>2004</internalidaddress>
		<internalidstring>EE5I500A</internalidstring>
		<ecuid>7532164007</ecuid>
		<make>Subaru</make>
		<market>EDM</market>
		<model>Outback</model>
		<submodel>2.5i</submodel>
		<transmission>AT</transmission>
		<year>11</year>
		<flashmethod>subarucan</flashmethod>
		<memmodel>SH7058</memmodel>
		<checksummodule>subarudbw</checksummodule>
	</romid>

	<include>32BITBASE</include>
	<scaling name="advance(degrees)_4" units="units" toexpr="x" frexpr="x" format="%.0f" min="0" max="255" inc="1" storagetype="uint16" endian="big"/>

	<table name="Front Oxygen Sensor Compensation (Atmosphere)" address="c21f4"/>

	<table name="CL to OL Delay A (Atmospheric Pressure)" address="c8248"/>

	<table name="CL to OL Delay B (Atmospheric Pressure)" address="c8274"/>

	<table name="CL Delay Minimum Coolant Temperature" address="c66cc"/>

	<table name="CL Delay Maximum Throttle A" address="c66d0"/>

	<table name="CL Delay Maximum Throttle B (Coolant Temp)" address="c6ff4"/>

	<table name="Tip-in Enrichment Compensation A (Coolant Temp)" address="c71e1"/>

	<table name="Tip-in Enrichment Compensation B (Coolant Temp)" address="c8898"/>

	<table name="Tip-in Enrichment Compensation C (Coolant Temp)" address="c88b8"/>

	<table name="Tip-in Enrichment Compensation D (Coolant Temp)" address="c88f8"/>

	<table name="Tip-in Enrichment Compensation D (Coolant Temp) Activation" address="c68a4"/>

	<table name="MAF Compensation (Intake Temp)" address="c2670"/>

	<table name="Timing Advance A (Maximum)" address="cd640"/>

	<table name="Timing Advance B (Maximum)" address="cd7d0"/>

	<table name="Timing Compensation (Intake Temp)" address="cc1ac"/>

	<table name="Timing Compensation (Intake Temp) Activation" address="cdfcc"/>

	<table name="Timing Compensation A (Coolant Temp)" address="cc129"/>

	<table name="Timing Compensation B (Coolant Temp)" address="cc139"/>

	<table name="Timing Compensation C (Coolant Temp)" address="cc149"/>

	<table name="Timing Compensation D (Coolant Temp)" address="cc159"/>

	<table name="Rough Correction Minimum Timing Advance Map Value" address="cba84"/>

	<table name="Speed Limiting A (Fuel Cut)" address="c6974"/>

	<table name="Speed Limiting B (Fuel Cut)" address="c697c"/>

	<table name="Radiator Fan Modes A (Coolant Temp)" address="d127c"/>

	<table name="Radiator Fan Modes B (Coolant Temp)" address="d128c"/>

	<table name="Radiator Fan Modes (Vehicle Speed)" address="d129c"/>

	<table name="Idle Speed A (Coolant Temp)" address="cf040"/>

	<table name="Idle Speed B (Coolant Temp)" address="cf080"/>

	<table name="Idle Speed C (Coolant Temp)" address="cf0c0"/>

	<table name="Idle Speed D (Coolant Temp)" address="cf0e0"/>

	<table name="Idle Speed E (Coolant Temp)" address="cf120"/>

	<table name="Idle Speed F (Coolant Temp)" address="cf160"/>

	<table name="(P0000) PASS CODE (NO DTC DETECTED)" address="86fb6"/>

	<table name="Manifold Pressure Sensor Scaling_" address="d3004">
	</table>

	<table name="Manifold Pressure Sensor Limits (CEL)" address="d2fcc">
	</table>

	<table name="Manifold Pressure Sensor CEL Delays" address="d2f99">
	</table>

	<table name="Primary Open Loop Fueling A_" address="cae78">
		<table name="Engine Load" address="cae1c" elements="13"/>
		<table name="Engine Speed" address="cae50" elements="10"/>
	</table>

	<table name="Primary Open Loop Fueling B_" address="caf5c">
		<table name="Engine Load" address="caefc" elements="13"/>
		<table name="Engine Speed" address="caf30" elements="10"/>
	</table>

	<table name="Minimum Active Primary Open Loop Enrichment" address="c8038">
	</table>

	<table name="Front Oxygen Sensor Scaling" address="d3288">
		<table name="Front Oxygen Sensor" address="d3254"/>
	</table>

	<table name="Front Oxygen Sensor Rich Limit" address="237c4">
	</table>

	<table name="Front Oxygen Sensor Compensation (Atm. Pressure)" address="c444c">
		<table name="Atmospheric Pressure" address="c443c"/>
	</table>

	<table name="CL Fueling Target Compensation A (Load)" address="cb780">
		<table name="Engine Load" address="cb708"/>
		<table name="Engine Speed" address="cb734" elements="19"/>
	</table>

	<table name="CL Fueling Target Compensation B (Load)" address="cb99c">
		<table name="Engine Load" address="cbb6c"/>
		<table name="Engine Speed" address="cb950" elements="19"/>
	</table>

	<table name="CL Fueling Target Compensation C (Load)" address="cbbbc">
		<table name="Engine Load" address="cbb40"/>
		<table name="Engine Speed" address="cbb6c" elements="20"/>
	</table>

	<table name="CL Fueling Target Compensation D (Load)" address="cbdf0">
		<table name="Engine Load" address="cbd74"/>
		<table name="Engine Speed" address="cbda0" elements="20"/>
	</table>

	<table name="CL Fueling Target Compensation (ECT)" address="cb6a8">
		<table name="Coolant Temperature" address="c8388"/>
		<table name="Engine Load" address="cb69c"/>
	</table>

	<table name="CL Fueling Target Compensation (ECT) Disable" address="c7ed4">
	</table>

	<table name="CL to OL Delay" address="c7d0a">
		<table name="Delay Values" elements="2"/>
	</table>

	<table name="CL to OL Delay A (Atm. Pressure)" address="c9c10">
		<table name="Atmospheric Pressure" address="c9bf4"/>
	</table>

	<table name="CL to OL Delay B (Atm. Pressure)" address="c9c3c">
		<table name="Atmospheric Pressure" address="c9c20"/>
	</table>

	<table name="CL to OL Transition with Delay (Accelerator)" address="c8994">
		<table name="Engine Speed" address="c8954"/>
	</table>

	<table name="CL to OL Transition with Delay Throttle Hysteresis" address="c803c">
	</table>

	<table name="CL to OL Transition with Delay (Base Pulse Width)" address="c9bd4">
		<table name="Engine Speed" address="c9b94"/>
	</table>

	<table name="CL to OL Transition with Delay BPW Hysteresis" address="c8040">
	</table>

	<table name="CL Delay Minimum (ECT)" address="c8044">
	</table>

	<table name="CL Delay Maximum Engine Speed A" address="c8050">
	</table>

	<table name="CL Delay Maximum Engine Speed B" address="c9b68">
	</table>

	<table name="CL Delay Engine Speed B Counter Threshold" address="c7cee">
	</table>

	<table name="CL Delay Maximum (Throttle) A" address="c8048">
	</table>

	<table name="CL Delay Throttle A Counter Threshold" address="c7cec">
	</table>

	<table name="CL Delay Maximum (Throttle) B (ECT)" address="c89a4">
		<table name="Coolant Temperature" address="c8388"/>
	</table>

	<table name="Injector Latency_" address="cb4c4">
		<table name="Battery Output" address="cb4a4"/>
		<table name="Manifold Pressure" address="cb4b8"/>
	</table>

	<table name="Injector Flow Scaling" address="c7d94">
	</table>

	<table name="Per Injector Pulse Width Compensation A" address="cb074">
		<table name="Last Calculated Base Pulse Width" address="cb038" elements="8"/>
		<table name="Engine Speed" address="cb058" elements="7"/>
	</table>

	<table name="Per Injector Pulse Width Compensation B" address="cb0e8">
		<table name="Last Calculated Base Pulse Width" address="cb0ac" elements="8"/>
		<table name="Engine Speed" address="cb0cc" elements="7"/>
	</table>

	<table name="Per Injector Pulse Width Compensation C" address="cb15c">
		<table name="Last Calculated Base Pulse Width" address="cb120" elements="8"/>
		<table name="Engine Speed" address="cb140" elements="7"/>
	</table>

	<table name="Per Injector Pulse Width Compensation D" address="cb1d0">
		<table name="Last Calculated Base Pulse Width" address="cb194" elements="8"/>
		<table name="Engine Speed" address="cb1b4" elements="7"/>
	</table>

	<table name="Cranking Fuel Injector Pulse Width A (ECT)" address="c8d2e">
		<table name="Coolant Temperature" address="c8388"/>
	</table>

	<table name="Cranking Fuel Injector Pulse Width B (ECT)" address="c8d4e">
		<table name="Coolant Temperature" address="c8388"/>
	</table>

	<table name="Cranking Fuel Injector Pulse Width C (ECT)" address="c8d6e">
		<table name="Coolant Temperature" address="c8388"/>
	</table>

	<table name="Cranking Fuel Injector Pulse Width D (ECT)" address="c8d8e">
		<table name="Coolant Temperature" address="c8388"/>
	</table>

	<table name="Cranking Fuel Injector Pulse Width E (ECT)" address="c8dae">
		<table name="Coolant Temperature" address="c8388"/>
	</table>

	<table name="Cranking Fuel Injector Pulse Width F (ECT)" address="c8dce">
		<table name="Coolant Temperature" address="c8388"/>
	</table>

	<table name="Cranking Fuel Injector Pulse Width G (ECT)" address="c8dee">
		<table name="Coolant Temperature" address="c8388"/>
	</table>

	<table name="Cranking Fuel Injector Pulse Width H (ECT)" address="c8e0e">
		<table name="Coolant Temperature" address="c8388"/>
	</table>

	<table name="Cranking Fuel Injector Pulse Width I (ECT)" address="c8e2e">
		<table name="Coolant Temperature" address="c8388"/>
	</table>

	<table name="Cranking Fuel IPW Compensation A (RPM)" address="ca93c">
		<table name="Engine Speed" address="ca90c"/>
		<table name="Coolant Temperature" address="ca920"/>
	</table>

	<table name="Cranking Fuel IPW Compensation B (RPM)" address="caa00">
		<table name="Engine Speed" address="ca9c8"/>
		<table name="Coolant Temperature" address="ca9dc"/>
	</table>

	<table name="Cranking Fuel IPW Compensation (MAP)" address="c8580">
		<table name="Manifold Pressure" address="c8558"/>
	</table>

	<table name="Cranking Fuel IPW Compensation (Accelerator)" address="c85a4">
		<table name="Accelerator Pedal Angle" address="c858c"/>
	</table>

	<table name="Cranking Fuel IPW Compensation (IAT)" address="c85c0">
		<table name="Intake Temperature" address="c85ac"/>
	</table>

	<table name="Throttle Tip-in Enrichment A" address="ca21c">
		<table name="Throttle Angle Change" address="ca1d4"/>
	</table>

	<table name="Throttle Tip-in Enrichment B" address="ca288">
		<table name="Throttle Angle Change" address="ca240"/>
	</table>

	<table name="Minimum Tip-in Enrichment Activation" address="c821c">
	</table>

	<table name="Minimum Tip-in Enrichment Activation (Throttle)" address="c8218">
	</table>

	<table name="Tip-in Enrichment Compensation (RPM)" address="c8ba8">
		<table name="Engine Speed" address="c8b84"/>
	</table>

	<table name="Tip-in Enrichment Compensation (MRP)" address="c8bd8">
		<table name="Manifold Pressure" address="c8bb4"/>
	</table>

	<table name="Tip-in Enrichment Compensation A (ECT)" address="c8be1">
		<table name="Coolant Temperature" address="c8388"/>
	</table>

	<table name="Tip-in Enrichment Compensation B (ECT)" address="ca2ac">
		<table name="Coolant Temperature" address="ca2ac"/>
	</table>

	<table name="Tip-in Enrichment Compensation C (ECT)" address="ca2cc">
		<table name="Coolant Temperature" address="c8388"/>
	</table>

	<table name="Tip-in Enrichment Compensation D (ECT)" address="ca30c">
		<table name="Coolant Temperature" address="c83c8"/>
	</table>

	<table name="Tip-in Enrichment Compensation D (ECT) Activation" address="c8220">
	</table>

	<table name="Tip-in Enrichment Disable Applied Counter Threshold A (ECT)" address="c8bf1">
		<table name="Coolant Temperature" address="c8388"/>
	</table>

	<table name="Tip-in Enrichment Disable Applied Counter Threshold B (ECT)" address="c8c01">
		<table name="Coolant Temperature" address="c8388"/>
	</table>

	<table name="Tip-in Enrichment Applied Counter Reset" address="c7cb0">
	</table>

	<table name="Tip-in Enrichment Disable Throttle Cumulative Threshold A (ECT)" address="ca32c">
		<table name="Coolant Temperature" address="c8388"/>
	</table>

	<table name="Tip-in Enrichment Disable Throttle Cumulative Threshold B (ECT)" address="ca32c">
		<table name="Coolant Temperature" address="c8388"/>
	</table>

	<table name="Tip-in Throttle Cumulative Reset" address="c7cb1">
	</table>

	<table name="Min Primary Base Enrichment 1 Cruise" address="caba8">
		<table name="Coolant Temperature" address="c8388"/>
		<table name="Engine Load" address="cab88"/>
	</table>

	<table name="A/F Learning #1 Limits" address="c7fac">
	</table>

	<table name="A/F Learning #1 Airflow Ranges" address="c9a6c">
	</table>

	<table name="A/F Learning #1 Min Threshold" address="c7fa8">
	</table>

	<table name="A/F Learning #1 Max Threshold" address="c7fb8">
	</table>

	<table name="MAF Limit (Maximum)" address="c3e58">
	</table>

	<table name="MAF Sensor Scaling" address="d3194">
		<table name="MAF sensor" address="d30d4" elements="48"/>
	</table>

	<table name="MAF Compensation (IAT)" address="c4930">
		<table name="Intake Temperature" address="c48fc"/>
		<table name="Mass Airflow" address="c4910"/>
	</table>

	<table name="Engine Load Limit (Maximum)" address="226ec">
	</table>

	<table name="Engine Load Compensation A (MP)" address="c49bc">
		<table name="Manifold Pressure" address="c4958"/>
		<table name="Engine Speed" address="c4984"/>
	</table>

	<table name="Engine Load Compensation B (MP)" address="c4abc">
		<table name="Manifold Pressure" address="c4a58"/>
		<table name="Engine Speed" address="c4a84"/>
	</table>

	<table name="Base Timing Primary Cruise" address="ce810">
		<table name="Engine Load" address="ce788"/>
		<table name="Engine Speed" address="ce7c4"/>
	</table>

	<table name="Base Timing Reference Cruise (AVCS related)" address="ceb60">
		<table name="Engine Load" address="cead8"/>
		<table name="Engine Speed" address="ceb14"/>
	</table>

	<table name="Base Timing Primary Non-Cruise" address="ce9b8">
		<table name="Engine Load" address="ce930"/>
		<table name="Engine Speed" address="ce96c"/>
	</table>

	<table name="Base Timing Reference Non-Cruise (AVCS related)" address="ced08">
		<table name="Engine Load" address="cec80"/>
		<table name="Engine Speed" address="cecbc"/>
	</table>

	<table name="Base Timing Idle (In-Gear)(Above Speed Threshold)_" address="ce748">
		<table name="Engine Speed" address="ce6f8" elements="16"/>
		<table name="Coolant Temperature" address="ce738"/>
	</table>

	<table name="Base Timing Idle (In-Gear)(Below Speed Threshold)" address="cd451">
		<table name="Engine Speed" address="cd24c"/>
	</table>

	<table name="Base Timing Idle (Neutral)" address="cd4b0">
		<table name="Engine Speed" address="cd48c"/>
	</table>

	<table name="Base Timing Idle Vehicle Speed Threshold" address="cce6c">
	</table>

	<table name="Knock Correction Advance Max A" address="cf580">
		<table name="Engine Load" address="cf4f8" elements="15"/>
		<table name="Engine Speed" address="cf534" elements="19"/>
	</table>

	<table name="Knock Correction Advance Max B" address="cf728">
		<table name="Engine Load" address="cf6a0" elements="15"/>
		<table name="Engine Speed" address="cf6dc" elements="19"/>
	</table>

	<table name="Timing Compensation (IAT)" address="cd5ec">
		<table name="Intake Temperature" address="cd5ac"/>
	</table>

	<table name="Timing Compensation (IAT) Activation" address="cee78">
		<table name="Engine Speed" address="cee28" elements="16"/>
		<table name="Engine Load" address="cee68" elements="4"/>
	</table>

	<table name="Timing Compensation A (ECT)" address="cd569">
		<table name="Coolant Temperature" address="cd1cc"/>
	</table>

	<table name="Timing Compensation B (ECT)" address="cd579">
		<table name="Coolant Temperature" address="cd1cc"/>
	</table>

	<table name="Timing Compensation C (ECT)" address="cd589">
		<table name="Coolant Temperature" address="cd1cc"/>
	</table>

	<table name="Timing Compensation D (ECT)" address="cd599">
		<table name="Coolant Temperature" address="cd1cc"/>
	</table>

	<table name="Timing Compensation Per Cylinder A" address="cf26c">
		<table name="Engine Speed" address="cf218"/>
		<table name="Engine Load" address="cf250" elements="5"/>
	</table>

	<table name="Timing Compensation Per Cylinder B" address="cf324">
		<table name="Engine Speed" address="cf2d0"/>
		<table name="Engine Load" address="cf308" elements="5"/>
	</table>

	<table name="Timing Compensation Per Cylinder C" address="cf3dc">
		<table name="Engine Speed" address="cf388"/>
		<table name="Engine Load" address="cf3c0" elements="5"/>
	</table>

	<table name="Timing Compensation Per Cylinder D" address="cf494">
		<table name="Engine Speed" address="cf440"/>
		<table name="Engine Load" address="cf478" elements="5"/>
	</table>

	<table name="Timing Comp Minimum Load (Per Cylinder)" address="cd0d4">
	</table>

	<table name="Timing Comp Maximum RPM (Per Cylinder)" address="cd0d0">
	</table>

	<table name="Timing Comp Minimum Coolant Temp (Per Cylinder)" address="cd0d8">
	</table>

	<table name="Feedback Correction Range (RPM)" address="cd0e0">
	</table>

	<table name="Feedback Correction Minimum Load_" address="cdcdc">
		<table name="Engine Speed" address="cdccc"/>
	</table>

	<table name="Feedback Correction Retard Value_" address="ce5f4">
		<table name="Engine Speed" address="ce5c0"/>
	</table>

	<table name="Feedback Correction Retard Limit" address="cd0f4">
	</table>

	<table name="Feedback Correction Negative Advance Value" address="cd0f8">
	</table>

	<table name="Feedback Correction Negative Advance Delay_" address="cdd18">
		<table name="Engine Speed" address="cdce4"/>
	</table>

	<table name="Fine Correction Range (RPM)" address="cd1ac">
	</table>

	<table name="Fine Correction Range (Load)" address="cd1bc">
	</table>

	<table name="Fine Correction Rows (RPM)" address="cd154">
	</table>

	<table name="Fine Correction Columns (Load)_" address="cd174">
	</table>

	<table name="Fine Correction Retard Value_" address="ce65c">
		<table name="Engine Speed" address="ce628"/>
	</table>

	<table name="Fine Correction Retard Limit" address="cd1a0">
	</table>

	<table name="Fine Correction Advance Value" address="cd19c">
	</table>

	<table name="Fine Correction Advance Limit" address="cd198">
	</table>

	<table name="Fine Correction Advance Delay" address="ccd80">
	</table>

	<table name="Rough Correction Range (RPM)" address="cd110">
	</table>

	<table name="Rough Correction Range (Load)" address="cd120">
	</table>

	<table name="Rough Correction Minimum KC Advance Map Value" address="cd130">
	</table>

	<table name="Rough Correction Learning Delay (Increasing)_" address="cdd5c">
		<table name="Engine Speed" address="cdd34"/>
	</table>

	<table name="Advance Multiplier (Initial)" address="cd134">
	</table>

	<table name="Advance Multiplier Step Value" address="cd138">
	</table>

	<table name="Intake Cam Advance Angle Cruise (AVCS)" address="cca08" scaling="advance(degrees)_4">
		<table name="Engine Load" address="cc99c" elements="10"/>
		<table name="Engine Speed" address="cc9c4" elements="17"/>
	</table>

	<table name="Intake Cam Advance Angle Non-Cruise (AVCS)" address="ccbc8" scaling="advance(degrees)_4">
		<table name="Engine Load" address="ccb5c" elements="10"/>
		<table name="Engine Speed" address="ccb84" elements="17"/>
	</table>

	<table name="Requested Torque A (Accelerator Pedal)" address="dcd50">
		<table name="Accelerator Pedal Angle" address="dccbc" elements="17"/>
		<table name="Engine Speed" address="dcd00" elements="20"/>
	</table>

	<table name="Requested Torque B (Accelerator Pedal)" address="dd0bc">
		<table name="Accelerator Pedal Angle" address="dd028" elements="17"/>
		<table name="Engine Speed" address="dd06c" elements="20"/>
	</table>

	<table name="Requested Torque C (Accelerator Pedal)">
		<table name="Accelerator Pedal Angle" elements="17"/>
		<table name="Engine Speed" elements="20"/>
	</table>

	<table name="Requested Torque D (Accelerator Pedal)">
		<table name="Accelerator Pedal Angle" elements="17"/>
		<table name="Engine Speed" elements="20"/>
	</table>

	<table name="Requested Torque E (Accelerator Pedal)">
		<table name="Accelerator Pedal Angle" elements="17"/>
		<table name="Engine Speed" elements="20"/>
	</table>

	<table name="Requested Torque F (Accelerator Pedal)">
		<table name="Accelerator Pedal Angle" elements="17"/>
		<table name="Engine Speed" elements="20"/>
	</table>

	<table name="Target Throttle Plate Position A (Requested Torque)" address="dd74c">
		<table name="Requested Torque" address="dd62c" elements="53"/>
		<table name="Engine Speed" address="dd700" elements="19"/>
	</table>

	<table name="Target Throttle Plate Position B (Requested Torque)" address="de04c">
		<table name="Requested Torque" address="ddf2c" elements="53"/>
		<table name="Engine Speed" address="de000" elements="19"/>
	</table>

	<table name="Target Throttle Plate Position Maximum (Requested Torque)" address="de964">
		<table name="Requested Torque" address="de844" elements="53"/>
		<table name="Engine Speed" address="de918" elements="19"/>
	</table>

	<table name="Rev Limit (Fuel Cut)" address="c8298">
	</table>

	<table name="Rev Limit B" address="c82a0">
	</table>

	<table name="Rev Limit Fuel Resume (MP)" address="c82a8">
	</table>

	<table name="Speed Limiting Enable (Fuel Cut)" address="c82b0">
	</table>

	<table name="Speed Limiting Disable (Fuel Cut)" address="c82b8">
	</table>

	<table name="Speed Limiting A (Throttle)" address="dc644">
	</table>

	<table name="Speed Limiting B (Throttle)" address="dc65c">
	</table>

	<table name="Fuel Temp Sensor Scaling">
		<table name="Fuel Temp Sensor"/>
	</table>

	<table name="Intake Temp Sensor Scaling" address="d3414">
		<table name="Intake Temp Sensor" address="d339c"/>
	</table>

	<table name="Coolant Temp Sensor Scaling" address="d332c">
		<table name="Coolant Temp Sensor" address="d32bc"/>
	</table>

	<table name="Oil Temp Sensor Scaling" address="d3508">
		<table name="Coolant Temp Sensor" address="d348c"/>
	</table>

	<table name="Radiator Fan Modes A (ECT)" address="d37dc">
	</table>

	<table name="Radiator Fan Modes B (ECT)" address="d37ec">
	</table>

	<table name="Radiator Fan Modes C (ECT)">
	</table>

	<table name="Radiator Fan Modes (Veh. Speed)" address="d37fc">
	</table>

	<table name="Idle Speed Target A (MT)" address="d065e">
		<table name="Coolant Temperature" address="d0204"/>
	</table>

	<table name="Idle Speed Target B (MT)" address="d069e">
		<table name="Coolant Temperature" address="d0204"/>
	</table>

	<table name="Idle Speed Target C (MT)" address="d06de">
		<table name="Coolant Temperature" address="d0204"/>
	</table>

	<table name="Idle Speed Target D (MT)">
		<table name="Coolant Temperature"/>
	</table>

	<table name="Idle Speed Target E (MT)">
		<table name="Coolant Temperature"/>
	</table>

	<table name="Ignition Dwell" address="d35d8">
		<table name="Engine Speed" address="d3584"/>
		<table name="Battery" address="d35c4"/>
	</table>

    <table name="(P0000) PASS CODE (NO DTC DETECTED)" storageaddress="7344A" />
    <table name="(P0000) PASS CODE (NO DTC DETECTED) " storageaddress="7344B" />
    <table name="(P0030) FRONT O2 SENSOR RANGE/PERF" storageaddress="7346F" />
    <table name="(P0031) FRONT O2 SENSOR LOW INPUT" storageaddress="73459" />
    <table name="(P0032) FRONT O2 SENSOR HIGH INPUT" storageaddress="73457" />
    <table name="(P0037) REAR O2 SENSOR LOW INPUT" storageaddress="73458" />
    <table name="(P0038) REAR O2 SENSOR HIGH INPUT" storageaddress="73456" />
    <table name="(P0076) INTAKE VALVE CIRCUIT LOW (BANK 1)" storageaddress="7349E" />
    <table name="(P0077) INTAKE VALVE CONTROL HIGH (BANK 1)" storageaddress="7349D" />
    <table name="(P0082) INTAKE VALVE CONTROL LOW (BANK 2)" storageaddress="7349B" />
    <table name="(P0083) INTAKE VALVE CONTROL HIGH (BANK 2)" storageaddress="7349A" />
    <table name="(P0102) MAF SENSOR LOW INPUT" storageaddress="73409" />
    <table name="(P0103) MAF SENSOR HIGH INPUT" storageaddress="7340A" />
    <table name="(P0107) MAP SENSOR LOW INPUT" storageaddress="7345A" />
    <table name="(P0108) MAP SENSOR HIGH INPUT" storageaddress="7345B" />
    <table name="(P0112) IAT SENSOR LOW INPUT" storageaddress="73453" />
    <table name="(P0113) IAT SENSOR HIGH INPUT" storageaddress="73454" />
    <table name="(P0117) COOLANT TEMP SENSOR LOW INPUT" storageaddress="73412" />
    <table name="(P0118) COOLANT TEMP SENSOR HIGH INPUT" storageaddress="73413" />
    <table name="(P0122) TPS A LOW INPUT" storageaddress="73410" />
    <table name="(P0123) TPS A HIGH INPUT" storageaddress="73411" />
    <table name="(P0125) INSUFFICIENT COOLANT TEMP (FUELING)" storageaddress="73415" />
    <table name="(P0131) FRONT O2 SENSOR LOW INPUT" storageaddress="7344D" />
    <table name="(P0132) FRONT O2 SENSOR HIGH INPUT" storageaddress="7344F" />
    <table name="(P0133) FRONT O2 SENSOR SLOW RESPONSE" storageaddress="73437" />
    <table name="(P0134) FRONT O2 SENSOR NO ACTIVITY" storageaddress="7346D" />
    <table name="(P0139) REAR O2 SENSOR SLOW RESPONSE" storageaddress="73438" />
    <table name="(P0140) REAR O2 SENSOR NO ACTIVITY" storageaddress="734B9" />
    <table name="(P0171) SYSTEM TOO LEAN" storageaddress="73441" />
    <table name="(P0172) SYSTEM TOO RICH" storageaddress="73442" />
    <table name="(P0197) OIL TEMP SENSOR LOW" storageaddress="73495" />
    <table name="(P0198) OIL TEMP SENSOR HIGH" storageaddress="734A0" />
    <table name="(P0222) TPS B LOW INPUT" storageaddress="73477" />
    <table name="(P0223) TPS B HIGH INPUT" storageaddress="73478" />
    <table name="(P0301) MISFIRE CYLINDER 1" storageaddress="73443" />
    <table name="(P0302) MISFIRE CYLINDER 2" storageaddress="73444" />
    <table name="(P0303) MISFIRE CYLINDER 3" storageaddress="73445" />
    <table name="(P0304) MISFIRE CYLINDER 4" storageaddress="73446" />
    <table name="(P0327) KNOCK SENSOR 1 LOW INPUT" storageaddress="7340E" />
    <table name="(P0328) KNOCK SENSOR 1 HIGH INPUT" storageaddress="7340F" />
    <table name="(P0335) CRANKSHAFT POS. SENSOR A MALFUNCTION" storageaddress="73404" />
    <table name="(P0340) CAMSHAFT POS. SENSOR A MALFUNCTION" storageaddress="73407" />
    <table name="(P0400) EGR FLOW" storageaddress="73440" />
    <table name="(P0420) CAT EFFICIENCY BELOW THRESHOLD" storageaddress="7343D" />
    <table name="(P0458) EVAP PURGE VALVE CIRCUIT LOW" storageaddress="73431" />
    <table name="(P0459) EVAP PURGE VALVE CIRCUIT HIGH" storageaddress="73432" />
    <table name="(P0462) FUEL LEVEL SENSOR LOW INPUT" storageaddress="73416" />
    <table name="(P0463) FUEL LEVEL SENSOR HIGH INPUT" storageaddress="73417" />
    <table name="(P0500) VEHICLE SPEED SENSOR A" storageaddress="7340B" />
    <table name="(P0512) STARTER REQUEST CIRCUIT" storageaddress="7341A" />
    <table name="(P0562) SYSTEM VOLTAGE LOW" storageaddress="73463" />
    <table name="(P0563) SYSTEM VOLTAGE HIGH" storageaddress="73464" />
    <table name="(P0604) CONTROL MODULE RAM ERROR" storageaddress="73408" />
    <table name="(P0605) CONTROL MODULE ROM ERROR" storageaddress="7348C" />
    <table name="(P0607) CONTROL MODULE PERFORMANCE" storageaddress="7347F" />
    <table name="(P0638) THROTTLE ACTUATOR RANGE/PERF" storageaddress="7347E" />
    <table name="(P0700) TRANSMISSION CONTROL SYSTEM" storageaddress="73498" />
    <table name="(P0851) NEUTRAL SWITCH INPUT LOW" storageaddress="7341E" />
    <table name="(P0852) NEUTRAL SWITCH INPUT HIGH" storageaddress="73422" />
    <table name="(P1160) ABNORMAL RETURN SPRING" storageaddress="73479" />
    <table name="(P1492) EGR SOLENOID SIGNAL 1 MALFUNCTION (LOW)" storageaddress="73423" />
    <table name="(P1493) EGR SOLENOID SIGNAL 1 MALFUNCTION (HIGH)" storageaddress="73424" />
    <table name="(P1494) EGR SOLENOID SIGNAL 2 MALFUNCTION (LOW)" storageaddress="73425" />
    <table name="(P1495) EGR SOLENOID SIGNAL 2 MALFUNCTION (HIGH)" storageaddress="73426" />
    <table name="(P1496) EGR SIGNAL 3 CIRCUIT LOW" storageaddress="73427" />
    <table name="(P1497) EGR SOLENOID SIGNAL 3 MALFUNCTION (HIGH)" storageaddress="73428" />
    <table name="(P1498) EGR SIGNAL 4 CIRCUIT LOW" storageaddress="73429" />
    <table name="(P1499) EGR SIGNAL 4 CIRCUIT HIGH" storageaddress="7342A" />
    <table name="(P1518) STARTER SWITCH LOW INPUT" storageaddress="73419" />
    <table name="(P1519) IMRC STUCK CLOSED" storageaddress="734CA" />
    <table name="(P1520) IMRC CIRCUIT MALFUNCTION" storageaddress="734C9" />
    <table name="(P1560) BACK-UP VOLTAGE MALFUNCTION" storageaddress="73462" />
    <table name="(P1616) SBDS INTERACTIVE CODES" storageaddress="734C8" />
    <table name="(P2101) THROTTLE ACTUATOR CIRCUIT RANGE/PERF" storageaddress="7347C" />
    <table name="(P2102) THROTTLE ACTUATOR CIRCUIT LOW" storageaddress="7347A" />
    <table name="(P2103) THROTTLE ACTUATOR CIRCUIT HIGH" storageaddress="7347B" />
    <table name="(P2109) TPS A MINIMUM STOP PERF" storageaddress="73476" />
    <table name="(P2122) TPS D CIRCUIT LOW INPUT" storageaddress="73483" />
    <table name="(P2123) TPS D CIRCUIT HIGH INPUT" storageaddress="73484" />
    <table name="(P2127) TPS E CIRCUIT LOW INPUT" storageaddress="73481" />
    <table name="(P2128) TPS E CIRCUIT HIGH INPUT" storageaddress="73482" />
    <table name="(P2135) TPS A/B VOLTAGE" storageaddress="73485" />
    <table name="(P2138) TPS D/E VOLTAGE" storageaddress="73480" />
    <table name="(U0073) CAN COMMUNICATION BUS A OFF" storageaddress="734D8" />
    <table name="(U0101) CAN LOST COMMUNICATION WITH TCM" storageaddress="734D5" />
    <table name="(U0122) CAN LOST COMMUNICATION WITH VDC" storageaddress="734D7" />
    <table name="(U0140) CAN LOST COMMUNICATION WITH BIU" storageaddress="734D3" />
    <table name="(U0402) CAN INVALID DATA RECEIVED FROM TCM" storageaddress="734D4" />
    <table name="(U0416) CAN INVALID DATA RECEIVED FROM VDC" storageaddress="734D6" />
    <table name="(U0422) CAN INVALID DATA RECEIVED FROM BIU" storageaddress="734D2" />

</rom>
