<?xml version="1.0" encoding="UTF-8"?>
<!-- EcuFlash STANDARD UNITS ECU DEFINITION FILE (VERSION E6PF101A_v1) 2012-10-24

TERMS, CONDITIONS, AND DISCLAIMERS
- - - - - - - - - - - - - - - - - - - - - - - - - - - - - - - - - - - - - - - - - - - - - - - - - -
WARNING: These definition files are created as the result of the extremely complex and time consuming
process of reverse-engineering the factory ECU. Because of this complexity, it is necessary to make certain
assumptions and, therefore, it is impossible to always deal in absolutes in regards to representations made
by these definitions. In addition, due to this complexity and the numerous variations among different ECUs,
it is also impossible to guarantee that the definitions will not contain errors or other bugs. What this all means
is that there is the potential for bugs, errors and misrepresentations which can result in damage to your motor,
your ECU as well the possibility of causing your vehicle to behave unexpectedly on the road, increasing the
risk of death or injury. Modifications to your vehicle's ECU may also be in violation of local, state and federal
laws. By using these definition files, either directly or indirectly, you agree to assume 100% of all risk and
RomRaider's creators and contributors shall not be held responsible for any damages or injuries you receive.
This product is for advanced users only. There are no safeguards in place when tuning with RomRaider. As such,
the potential for serious damage and injury still exists, even if the user does not experience any bugs or errors. 

As always, use at your own risk.

These definitions are created for FREE without any sort of guarantee. The developers cannot be held liable
for any damage or injury incurred as a result of these definitions. USE AT YOUR OWN RISK!-->
<rom>
 <romid>
   <xmlid>E6PF101A</xmlid>
   <internalidaddress>2000</internalidaddress>
   <internalidstring>E6PF101A</internalidstring>
   <ecuid>3722047206</ecuid>
   <year>04</year>
   <market>USDM</market>
   <make>Subaru</make>
   <model>Legacy</model>
   <submodel>
      </submodel>
   <transmission>MT/AT</transmission>
   <memmodel>SH7055</memmodel>
   <flashmethod>sti04</flashmethod>
   <checksummodule>subarudbw</checksummodule>
  </romid>
  <include>32BITBASE</include>
  <table name="Manifold Pressure Sensor Scaling" address="7477c" />
  <table name="Manifold Pressure Sensor Limits (CEL)" address="750b2" />
  <table name="Manifold Pressure Sensor CEL Delays" address="77f22" />
  <table name="Primary Open Loop Fueling" address="7bc58">
    <table name="X" address="7bbf4" elements="11" />
    <table name="Y" address="7bc20" elements="14" />
  </table>
  <table name="Primary Open Loop Fueling (Failsafe)" address="7bb9c">
    <table name="X" address="7bb50" elements="11" />
    <table name="Y" address="7bb7c" elements="8" />
  </table>
  <table name="Front Oxygen Sensor Scaling" address="755b8">
    <table name="Y" address="75584" />
  </table>
  <table name="Front Oxygen Sensor Rich Limit" address="30154" />
  <table name="Front Oxygen Sensor Compensation (Atm. Pressure)" address="766c0">
    <table name="Y" address="766b0" />
  </table>
  <table name="CL Fueling Target Compensation (ECT)_" address="7b450">
    <table name="Y" address="7a4f0" />
  </table>
  <table name="CL Fueling Target Compensation (ECT) Disable" address="7a3c4" />
  <table name="CL to OL Delay A (Atm. Pressure)" address="7b03c">
    <table name="Y" address="7b020" />
  </table>
  <table name="CL to OL Delay B (Atm. Pressure)" address="7b068">
    <table name="Y" address="7b04c" />
  </table>
  <table name="CL to OL Transition with Delay (Accelerator)" address="7a840">
    <table name="Y" address="7a800" />
  </table>
  <table name="CL to OL Transition with Delay Throttle Hysteresis" address="7a118" />
  <table name="CL to OL Transition with Delay (Base Pulse Width)" address="7b0b8">
    <table name="Y" address="7b078" />
  </table>
  <table name="CL to OL Transition with Delay BPW Hysteresis" address="7a11c" />
  <table name="CL Delay Minimum (ECT)" address="7a120" />
  <table name="CL Delay Maximum Engine Speed A" address="7a124" />
  <table name="CL Delay Maximum Engine Speed B" address="7a130" />
  <table name="CL Delay Engine Speed B Counter Threshold" address="79f04" />
  <table name="CL Delay Maximum (Throttle) A" address="7a12c" />
  <table name="CL Delay Throttle A Counter Threshold" address="79f02" />
  <table name="Injector Latency" address="75150">
    <table name="Y" address="7513c" />
  </table>
  <table name="Injector Flow Scaling" address="79fac" />
  <table name="Cranking Fuel Injector Pulse Width A (ECT)" address="7b644">
    <table name="Y" address="7a4f0" />
  </table>
  <table name="Cranking Fuel Injector Pulse Width B (ECT)" address="7b664">
    <table name="Y" address="7a4f0" />
  </table>
  <table name="Cranking Fuel Injector Pulse Width C (ECT)" address="7b684">
    <table name="Y" address="7a4f0" />
  </table>
  <table name="Cranking Fuel Injector Pulse Width D (ECT)" address="7b6a4">
    <table name="Y" address="7a4f0" />
  </table>
  <table name="Cranking Fuel Injector Pulse Width E (ECT)" address="7b6c4">
    <table name="Y" address="7a4f0" />
  </table>
  <table name="Cranking Fuel Injector Pulse Width F (ECT)" address="7b6e4">
    <table name="Y" address="7a4f0" />
  </table>
  <table name="Cranking Fuel Injector Pulse Width G (ECT)" address="7b704">
    <table name="Y" address="7a4f0" />
  </table>
  <table name="Cranking Fuel Injector Pulse Width H (ECT)" address="7b724">
    <table name="Y" address="7a4f0" />
  </table>
  <table name="Cranking Fuel IPW Compensation A (RPM)(MT)" address="7be2c">
    <table name="X" address="7bdfc" />
    <table name="Y" address="7be10" />
  </table>
  <table name="Cranking Fuel IPW Compensation B (RPM)(MT)" address="7be88">
    <table name="X" address="7be50" />
    <table name="Y" address="7be64" elements="9" />
  </table>
  <table name="Cranking Fuel IPW Compensation A (RPM)(AT)" address="7bd70">
    <table name="X" address="7bd40" />
    <table name="Y" address="7bd54" />
  </table>
  <table name="Cranking Fuel IPW Compensation B (RPM)(AT)" address="7bdcc">
    <table name="X" address="7bd94" />
    <table name="Y" address="7bda8" elements="9" />
  </table>
  <table name="Cranking Fuel IPW Compensation (MAP)" address="7aae4">
    <table name="Y" address="7aabc" />
  </table>
  <table name="Cranking Fuel IPW Compensation (Accelerator)" address="7ab08">
    <table name="Y" address="7aaf0" />
  </table>
  <table name="Throttle Tip-in Enrichment A" address="7b280">
    <table name="Y" address="7b238" />
  </table>
  <table name="Throttle Tip-in Enrichment B" address="7b2ec">
    <table name="Y" address="7b2a4" />
  </table>
  <table name="Minimum Tip-in Enrichment Activation" address="7a24c" />
  <table name="Minimum Tip-in Enrichment Activation (Throttle)" address="7a248" />
  <table name="Tip-in Enrichment Compensation (MRP)" address="7a8e0">
    <table name="Y" address="7a8bc" />
  </table>
  <table name="Tip-in Enrichment Compensation A (ECT)" address="7a8e9">
    <table name="Y" address="7a4f0" />
  </table>
  <table name="Tip-in Enrichment Compensation B (ECT)" address="7b310">
    <table name="Y" address="7a4f0" />
  </table>
  <table name="Tip-in Enrichment Compensation D (ECT)" address="7b330">
    <table name="Y" address="7a588" />
  </table>
  <table name="Tip-in Enrichment Compensation D (ECT) Activation" address="7a254" />
  <table name="Tip-in Enrichment Applied Counter Reset" address="79ebb" />
  <table name="Tip-in Throttle Cumulative Reset" address="79ebc" />
  <table name="A/F Learning #1 Limits" address="7a020" />
  <table name="A/F Learning #1 Airflow Ranges" address="7a02c" />
  <table name="MAF Sensor Scaling" address="75464">
    <table name="Y" address="753a4" elements="48" />
  </table>
  <table name="MAF Compensation A (IAT)" address="77184">
    <table name="X" address="77150" />
    <table name="Y" address="77164" />
  </table>
  <table name="Engine Load Limit (Maximum)" address="26d04" />
  <table name="Engine Load Compensation A (MP)" address="76eb0">
    <table name="X" address="76e54" />
    <table name="Y" address="76e80" />
  </table>
  <table name="Engine Load Compensation B (MP)" address="76f90">
    <table name="X" address="76f34" />
    <table name="Y" address="76f60" />
  </table>
  <table name="Engine Load Compensation A (Throttle)" address="77070">
    <table name="X" address="77014" />
    <table name="Y" address="77040" />
  </table>
  <table name="Engine Load Compensation B (Throttle)" address="7712c">
    <table name="X" address="770f4" />
    <table name="Y" address="77120" elements="3" />
  </table>
  <table name="Base Timing A" address="7d2ef">
    <table name="X" address="7c970" elements="14" />
    <table name="Y" address="7c9a8" elements="19" />
  </table>
  <table name="Base Timing B" address="7d480">
    <table name="X" address="7d3fc" elements="14" />
    <table name="Y" address="7d434" elements="19" />
  </table>
  <table name="Base Timing C" address="7d58a">
    <table name="X" address="7c970" elements="14" />
    <table name="Y" address="7c9a8" elements="19" />
  </table>
  <table name="Base Timing Idle A (In-Gear)(Above Speed Threshold)(MT)" address="7ced8">
    <table name="Y" address="7c94c" />
  </table>
  <table name="Base Timing Idle A (In-Gear)(Above Speed Threshold)(AT)" address="7cecf">
    <table name="Y" address="7c94c" />
  </table>
  <table name="Base Timing Idle B (In-Gear)(Above Speed Threshold)(MT)" address="7d720">
    <table name="Y" address="7d710" elements="4" />
  </table>
  <table name="Base Timing Idle B (In-Gear)(Above Speed Threshold)(AT)" address="7d6c8">
    <table name="Y" address="7d6b8" elements="4" />
  </table>
  <table name="Base Timing Idle A (In-Gear)(Below Speed Threshold)(MT)" address="7cf4a">
    <table name="Y" address="7c94c" />
  </table>
  <table name="Base Timing Idle A (In-Gear)(Below Speed Threshold)(AT)" address="7cf41">
    <table name="Y" address="7c94c" />
  </table>
  <table name="Base Timing Idle B (In-Gear)(Below Speed Threshold)(MT)" address="7cf5c">
    <table name="Y" address="7c94c" />
  </table>
  <table name="Base Timing Idle B (In-Gear)(Below Speed Threshold)(AT)" address="7cf53">
    <table name="Y" address="7c94c" />
  </table>
  <table name="Base Timing Idle A (Neutral)(MT)" address="7cf6e">
    <table name="Y" address="7c94c" />
  </table>
  <table name="Base Timing Idle A (Neutral)(AT)" address="7cf65">
    <table name="Y" address="7c94c" />
  </table>
  <table name="Base Timing Idle B (Neutral)(MT)" address="7cf80">
    <table name="Y" address="7c94c" />
  </table>
  <table name="Base Timing Idle B (Neutral)(AT)" address="7cf77">
    <table name="Y" address="7c94c" />
  </table>
  <table name="Base Timing Idle Vehicle Speed Threshold" address="7c918" />
  <table name="Knock Correction Advance Max" address="7d244">
    <table name="X" address="7d1d4" elements="9" />
    <table name="Y" address="7d1f8" elements="19" />
  </table>
  <table name="Timing Compensation (IAT)" address="7cbfc">
    <table name="Y" address="7cbbc" />
  </table>
  <table name="Timing Comp Min Load (IAT)" address="7c72c" />
  <table name="Timing Compensation A (ECT)" address="7cb99">
    <table name="Y" address="7ca14" />
  </table>
  <table name="Timing Compensation B (ECT)" address="7cba9">
    <table name="Y" address="7ca14" />
  </table>
  <table name="Timing Comp Minimum Load (Per Cylinder)" address="7c8dc" />
  <table name="Timing Comp Maximum RPM (Per Cylinder)" address="7c8d8" />
  <table name="Timing Comp Minimum Coolant Temp (Per Cylinder)" address="7c8e0" />
  <table name="Feedback Correction Range (RPM)" address="7c840" />
  <table name="Feedback Correction Retard Value" address="7c86c" />
  <table name="Feedback Correction Retard Limit" address="7c864" />
  <table name="Feedback Correction Negative Advance Value" address="7c868" />
  <table name="Requested Torque A (Accelerator Pedal)" address="75e34">
    <table name="X" address="75db8" elements="14" />
    <table name="Y" address="75df0" />
  </table>
  <table name="Requested Torque B (Accelerator Pedal)" address="7608c">
    <table name="X" address="76010" elements="14" />
    <table name="Y" address="76048" />
  </table>
  <table name="Target Throttle Plate Position A (Requested Torque)" address="7e6ec">
    <table name="X" address="7e684" elements="10" />
    <table name="Y" address="7e6ac" />
  </table>
  <table name="Rev Limit (Fuel Cut)" address="7a25c" />
  <table name="Speed Limiting (Fuel Cut)" address="7a2a4" />
  <table name="Speed Limiting (Throttle)" address="766a4" />
  <table name="Fuel Temp Sensor Scaling" address="7532c">
    <table name="Y" address="752b4" />
  </table>
  <table name="Intake Temp Sensor Scaling" address="7455c">
    <table name="Y" address="744e4" />
  </table>
  <table name="Coolant Temp Sensor Scaling" address="74474">
    <table name="Y" address="74404" />
  </table>
  <table name="Radiator Fan Modes (ECT)" address="7ecd0" />
  <table name="Radiator Fan Modes (Veh. Speed)" address="7ece0" />
  <table name="Atmospheric Pressure Sensor Scaling_" address="74648" />
  <table name="Idle Speed Target A (MT)" address="7e0f0">
    <table name="Y" address="7da84" />
  </table>
  <table name="Idle Speed Target B (MT)" address="7e130">
    <table name="Y" address="7da84" />
  </table>
  <table name="Idle Speed Target C (MT)" address="7e170">
    <table name="Y" address="7da84" />
  </table>
  <table name="Idle Speed Target D (MT)" address="7e1b0">
    <table name="Y" address="7da84" />
  </table>
  <table name="Idle Speed Target E (MT)" address="7e1f0">
    <table name="Y" address="7da84" />
  </table>
  <table name="Idle Speed Target A (AT)" address="7e110">
    <table name="Y" address="7da84" />
  </table>
  <table name="Idle Speed Target B (AT)" address="7e150">
    <table name="Y" address="7da84" />
  </table>
  <table name="Idle Speed Target C (AT)" address="7e190">
    <table name="Y" address="7da84" />
  </table>
  <table name="Idle Speed Target D (AT)" address="7e1d0">
    <table name="Y" address="7da84" />
  </table>
  <table name="Idle Speed Target E (AT)" address="7e210">
    <table name="Y" address="7da84" />
  </table>
  <table name="Force Pass Readiness Monitors" address="5fbaa" />
  <table name="(P0000) PASS CODE (NO DTC DETECTED)" address="6ebef" />
  <table name="(P0000) PASS CODE (NO DTC DETECTED)_" address="6ebf0" />
  <table name="(P0030) FRONT O2 SENSOR RANGE/PERF" address="6ec27" />
  <table name="(P0031) FRONT O2 SENSOR LOW INPUT" address="6ebfe" />
  <table name="(P0032) FRONT O2 SENSOR HIGH INPUT" address="6ebfc" />
  <table name="(P0037) REAR O2 SENSOR LOW INPUT" address="6ebfd" />
  <table name="(P0038) REAR O2 SENSOR HIGH INPUT" address="6ebfb" />
  <table name="(P0043) HO2S CIRCUIT LOW B1 S3" address="6ec2b" />
  <table name="(P0044) HO2S CIRCUIT HIGH B1 S3" address="6ec2c" />
  <table name="(P0050) HO2S CIRCUIT RANGE/PERF B2 S1" address="6ec26" />
  <table name="(P0051) HO2S CIRCUIT LOW B2 S1" address="6ec08" />
  <table name="(P0052) HO2S CIRCUIT HIGH B2 S1" address="6ec07" />
  <table name="(P0057) HO2S CIRCUIT LOW B2 S2" address="6ec2d" />
  <table name="(P0058) HO2S CIRCUIT HIGH B2 S2" address="6ec2e" />
  <table name="(P0068) MAP SENSOR RANGE/PERF" address="6ec20" />
  <table name="(P0101) MAF SENSOR RANGE/PERF" address="6ec23" />
  <table name="(P0102) MAF SENSOR LOW INPUT" address="6eb99" />
  <table name="(P0103) MAF SENSOR HIGH INPUT" address="6eb9a" />
  <table name="(P0107) MAP SENSOR LOW INPUT" address="6ec01" />
  <table name="(P0108) MAP SENSOR HIGH INPUT" address="6ec02" />
  <table name="(P0111) IAT SENSOR RANGE/PERF" address="6ebfa" />
  <table name="(P0112) IAT SENSOR LOW INPUT" address="6ebf8" />
  <table name="(P0113) IAT SENSOR HIGH INPUT" address="6ebf9" />
  <table name="(P0117) COOLANT TEMP SENSOR LOW INPUT" address="6eba0" />
  <table name="(P0118) COOLANT TEMP SENSOR HIGH INPUT" address="6eba1" />
  <table name="(P0122) TPS A LOW INPUT" address="6eb9e" />
  <table name="(P0123) TPS A HIGH INPUT" address="6eb9f" />
  <table name="(P0125) INSUFFICIENT COOLANT TEMP (FUELING)" address="6eba3" />
  <table name="(P0128) THERMOSTAT MALFUNCTION" address="6ec09" />
  <table name="(P0129) ATMOS. PRESSURE SENSOR RANGE/PERF" address="6ec21" />
  <table name="(P0131) FRONT O2 SENSOR LOW INPUT" address="6ebf2" />
  <table name="(P0132) FRONT O2 SENSOR HIGH INPUT" address="6ebf4" />
  <table name="(P0133) FRONT O2 SENSOR SLOW RESPONSE" address="6ebde" />
  <table name="(P0134) FRONT O2 SENSOR NO ACTIVITY" address="6ec25" />
  <table name="(P0137) REAR O2 SENSOR LOW VOLTAGE" address="6ebf1" />
  <table name="(P0138) REAR O2 SENSOR HIGH VOLTAGE" address="6ebf6" />
  <table name="(P0139) REAR O2 SENSOR SLOW RESPONSE" address="6ebdf" />
  <table name="(P0143) O2 SENSOR CIRCUIT LOW B1 S3" address="6ec31" />
  <table name="(P0144) O2 SENSOR CIRCUIT HIGH B1 S3" address="6ec32" />
  <table name="(P0145) O2 SENSOR CIRCUIT SLOW RESPONSE B1 S3" address="6ec29" />
  <table name="(P0151) O2 SENSOR CIRCUIT LOW B2 S1" address="6ebf3" />
  <table name="(P0152) O2 SENSOR CIRCUIT HIGH B2 S1" address="6ebf5" />
  <table name="(P0153) O2 SENSOR CIRCUIT SLOW RESPONSE B2 S1" address="6ebf7" />
  <table name="(P0154) O2 SENSOR CIRCUIT OPEN B2 S1" address="6ec24" />
  <table name="(P0157) O2 SENSOR CIRCUIT LOW B2 S2" address="6ec2f" />
  <table name="(P0158) O2 SENSOR CIRCUIT HIGH B2 S2" address="6ec30" />
  <table name="(P0159) O2 SENSOR CIRCUIT SLOW RESPONSE B2 S2" address="6ec2a" />
  <table name="(P0171) SYSTEM TOO LEAN" address="6ebe8" />
  <table name="(P0172) SYSTEM TOO RICH" address="6ebe9" />
  <table name="(P0174) SYSTEM TOO LEAN B2" address="6ebe2" />
  <table name="(P0175) SYSTEM TOO RICH B2" address="6ebe3" />
  <table name="(P0181) FUEL TEMP SENSOR A RANGE/PERF" address="6ebb0" />
  <table name="(P0182) FUEL TEMP SENSOR A LOW INPUT" address="6ebae" />
  <table name="(P0183) FUEL TEMP SENSOR A HIGH INPUT" address="6ebaf" />
  <table name="(P0222) TPS B LOW INPUT" address="6ec34" />
  <table name="(P0223) TPS B HIGH INPUT" address="6ec35" />
  <table name="(P0301) MISFIRE CYLINDER 1" address="6ebea" />
  <table name="(P0302) MISFIRE CYLINDER 2" address="6ebeb" />
  <table name="(P0303) MISFIRE CYLINDER 3" address="6ebec" />
  <table name="(P0304) MISFIRE CYLINDER 4" address="6ebed" />
  <table name="(P0327) KNOCK SENSOR 1 LOW INPUT" address="6eb9c" />
  <table name="(P0328) KNOCK SENSOR 1 HIGH INPUT" address="6eb9d" />
  <table name="(P0335) CRANKSHAFT POS. SENSOR A MALFUNCTION" address="6eb94" />
  <table name="(P0336) CRANKSHAFT POS. SENSOR A RANGE/PERF" address="6eb95" />
  <table name="(P0340) CAMSHAFT POS. SENSOR A MALFUNCTION" address="6eb97" />
  <table name="(P0341) CAMSHAFT POS. SENSOR A RANGE/PERF" address="6eb96" />
  <table name="(P0400) EGR FLOW" address="6ebe7" />
  <table name="(P0420) CAT EFFICIENCY BELOW THRESHOLD" address="6ebe4" />
  <table name="(P0442) EVAP LEAK DETECTED (SMALL)" address="6ebe5" />
  <table name="(P0447) EVAP VENT CONTROL CIRCUIT OPEN" address="6ebce" />
  <table name="(P0448) EVAP VENT CONTROL CIRCUIT SHORTED" address="6ebcf" />
  <table name="(P0451) EVAP PRESSURE SENSOR RANGE/PERF" address="6ebac" />
  <table name="(P0452) EVAP PRESSURE SENSOR LOW INPUT" address="6ebaa" />
  <table name="(P0453) EVAP PRESSURE SENSOR HIGH INPUT" address="6ebab" />
  <table name="(P0456) EVAP LEAK DETECTED (VERY SMALL)" address="6ebe6" />
  <table name="(P0457) EVAP LEAK DETECTED (FUEL CAP)" address="6ebee" />
  <table name="(P0458) EVAP PURGE VALVE CIRCUIT LOW" address="6ebc9" />
  <table name="(P0459) EVAP PURGE VALVE CIRCUIT HIGH" address="6ebca" />
  <table name="(P0461) FUEL LEVEL SENSOR RANGE/PERF" address="6eba6" />
  <table name="(P0462) FUEL LEVEL SENSOR LOW INPUT" address="6eba4" />
  <table name="(P0463) FUEL LEVEL SENSOR HIGH INPUT" address="6eba5" />
  <table name="(P0464) FUEL LEVEL SENSOR INTERMITTENT" address="6eba2" />
  <table name="(P0483) RADIATOR FAN RATIONALITY CHECK" address="6ebc5" />
  <table name="(P0502) VEHICLE SPEED SENSOR LOW INPUT" address="6ec1e" />
  <table name="(P0503) VEHICLE SPEED SENSOR INTERMITTENT" address="6ec28" />
  <table name="(P0506) IDLE CONTROL RPM LOWER THAN EXPECTED" address="6ebc0" />
  <table name="(P0507) IDLE CONTROL RPM HIGH THAN EXPECTED" address="6ebc1" />
  <table name="(P0512) STARTER REQUEST CIRCUIT" address="6eba9" />
  <table name="(P0519) IDLE CONTROL MALFUNCTION (FAIL-SAFE)" address="6ec22" />
  <table name="(P0565) CRUISE CONTROL SET SIGNAL" address="6ec1f" />
  <table name="(P0600) SERIAL COMMUNICATION LINK" address="6ec44" />
  <table name="(P0604) CONTROL MODULE RAM ERROR" address="6eb98" />
  <table name="(P0605) CONTROL MODULE ROM ERROR" address="6ec45" />
  <table name="(P0607) CONTROL MODULE PERFORMANCE" address="6ec3c" />
  <table name="(P0638) THROTTLE ACTUATOR RANGE/PERF" address="6ec3b" />
  <table name="(P0691) RADIATOR FAN CIRCUIT LOW" address="6ebc3" />
  <table name="(P0692) RADIATOR FAN CIRCUIT HIGH" address="6ebc4" />
  <table name="(P0703) BRAKE SWITCH INPUT MALFUNCTION" address="6ebd4" />
  <table name="(P0705) TRANSMISSION RANGE SENSOR MALFUNCTION" address="6ebd3" />
  <table name="(P0710) ATF TEMP SENSOR MALFUNCTION" address="6ebd2" />
  <table name="(P0716) TORQUE CONVERTER TURBINE SPEED RANGE/PERF" address="6ec1a" />
  <table name="(P0720) AT VEHICLE SPEED SENSOR HIGH" address="6ebd0" />
  <table name="(P0726) ENGINE SPEED INPUT RANGE/PERF" address="6ec1b" />
  <table name="(P0731) GEAR 1 INCORRECT RATIO" address="6ebda" />
  <table name="(P0732) GEAR 2 INCORRECT RATIO" address="6ebdb" />
  <table name="(P0733) GEAR 3 INCORRECT RATIO" address="6ebdc" />
  <table name="(P0734) GEAR 4 INCORRECT RATIO" address="6ebdd" />
  <table name="(P0741) TORQUE CONVERTER CLUTCH MALFUNCTION" address="6ebd5" />
  <table name="(P0743) TORQUE CONVERTER CLUTCH LOCK-UP DUTY SOLENOID" address="6ebd9" />
  <table name="(P0748) PRESSURE CONTROL LINE PRESSURE DUTY SOLENOID" address="6ebd8" />
  <table name="(P0753) SHIFT SOLENOID A ELECTRICAL" address="6ebd6" />
  <table name="(P0758) SHIFT SOLENOID B ELECTRICAL" address="6ebd7" />
  <table name="(P0771) AT LOW CLUTCH TIMING SOLENOID MALFUNCTION" address="6ec19" />
  <table name="(P0778) AT 2-4 BRAKE PRESSURE SOLENOID MALFUNCTION" address="6ec04" />
  <table name="(P0785) AT 2-4 BRAKE TIMING SOLENOID MALFUNCTION" address="6ec03" />
  <table name="(P0851) NEUTRAL SWITCH INPUT LOW" address="6ebad" />
  <table name="(P0852) NEUTRAL SWITCH INPUT HIGH" address="6ebb1" />
  <table name="(P0864) TCM COMMUNICATION RANGE/PERF" address="6ebc6" />
  <table name="(P0865) TCM COMMUNICATION CIRCUIT LOW" address="6ebcb" />
  <table name="(P0866) TCM COMMUNICATION CIRCUIT HIGH" address="6ebcc" />
  <table name="(P1088) TGV POS. 1 CIRCUIT LOW" address="6ec17" />
  <table name="(P1089) TGV POS. 1 CIRCUIT HIGH" address="6ec18" />
  <table name="(P1090) TGV SYSTEM 1 (VALVE OPEN)" address="6ebbc" />
  <table name="(P1091) TGV SYSTEM 1 (VALVE CLOSE)" address="6ebbd" />
  <table name="(P1094) TGV SIGNAL 1 (OPEN)" address="6ec0f" />
  <table name="(P1095) TGV SIGNAL 1 (SHORT)" address="6ec0d" />
  <table name="(P1110) ATMOS. PRESSURE SENSOR LOW INPUT" address="6ebff" />
  <table name="(P1111) ATMOS. PRESSURE SENSOR HIGH INPUT" address="6ec00" />
  <table name="(P1152) FRONT O2 SENSOR RANGE/PERF LOW B1 S1" address="6ebe0" />
  <table name="(P1153) FRONT O2 SENSOR RANGE/PERF HIGH B1 S1" address="6ebe1" />
  <table name="(P1154) O2 SENSOR RANGE/PERF LOW B2 S1" address="6ec05" />
  <table name="(P1155) O2 SENSOR RANGE/PERF HIGH B2 S1" address="6ec06" />
  <table name="(P1160) ABNORMAL RETURN SPRING" address="6ec36" />
  <table name="(P1400) FUEL TANK PRESSURE SOL. LOW" address="6ebc7" />
  <table name="(P1420) FUEL TANK PRESSURE SOL. HIGH INPUT" address="6ebc8" />
  <table name="(P1443) VENT CONTROL SOLENOID FUNCTION PROBLEM" address="6ebcd" />
  <table name="(P1446) FUEL TANK SENSOR CONTROL CIRCUIT LOW" address="6ebba" />
  <table name="(P1447) FUEL TANK SENSOR CONTROL CIRCUIT HIGH" address="6ebbb" />
  <table name="(P1448) FUEL TANK SENSOR CONTROL RANGE/PERF" address="6ebc2" />
  <table name="(P1492) EGR SOLENOID SIGNAL 1 MALFUNCTION (LOW)" address="6ebb2" />
  <table name="(P1493) EGR SOLENOID SIGNAL 1 MALFUNCTION (HIGH)" address="6ebb3" />
  <table name="(P1494) EGR SOLENOID SIGNAL 2 MALFUNCTION (LOW)" address="6ebb4" />
  <table name="(P1495) EGR SOLENOID SIGNAL 2 MALFUNCTION (HIGH)" address="6ebb5" />
  <table name="(P1496) EGR SIGNAL 3 CIRCUIT LOW" address="6ebb6" />
  <table name="(P1497) EGR SOLENOID SIGNAL 3 MALFUNCTION (HIGH)" address="6ebb7" />
  <table name="(P1498) EGR SIGNAL 4 CIRCUIT LOW" address="6ebb8" />
  <table name="(P1499) EGR SIGNAL 4 CIRCUIT HIGH" address="6ebb9" />
  <table name="(P1518) STARTER SWITCH LOW INPUT" address="6eba8" />
  <table name="(P1560) BACK-UP VOLTAGE MALFUNCTION" address="6ec0a" />
  <table name="(P1700) TPS CIRCUIT MALFUNCTION (AT)" address="6ebd1" />
  <table name="(P2096) POST CATALYST TOO LEAN B1" address="6ec3a" />
  <table name="(P2097) POST CATALYST TOO RICH B1" address="6ec43" />
  <table name="(P2098) POST CATALYST TOO LEAN B2" address="6ec47" />
  <table name="(P2099) POST CATALYST TOO RICH B2" address="6ec46" />
  <table name="(P2101) THROTTLE ACTUATOR CIRCUIT RANGE/PERF" address="6ec39" />
  <table name="(P2102) THROTTLE ACTUATOR CIRCUIT LOW" address="6ec37" />
  <table name="(P2103) THROTTLE ACTUATOR CIRCUIT HIGH" address="6ec38" />
  <table name="(P2109) TPS A MINIMUM STOP PERF" address="6ec33" />
  <table name="(P2122) TPS D CIRCUIT LOW INPUT" address="6ec40" />
  <table name="(P2123) TPS D CIRCUIT HIGH INPUT" address="6ec41" />
  <table name="(P2127) TPS E CIRCUIT LOW INPUT" address="6ec3e" />
  <table name="(P2128) TPS E CIRCUIT HIGH INPUT" address="6ec3f" />
  <table name="(P2135) TPS A/B VOLTAGE" address="6ec42" />
  <table name="(P2138) TPS D/E VOLTAGE" address="6ec3d" />
</rom>
