<rom>
	<romid>
		<xmlid>D2ZY110H</xmlid>
		<internalidaddress>2000</internalidaddress>
		<internalidstring>D2ZY110H</internalidstring>
		<ecuid>3C5A347116</ecuid>
		<make>Subaru</make>
		<market>ADM</market>
		<model>Liberty</model>
		<submodel>3.0R</submodel>
		<transmission>AT</transmission>
		<year>05</year>
		<flashmethod>sti04</flashmethod>
		<memmodel>SH7055</memmodel>
		<checksummodule>subarudbw</checksummodule>
	</romid>

	<include>32BITBASE</include>

	<table name="Manifold Pressure Sensor Scaling" address="6f5c4">
	</table>

	<table name="Manifold Pressure Sensor Limits (CEL)" address="77524">
	</table>

	<table name="Manifold Pressure Sensor CEL Delays" address="7184c">
	</table>

	<table name="Primary Open Loop Fueling A_" address="7431c">
		<table name="Engine Load" address="742b8" elements="14"/>
		<table name="Engine Speed" address="742f0" elements="11"/>
	</table>

	<table name="Primary Open Loop Fueling B_" address="7441c">
		<table name="Engine Load" address="743b8" elements="14"/>
		<table name="Engine Speed" address="743f0" elements="11"/>
	</table>

	<table name="Front Oxygen Sensor #1 Scaling" address="77968">
		<table name="Front Oxygen Sensor" address="77934"/>
	</table>

	<table name="Front Oxygen Sensor #2 Scaling" address="779d0">
		<table name="Front Oxygen Sensor" address="7799c"/>
	</table>

	<table name="Front Oxygen Sensor Rich Limit" address="189e8">
	</table>

	<table name="Front Oxygen Sensor Compensation (Atm. Pressure)" address="70a54">
		<table name="Atmospheric Pressure" address="70a44"/>
	</table>

	<table name="CL Fueling Target Compensation A (Load)" address="74594">
		<table name="Engine Load" address="7453c" elements="9"/>
		<table name="Engine Speed" address="74560" elements="13"/>
	</table>

	<table name="CL Fueling Target Compensation (ECT)_" address="739d8">
		<table name="Coolant Temperature" address="72f04"/>
	</table>

	<table name="CL Fueling Target Compensation (ECT) Disable" address="72af4">
	</table>

	<table name="CL to OL Delay (Atm. Pressure)" address="73d60">
		<table name="Atmospheric Pressure" address="73d44"/>
	</table>

	<table name="CL to OL Transition with Delay (Throttle)" address="73470">
		<table name="Engine Speed" address="73430"/>
	</table>

	<table name="CL to OL Transition with Delay Throttle Hysteresis" address="72c5c">
	</table>

	<table name="CL to OL Transition with Delay (Base Pulse Width)" address="73db0">
		<table name="Engine Speed" address="73d70"/>
	</table>

	<table name="CL to OL Transition with Delay BPW Hysteresis" address="72c60">
	</table>

	<table name="CL Delay Minimum (ECT)" address="72c64">
	</table>

	<table name="CL Delay Maximum Engine Speed A" address="72c68">
	</table>

	<table name="CL Delay Maximum Engine Speed B" address="72c74">
	</table>

	<table name="CL Delay Engine Speed B Counter Threshold" address="7295a">
	</table>

	<table name="CL Delay Maximum (Throttle) A" address="72c70">
	</table>

	<table name="CL Delay Throttle A Counter Threshold" address="72958">
	</table>

	<table name="Injector Latency" address="775d4">
		<table name="Battery Output" address="775c0" elements="5"/>
	</table>

	<table name="Injector Flow Scaling_" address="72a1c">
	</table>

	<table name="Cranking Fuel Injector Pulse Width A (ECT)" address="735e6">
		<table name="Coolant Temperature" address="72f04"/>
	</table>

	<table name="Cranking Fuel Injector Pulse Width B (ECT)" address="73606">
		<table name="Coolant Temperature" address="72f04"/>
	</table>

	<table name="Cranking Fuel Injector Pulse Width C (ECT)" address="73626">
		<table name="Coolant Temperature" address="72f04"/>
	</table>

	<table name="Cranking Fuel Injector Pulse Width D (ECT)" address="73646">
		<table name="Coolant Temperature" address="72f04"/>
	</table>

	<table name="Cranking Fuel IPW Compensation (RPM)" address="7417c">
		<table name="Engine Speed" address="74138"/>
		<table name="Coolant Temperature" address="7414c" elements="12"/>
	</table>

	<table name="Cranking Fuel IPW Compensation (MAP)" address="73104">
		<table name="Manifold Pressure" address="730dc"/>
	</table>

	<table name="Cranking Fuel IPW Compensation (Accelerator)" address="73128">
		<table name="Accelerator Pedal Angle" address="73110"/>
	</table>

	<table name="Throttle Tip-in Enrichment A" address="73e74">
		<table name="Throttle Angle Change" address="73e60" elements="5"/>
	</table>

	<table name="Throttle Tip-in Enrichment B" address="73e94">
		<table name="Throttle Angle Change" address="73e80" elements="5"/>
	</table>

	<table name="Minimum Tip-in Enrichment Activation" address="72de8">
	</table>

	<table name="Minimum Tip-in Enrichment Activation (Throttle)" address="72de4">
	</table>

	<table name="Tip-in Enrichment Compensation (RPM)" address="734e4">
		<table name="Engine Speed" address="734c0"/>
	</table>

	<table name="Tip-in Enrichment Compensation (MRP)" address="73510">
		<table name="Manifold Pressure" address="734f0" elements="8"/>
	</table>

	<table name="Tip-in Enrichment Compensation A (ECT)" address="73518">
		<table name="Coolant Temperature" address="72f04"/>
	</table>

	<table name="Tip-in Enrichment Compensation B (ECT)" address="73e9e">
		<table name="Coolant Temperature" address="72f04"/>
	</table>

	<table name="Tip-in Enrichment Compensation D (ECT)" address="73ebe">
		<table name="Coolant Temperature" address="72f44"/>
	</table>

	<table name="Tip-in Enrichment Compensation D (ECT) Activation" address="72df0">
	</table>

	<table name="Tip-in Enrichment Disable Applied Counter Threshold" address="72902">
	</table>

	<table name="Tip-in Enrichment Applied Counter Reset" address="72903">
	</table>

	<table name="Tip-in Enrichment Disable Throttle Cumulative Threshold" address="72dec">
	</table>

	<table name="Tip-in Throttle Cumulative Reset" address="72904">
	</table>

	<table name="A/F Learning Max Limit (ECT)" address="73c38">
		<table name="Coolant Temperature" address="72f04"/>
	</table>

	<table name="A/F Learning Min Limit (ECT)" address="73c18">
		<table name="Coolant Temperature" address="72f04"/>
	</table>

	<table name="A/F Learning Airflow Ranges" address="72b74">
	</table>

	<table name="MAF Limit (Maximum)_" address="70974">
		<table name="Engine Speed" address="7096c"/>
	</table>

	<table name="MAF Sensor Scaling" address="77824">
		<table name="MAF sensor" address="77774" elements="44"/>
	</table>

	<table name="MAF Compensation (IAT)" address="70ea4">
		<table name="Intake Temperature" address="70e70"/>
		<table name="Mass Airflow" address="70e84"/>
	</table>

	<table name="Engine Load Limit (Maximum)" address="171a8">
	</table>

	<table name="Engine Load Compensation (MP)" address="70e04">
		<table name="Manifold Pressure" address="70db0" elements="9"/>
		<table name="Engine Speed" address="70dd4" elements="12"/>
	</table>

	<table name="Base Timing A" address="75480">
		<table name="Engine Load" address="74c08"/>
		<table name="Engine Speed" address="75448" elements="14"/>
	</table>

	<table name="Base Timing B" address="7558c">
		<table name="Engine Load" address="74c08"/>
		<table name="Engine Speed" address="75554" elements="14"/>
	</table>

	<table name="Base Timing C" address="7565e">
		<table name="Engine Load" address="74c08"/>
		<table name="Engine Speed" address="74c44" elements="21"/>
	</table>

	<table name="Base Timing Idle" address="74d90">
		<table name="Coolant Temperature" address="74be4" elements="9"/>
	</table>

	<table name="Base Timing Idle (Below Speed Threshold)_" address="74d87">
		<table name="Engine Speed" address="74be4"/>
	</table>

	<table name="Base Timing Idle (Above Speed Threshold)" address="74d7e">
		<table name="Engine Speed" address="74be4"/>
	</table>

	<table name="Base Timing Idle Vehicle Speed Threshold" address="749d4">
	</table>

	<table name="Knock Correction Advance Max A" address="75858">
		<table name="Engine Load" address="757e4" elements="15"/>
		<table name="Engine Speed" address="75820" elements="14"/>
	</table>

	<table name="Knock Correction Advance Max B" address="759bc">
		<table name="Engine Load" address="7592c" elements="15"/>
		<table name="Engine Speed" address="75968" elements="21"/>
	</table>

	<table name="Timing Compensation (IAT)" address="74e6c">
		<table name="Intake Temperature" address="74e2c"/>
	</table>

	<table name="Timing Comp Min Load (IAT)" address="74a10">
	</table>

	<table name="Timing Compensation A (ECT)" address="74deb">
		<table name="Coolant Temperature" address="74c98"/>
	</table>

	<table name="Timing Compensation B (ECT)" address="74dfb">
		<table name="Coolant Temperature" address="74c98"/>
	</table>

	<table name="Timing Compensation C (ECT)" address="74e0b">
		<table name="Coolant Temperature" address="74c98"/>
	</table>

	<table name="Timing Compensation D (ECT)" address="74e1b">
		<table name="Coolant Temperature" address="74c98"/>
	</table>

	<table name="Feedback Correction Range (RPM)" address="74b08">
	</table>

	<table name="Feedback Correction Minimum Load_" address="753dc">
		<table name="Engine Speed" address="753d4" elements="2"/>
	</table>

	<table name="Feedback Correction Retard Value" address="74af4">
	</table>

	<table name="Feedback Correction Retard Limit" address="74af0">
	</table>

	<table name="Feedback Correction Negative Advance Value" address="74af8">
	</table>

	<table name="Feedback Correction Negative Advance Delay" address="7492e">
	</table>

	<table name="Fine Correction Range (RPM)" address="74b7c">
	</table>

	<table name="Fine Correction Range (Load)" address="74b8c">
	</table>

	<table name="Fine Correction Rows (RPM)_" address="74bb8">
	</table>

	<table name="Fine Correction Columns (Load)_" address="74b9c">
	</table>

	<table name="Fine Correction Retard Value_" address="75414">
		<table name="Engine Speed" address="753e0"/>
	</table>

	<table name="Fine Correction Retard Limit" address="74b74">
	</table>

	<table name="Fine Correction Advance Value" address="74b78">
	</table>

	<table name="Fine Correction Advance Limit" address="74b70">
	</table>

	<table name="Fine Correction Advance Delay" address="74936">
	</table>

	<table name="Rough Correction Range (RPM)" address="74b28">
	</table>

	<table name="Rough Correction Range (Load)" address="74b38">
	</table>

	<table name="Rough Correction Minimum KC Advance Map Value" address="74b48">
	</table>

	<table name="Rough Correction Learning Delay (Increasing)" address="75340">
		<table name="Engine Speed" address="75318"/>
	</table>

	<table name="Advance Multiplier (Initial)" address="74b24">
	</table>

	<table name="Advance Multiplier Step Value" address="74b4c">
	</table>

	<table name="Intake Cam Advance Angle A (AVCS)" address="78864">
		<table name="Engine Load" address="78800"/>
		<table name="Engine Speed" address="78838" elements="11"/>
	</table>

	<table name="Intake Cam Advance Angle B (AVCS)" address="78a18">
		<table name="Engine Load" address="78998"/>
		<table name="Engine Speed" address="789d0"/>
	</table>

	<table name="Requested Torque A (Accelerator Pedal)" address="76ce8">
		<table name="Accelerator Pedal Angle" address="76c4c" elements="19"/>
		<table name="Engine Speed" address="76c98" elements="20"/>
	</table>

	<table name="Target Throttle Plate Position A (Requested Torque)" address="769f4">
		<table name="Requested Torque" address="76968" elements="15"/>
		<table name="Engine Speed" address="769a4" elements="20"/>
	</table>

	<table name="Rev Limit A" address="72e44">
	</table>

	<table name="Intake Temp Sensor Scaling" address="7767c">
		<table name="Intake Temp Sensor" address="77604"/>
	</table>

	<table name="Coolant Temp Sensor Scaling" address="77a80">
		<table name="Coolant Temp Sensor" address="77a04" elements="31"/>
	</table>

	<table name="Fuel Pump Duty" address="29aa4">
	</table>

	<table name="Radiator Fan Modes A (ECT)" address="77ff8">
	</table>

	<table name="Radiator Fan Modes B (ECT)" address="78008">
	</table>

	<table name="Radiator Fan Modes C (ECT)" address="78018">
	</table>

	<table name="Radiator Fan Modes D (ECT)" address="78028">
	</table>

	<table name="Radiator Fan Modes (Veh. Speed)" address="77fb4">
	</table>

	<table name="Idle Speed Target A" address="761e4">
		<table name="Coolant Temperature" address="75f34"/>
	</table>

	<table name="Idle Speed Target B" address="76204">
		<table name="Coolant Temperature" address="75f34"/>
	</table>

	<table name="Idle Speed Target C" address="76224">
		<table name="Coolant Temperature" address="75f34"/>
	</table>

	<table name="Idle Speed Target D" address="76244">
		<table name="Coolant Temperature" address="75f34"/>
	</table>

	<table name="Idle Speed Target E" address="76264">
		<table name="Coolant Temperature" address="75f34"/>
	</table>

	<table name="Idle Speed Target F" address="76284">
		<table name="Coolant Temperature" address="75f34"/>
	</table>

	<table name="Force Pass Readiness Monitors" address="4b46e"/>

	<table name="(P0000) PASS CODE (NO DTC DETECTED)" address="59d9b"/>

	<table name="(P0000) PASS CODE (NO DTC DETECTED)_" address="59d9c"/>

	<table name="(P0011) CAMSHAFT POS. - TIMING OVER-ADVANCED 1" address="59d7f"/>

	<table name="(P0021) CAMSHAFT POS. - TIMING OVER-ADVANCED 2" address="59d80"/>

	<table name="(P0031) FRONT O2 SENSOR LOW INPUT" address="59daa"/>

	<table name="(P0032) FRONT O2 SENSOR HIGH INPUT" address="59da8"/>

	<table name="(P0037) REAR O2 SENSOR LOW INPUT" address="59da9"/>

	<table name="(P0038) REAR O2 SENSOR HIGH INPUT" address="59da7"/>

	<table name="(P0051) HO2S CIRCUIT LOW B2 S1" address="59db2"/>

	<table name="(P0052) HO2S CIRCUIT HIGH B2 S1" address="59db1"/>

	<table name="(P0057) HO2S CIRCUIT LOW B2 S2" address="59dc1"/>

	<table name="(P0058) HO2S CIRCUIT HIGH B2 S2" address="59dc2"/>

	<table name="(P0076) INTAKE VALVE CIRCUIT LOW (BANK 1)" address="59de5"/>

	<table name="(P0077) INTAKE VALVE CONTROL HIGH (BANK 1)" address="59de4"/>

	<table name="(P0082) INTAKE VALVE CONTROL LOW (BANK 2)" address="59de3"/>

	<table name="(P0083) INTAKE VALVE CONTROL HIGH (BANK 2)" address="59de2"/>

	<table name="(P0102) MAF SENSOR LOW INPUT" address="59d57"/>

	<table name="(P0103) MAF SENSOR HIGH INPUT" address="59d58"/>

	<table name="(P0107) MAP SENSOR LOW INPUT" address="59dad"/>

	<table name="(P0108) MAP SENSOR HIGH INPUT" address="59dae"/>

	<table name="(P0112) IAT SENSOR LOW INPUT" address="59da4"/>

	<table name="(P0113) IAT SENSOR HIGH INPUT" address="59da5"/>

	<table name="(P0117) COOLANT TEMP SENSOR LOW INPUT" address="59d60"/>

	<table name="(P0118) COOLANT TEMP SENSOR HIGH INPUT" address="59d61"/>

	<table name="(P0122) TPS A LOW INPUT" address="59d5e"/>

	<table name="(P0123) TPS A HIGH INPUT" address="59d5f"/>

	<table name="(P0131) FRONT O2 SENSOR LOW INPUT" address="59d9e"/>

	<table name="(P0132) FRONT O2 SENSOR HIGH INPUT" address="59da0"/>

	<table name="(P0134) FRONT O2 SENSOR NO ACTIVITY" address="59dbd"/>

	<table name="(P0137) REAR O2 SENSOR LOW VOLTAGE" address="59d9d"/>

	<table name="(P0138) REAR O2 SENSOR HIGH VOLTAGE" address="59da2"/>

	<table name="(P0151) O2 SENSOR CIRCUIT LOW B2 S1" address="59d9f"/>

	<table name="(P0152) O2 SENSOR CIRCUIT HIGH B2 S1" address="59da1"/>

	<table name="(P0154) O2 SENSOR CIRCUIT OPEN B2 S1" address="59dbc"/>

	<table name="(P0157) O2 SENSOR CIRCUIT LOW B2 S2" address="59dc3"/>

	<table name="(P0158) O2 SENSOR CIRCUIT HIGH B2 S2" address="59dc4"/>

	<table name="(P0171) SYSTEM TOO LEAN" address="59d92"/>

	<table name="(P0172) SYSTEM TOO RICH" address="59d93"/>

	<table name="(P0174) SYSTEM TOO LEAN B2" address="59d8c"/>

	<table name="(P0175) SYSTEM TOO RICH B2" address="59d8d"/>

	<table name="(P0197) OIL TEMP SENSOR LOW" address="59dde"/>

	<table name="(P0198) OIL TEMP SENSOR HIGH" address="59de7"/>

	<table name="(P0222) TPS B LOW INPUT" address="59dc6"/>

	<table name="(P0223) TPS B HIGH INPUT" address="59dc7"/>

	<table name="(P0230) FUEL PUMP PRIMARY CIRCUIT" address="59db7"/>

	<table name="(P0301) MISFIRE CYLINDER 1" address="59d94"/>

	<table name="(P0302) MISFIRE CYLINDER 2" address="59d95"/>

	<table name="(P0303) MISFIRE CYLINDER 3" address="59d96"/>

	<table name="(P0304) MISFIRE CYLINDER 4" address="59d97"/>

	<table name="(P0305) MISFIRE CYLINDER 5" address="59d98"/>

	<table name="(P0306) MISFIRE CYLINDER 6" address="59d99"/>

	<table name="(P0327) KNOCK SENSOR 1 LOW INPUT" address="59d5c"/>

	<table name="(P0328) KNOCK SENSOR 1 HIGH INPUT" address="59d5d"/>

	<table name="(P0332) KNOCK SENSOR 2 LOW INPUT" address="59d5a"/>

	<table name="(P0333) KNOCK SENSOR 2 HIGH INPUT" address="59d5b"/>

	<table name="(P0335) CRANKSHAFT POS. SENSOR A MALFUNCTION" address="59d54"/>

	<table name="(P0340) CAMSHAFT POS. SENSOR A MALFUNCTION" address="59dd8"/>

	<table name="(P0345) CAMSHAFT POS. SENSOR A BANK 2" address="59dd7"/>

	<table name="(P0458) EVAP PURGE VALVE CIRCUIT LOW" address="59d83"/>

	<table name="(P0459) EVAP PURGE VALVE CIRCUIT HIGH" address="59d84"/>

	<table name="(P0462) FUEL LEVEL SENSOR LOW INPUT" address="59d64"/>

	<table name="(P0463) FUEL LEVEL SENSOR HIGH INPUT" address="59d65"/>

	<table name="(P0500) VEHICLE SPEED SENSOR A" address="59d59"/>

	<table name="(P0512) STARTER REQUEST CIRCUIT" address="59d68"/>

	<table name="(P0519) IDLE CONTROL MALFUNCTION (FAIL-SAFE)" address="59dba"/>

	<table name="(P0600) SERIAL COMMUNICATION LINK" address="59dd6"/>

	<table name="(P0604) CONTROL MODULE RAM ERROR" address="59d56"/>

	<table name="(P0605) CONTROL MODULE ROM ERROR" address="59dd9"/>

	<table name="(P0607) CONTROL MODULE PERFORMANCE" address="59dce"/>

	<table name="(P0638) THROTTLE ACTUATOR RANGE/PERF" address="59dcd"/>

	<table name="(P0700) TRANSMISSION CONTROL SYSTEM" address="59de1"/>

	<table name="(P1026) VVL SYSTEMS 1 PERFORMANCE" address="59de9"/>

	<table name="(P1028) VVL SYSTEMS 2 PERFORMANCE" address="59de8"/>

	<table name="(P1160) ABNORMAL RETURN SPRING" address="59dc8"/>

	<table name="(P1518) STARTER SWITCH LOW INPUT" address="59d67"/>

	<table name="(P1560) BACK-UP VOLTAGE MALFUNCTION" address="59db4"/>

	<table name="(P2088) OCV SOLENOID A1 CIRCUIT OPEN" address="59ddd"/>

	<table name="(P2089) OCV SOLENOID A1 CIRCUIT SHORT" address="59ddc"/>

	<table name="(P2092) OCV SOLENOID A2 CIRCUIT OPEN" address="59ddb"/>

	<table name="(P2093) OCV SOLENOID A2 CIRCUIT SHORT" address="59dda"/>

	<table name="(P2101) THROTTLE ACTUATOR CIRCUIT RANGE/PERF" address="59dcb"/>

	<table name="(P2102) THROTTLE ACTUATOR CIRCUIT LOW" address="59dc9"/>

	<table name="(P2103) THROTTLE ACTUATOR CIRCUIT HIGH" address="59dca"/>

	<table name="(P2109) TPS A MINIMUM STOP PERF" address="59dc5"/>

	<table name="(P2122) TPS D CIRCUIT LOW INPUT" address="59dd2"/>

	<table name="(P2123) TPS D CIRCUIT HIGH INPUT" address="59dd3"/>

	<table name="(P2127) TPS E CIRCUIT LOW INPUT" address="59dd0"/>

	<table name="(P2128) TPS E CIRCUIT HIGH INPUT" address="59dd1"/>

	<table name="(P2135) TPS A/B VOLTAGE" address="59dd4"/>

	<table name="(P2138) TPS D/E VOLTAGE" address="59dcf"/>

</rom>
