﻿<?xml version="1.0" encoding="utf-8"?>
<rom>
  <romid>
    <xmlid>AZ1G101M</xmlid>
    <internalidaddress>2004</internalidaddress>
    <internalidstring>AZ1G101M</internalidstring>
    <ecuid>5C42584007</ecuid>
    <year>09/10</year>
    <market>EDM</market>
    <make>Subaru</make>
    <model>Forester</model>
    <submodel>XT</submodel>
    <transmission>MT</transmission>
    <memmodel>SH7058</memmodel>
    <flashmethod>subarucan</flashmethod>
    <checksummodule>subarudbw</checksummodule>
  </romid>
  <include>32BITBASE</include>
  <table name="AF 3 CL Target Compensation Limits" address="2E698" />
  <table name="AF 3 Correction Limits" address="30040" />
  <table name="Cluster Display Fuel Consumption Correction" address="C10CC" />
  <table name="Requested Torque Limit A (Per Gear/Engine Speed)" address="DD470">
		<table name="X" address="DD418" />
		<table name="Y" address="DD458" />
	</table>
  <table name="Requested Torque Limit B (Per Gear/Engine Speed)" address="DD588">
		<table name="X" address="DD530" />
		<table name="Y" address="DD570" />
	</table>
  <table name="Boost Limit (Fuel Cut)_" address="cd91c">
    <table name="X" address="cd8ec" />
    <table name="Y" address="cd904" />
  </table>
  <table name="Boost Control Disable (IAM)" address="c0790" />
  <table name="Boost Control Disable (Fine Correction)" address="c078c" />
  <table name="Boost Control Disable Delay (Fine Correction)" address="c0741" />
  <table name="Target Boost_" address="c0ed4">
    <table name="X" address="c0e6c" />
    <table name="Y" address="c0e98" />
  </table>
  <table name="Target Boost Compensation (ECT)" address="c0888">
    <table name="Y" address="c07a8" />
  </table>
  <table name="Target Boost Compensation (1st Gear)" address="c07a0" />
  <table name="Target Boost Compensation (1st Gear) Speed Disable" address="c079c" />
  <table name="Target Boost Compensation (IAT)_" address="c09d0">
    <table name="Y" address="c09b8" />
  </table>
  <table name="Target Boost Compensation (Atm. Pressure)_" address="c0a58">
    <table name="X" address="c0a28" />
    <table name="Y" address="c0a40" />
  </table>
  <table name="Turbo Dynamics Proportional" address="c08bc">
    <table name="Y" address="c0898" />
  </table>
  <table name="Turbo Dynamics Integral Positive" address="c092c">
    <table name="Y" address="c0908" />
  </table>
  <table name="Turbo Dynamics Integral Negative" address="c08f4">
    <table name="Y" address="c08d0" />
  </table>
  <table name="TD Proportional Compensation (IAT)" address="c0858">
    <table name="Y" address="c07e8" elements="16" />
  </table>
  <table name="TD Integral Positive Compensation (IAT)" address="c0878">
    <table name="Y" address="c07e8" elements="16" />
  </table>
  <table name="TD Integral Negative Compensation (IAT)" address="c0868">
    <table name="Y" address="c07e8" elements="16" />
  </table>
  <table name="TD Activation Thresholds (RPM)" address="c077c" />
  <table name="TD Activation Thresholds (Target Boost)_" address="c0768" />
  <table name="TD Integral Cumulative Range (WGDC Correction)" address="c0784" />
  <table name="TD Integral Negative Activation (Boost Error)" address="c0770" />
  <table name="TD Integral Positive Activation (Boost Error)" address="c0774" />
  <table name="TD Integral Negative Activation (Wastegate Duty)" address="c0778" />
  <table name="Initial Wastegate Duty_" address="c0ce4">
    <table name="X" address="c0c74" elements="15" />
    <table name="Y" address="c0cb0" elements="13" />
  </table>
  <table name="Max Wastegate Duty_" address="c0aec">
    <table name="X" address="c0a7c" elements="15" />
    <table name="Y" address="c0ab8" elements="13" />
  </table>
  <table name="Max Wastegate Duty Limit Post-Compensation" address="1472c" />
  <table name="Initial/Max Wastegate Duty Compensation (IAT)" address="c0828">
    <table name="Y" address="c07e8" />
  </table>
  <table name="Initial/Max Wastegate Duty Compensation (ECT)" address="c0848">
    <table name="Y" address="c07a8" />
  </table>
  <table name="Initial/Max Wastegate Duty Compensation (Atm. Pressure)" address="c0a10">
    <table name="X" address="c09e8" />
    <table name="Y" address="c0a00" />
  </table>
  <table name="(P0000) PASS CODE (NO DTC DETECTED)" address="774c9" />
  <table name="(P0000) PASS CODE (NO DTC DETECTED)_" address="774ca" />
  <table name="(P0011) CAMSHAFT POS. - TIMING OVER-ADVANCED 1" address="774ad" />
  <table name="(P0016) CRANKSHAFT/CAMSHAFT CORRELATION 1A" address="7753e" />
  <table name="(P0018) CRANKSHAFT/CAMSHAFT CORRELATION 2A" address="7753d" />
  <table name="(P0021) CAMSHAFT POS. - TIMING OVER-ADVANCED 2" address="774ae" />
  <table name="(P0030) FRONT O2 SENSOR RANGE/PERF" address="774ee" />
  <table name="(P0031) FRONT O2 SENSOR LOW INPUT" address="774d8" />
  <table name="(P0032) FRONT O2 SENSOR HIGH INPUT" address="774d6" />
  <table name="(P0037) REAR O2 SENSOR LOW INPUT" address="774d7" />
  <table name="(P0038) REAR O2 SENSOR HIGH INPUT" address="774d5" />
  <table name="(P0102) MAF SENSOR LOW INPUT" address="77489" />
  <table name="(P0103) MAF SENSOR HIGH INPUT" address="7748a" />
  <table name="(P0107) MAP SENSOR LOW INPUT" address="774d9" />
  <table name="(P0108) MAP SENSOR HIGH INPUT" address="774da" />
  <table name="(P0112) IAT SENSOR LOW INPUT" address="774d2" />
  <table name="(P0113) IAT SENSOR HIGH INPUT" address="774d3" />
  <table name="(P0117) COOLANT TEMP SENSOR LOW INPUT" address="77492" />
  <table name="(P0118) COOLANT TEMP SENSOR HIGH INPUT" address="77493" />
  <table name="(P0122) TPS A LOW INPUT" address="77490" />
  <table name="(P0123) TPS A HIGH INPUT" address="77491" />
  <table name="(P0125) INSUFFICIENT COOLANT TEMP (FUELING)" address="77495" />
  <table name="(P0131) FRONT O2 SENSOR LOW INPUT" address="774cc" />
  <table name="(P0132) FRONT O2 SENSOR HIGH INPUT" address="774ce" />
  <table name="(P0133) FRONT O2 SENSOR SLOW RESPONSE" address="774b6" />
  <table name="(P0134) FRONT O2 SENSOR NO ACTIVITY" address="774ec" />
  <table name="(P0140) REAR O2 SENSOR NO ACTIVITY" address="77538" />
  <table name="(P0171) SYSTEM TOO LEAN" address="774c0" />
  <table name="(P0172) SYSTEM TOO RICH" address="774c1" />
  <table name="(P0222) TPS B LOW INPUT" address="774f6" />
  <table name="(P0223) TPS B HIGH INPUT" address="774f7" />
  <table name="(P0230) FUEL PUMP PRIMARY CIRCUIT" address="774e8" />
  <table name="(P0244) WASTEGATE SOLENOID A RANGE/PERF" address="774e6" />
  <table name="(P0245) WASTEGATE SOLENOID A LOW" address="774e4" />
  <table name="(P0246) WASTEGATE SOLENOID A HIGH" address="774e5" />
  <table name="(P0301) MISFIRE CYLINDER 1" address="774c2" />
  <table name="(P0302) MISFIRE CYLINDER 2" address="774c3" />
  <table name="(P0303) MISFIRE CYLINDER 3" address="774c4" />
  <table name="(P0304) MISFIRE CYLINDER 4" address="774c5" />
  <table name="(P0327) KNOCK SENSOR 1 LOW INPUT" address="7748e" />
  <table name="(P0328) KNOCK SENSOR 1 HIGH INPUT" address="7748f" />
  <table name="(P0335) CRANKSHAFT POS. SENSOR A MALFUNCTION" address="77484" />
  <table name="(P0340) CAMSHAFT POS. SENSOR A MALFUNCTION" address="7750a" />
  <table name="(P0345) CAMSHAFT POS. SENSOR A BANK 2" address="77509" />
  <table name="(P0410) SECONDARY AIR PUMP SYSTEM" address="77532" />
  <table name="(P0413) SECONDARY AIR PUMP A OPEN" address="77536" />
  <table name="(P0414) SECONDARY AIR PUMP A SHORTED" address="7753b" />
  <table name="(P0418) SECONDARY AIR PUMP RELAY A" address="77537" />
  <table name="(P0420) CAT EFFICIENCY BELOW THRESHOLD" address="774bc" />
  <table name="(P0458) EVAP PURGE VALVE CIRCUIT LOW" address="774b1" />
  <table name="(P0459) EVAP PURGE VALVE CIRCUIT HIGH" address="774b2" />
  <table name="(P0462) FUEL LEVEL SENSOR LOW INPUT" address="77496" />
  <table name="(P0463) FUEL LEVEL SENSOR HIGH INPUT" address="77497" />
  <table name="(P0500) VEHICLE SPEED SENSOR A" address="7748b" />
  <table name="(P0512) STARTER REQUEST CIRCUIT" address="7749a" />
  <table name="(P0562) SYSTEM VOLTAGE LOW" address="774e2" />
  <table name="(P0563) SYSTEM VOLTAGE HIGH" address="774e3" />
  <table name="(P0600) SERIAL COMMUNICATION LINK" address="77506" />
  <table name="(P0604) CONTROL MODULE RAM ERROR" address="77488" />
  <table name="(P0605) CONTROL MODULE ROM ERROR" address="7750b" />
  <table name="(P0607) CONTROL MODULE PERFORMANCE" address="774fe" />
  <table name="(P0638) THROTTLE ACTUATOR RANGE/PERF" address="774fd" />
  <table name="(P0700) TRANSMISSION CONTROL SYSTEM" address="77517" />
  <table name="(P0851) NEUTRAL SWITCH INPUT LOW" address="7749e" />
  <table name="(P0852) NEUTRAL SWITCH INPUT HIGH" address="774a2" />
  <table name="(P1160) ABNORMAL RETURN SPRING" address="774f8" />
  <table name="(P1410) SECONDARY AIR PUMP VALVE STUCK OPEN" address="7753f" />
  <table name="(P1418) SECONDARY AIR PUMP CIRCUIT SHORTED" address="7753c" />
  <table name="(P1519) IMRC STUCK CLOSED" address="7754a" />
  <table name="(P1520) IMRC CIRCUIT MALFUNCTION" address="77549" />
  <table name="(P1560) BACK-UP VOLTAGE MALFUNCTION" address="774e1" />
  <table name="(P1616) SBDS INTERACTIVE CODES" address="77548" />
  <table name="(P2004) TGV - INTAKE MANIFOLD RUNNER 1 STUCK OPEN" address="77520" />
  <table name="(P2005) TGV - INTAKE MANIFOLD RUNNER 2 STUCK OPEN" address="77522" />
  <table name="(P2006) TGV - INTAKE MANIFOLD RUNNER 1 STUCK CLOSED" address="77521" />
  <table name="(P2007) TGV - INTAKE MANIFOLD RUNNER 2 STUCK CLOSED" address="77523" />
  <table name="(P2008) TGV - INTAKE MANIFOLD RUNNER 1 CIRCUIT OPEN" address="7752e" />
  <table name="(P2009) TGV - INTAKE MANIFOLD RUNNER 1 CIRCUIT LOW" address="7752c" />
  <table name="(P2011) TGV - INTAKE MANIFOLD RUNNER 2 CIRCUIT OPEN" address="7752f" />
  <table name="(P2012) TGV - INTAKE MANIFOLD RUNNER 2 CIRCUIT LOW" address="7752d" />
  <table name="(P2016) TGV - INTAKE MANIFOLD RUNNER 1 POS. SENSOR LOW" address="77528" />
  <table name="(P2017) TGV - INTAKE MANIFOLD RUNNER 1 POS. SENSOR HIGH" address="77529" />
  <table name="(P2021) TGV - INTAKE MANIFOLD RUNNER 2 POS. SENSOR LOW" address="7752a" />
  <table name="(P2022) TGV - INTAKE MANIFOLD RUNNER 2 POS. SENSOR HIGH" address="7752b" />
  <table name="(P2088) OCV SOLENOID A1 CIRCUIT OPEN" address="77513" />
  <table name="(P2089) OCV SOLENOID A1 CIRCUIT SHORT" address="77512" />
  <table name="(P2092) OCV SOLENOID A2 CIRCUIT OPEN" address="77511" />
  <table name="(P2093) OCV SOLENOID A2 CIRCUIT SHORT" address="77510" />
  <table name="(P2101) THROTTLE ACTUATOR CIRCUIT RANGE/PERF" address="774fb" />
  <table name="(P2102) THROTTLE ACTUATOR CIRCUIT LOW" address="774f9" />
  <table name="(P2103) THROTTLE ACTUATOR CIRCUIT HIGH" address="774fa" />
  <table name="(P2109) TPS A MINIMUM STOP PERF" address="774f5" />
  <table name="(P2122) TPS D CIRCUIT LOW INPUT" address="77502" />
  <table name="(P2123) TPS D CIRCUIT HIGH INPUT" address="77503" />
  <table name="(P2127) TPS E CIRCUIT LOW INPUT" address="77500" />
  <table name="(P2128) TPS E CIRCUIT HIGH INPUT" address="77501" />
  <table name="(P2135) TPS A/B VOLTAGE" address="77504" />
  <table name="(P2138) TPS D/E VOLTAGE" address="774ff" />
  <table name="(P2419) EVAP SWITCHING VALVE LOW" address="7754c" />
  <table name="(P2420) EVAP SWITCHING VALVE HIGH" address="7754d" />
  <table name="(P2432) SECONDARY AIR PUMP CIRCUIT LOW" address="77535" />
  <table name="(P2433) SECONDARY AIR PUMP CIRCUIT HIGH" address="77534" />
  <table name="(P2441) SECONDARY AIR PUMP VALVE 1 STUCK CLOSED" address="77542" />
  <table name="(P2444) SECONDARY AIR PUMP 1 STUCK ON B1" address="77530" />
  <table name="Requested Torque A (Accelerator Pedal)" address="dd6c8">
    <table name="X" address="dd648" />
    <table name="Y" address="dd684" />
  </table>
  <table name="Requested Torque B (Accelerator Pedal)" address="dd948">
    <table name="X" address="dd8c8" />
    <table name="Y" address="dd904" />
  </table>
  <table name="Requested Torque C (Accelerator Pedal)" address="ddbc8">
    <table name="X" address="ddb48" />
    <table name="Y" address="ddb84" />
  </table>
  <table name="Requested Torque Base (RPM)" address="dc83c">
    <table name="Y" address="dc7fc" />
  </table>
  <table name="Target Throttle Plate Position Cruise (Requested Torque Ratio)" address="dccec">
    <table name="X" address="dcc6c" elements="16" />
    <table name="Y" address="dccac" />
  </table>
  <table name="Target Throttle Plate Position Non-Cruise (Requested Torque Ratio)" address="dcf6c">
    <table name="X" address="dceec" elements="16" />
    <table name="Y" address="dcf2c" />
  </table>
  <table name="Target Throttle Plate Position Maximum (Requested Torque Ratio)" address="dd1ec">
    <table name="X" address="dd16c" elements="16" />
    <table name="Y" address="dd1ac" />
  </table>
  <table name="A/F Learning #1 Limits" address="c78fc" />
  <table name="A/F Learning #1 Airflow Ranges" address="c790c" />
  <table name="CL to OL Delay_" address="c7504" />
  <table name="CL to OL Transition with Delay (Throttle)" address="c8580">
    <table name="Y" address="c8540" />
  </table>
  <table name="CL to OL Transition with Delay Throttle Hysteresis" address="c7a08" />
  <table name="CL to OL Transition with Delay (Base Pulse Width)" address="c9df0">
    <table name="Y" address="c9db0" />
  </table>
  <table name="CL to OL Transition with Delay BPW Hysteresis" address="c7a04" />
  <table name="CL to OL Transition Counter Step Value (MAF)" address="c9e38">
    <table name="Y" address="c9e10" />
  </table>
  <table name="CL Delay Maximum (Throttle)" address="c7a68" />
  <table name="CL Delay Maximum (Vehicle Speed)" address="c7a84" />
  <table name="CL Delay Minimum (ECT)" address="c7a0c" />
  <table name="CL Delay Maximum (Engine Load)" address="c7a94" />
  <table name="CL Delay Engine Load Counter Threshold" address="c74fc" />
  <table name="CL Delay Maximum Engine Speed (Per Gear)" address="c7a10" />
  <table name="CL Delay Maximum Engine Speed (Neutral)" address="c7a38" />
  <table name="Front Oxygen Sensor Scaling" address="d3d6c">
    <table name="Y" address="d3d38" />
  </table>
  <table name="Front Oxygen Sensor Rich Limit" address="21c84" />
  <table name="Front Oxygen Sensor Compensation (Atm. Pressure)" address="c31f8">
    <table name="Y" address="c31e8" />
  </table>
  <table name="CL Fueling Target Compensation A (Load)" address="cc99c">
    <table name="X" address="cc944" />
    <table name="Y" address="cc970" elements="11" />
  </table>
  <table name="CL Fueling Target Compensation B (Load)" address="ccc34">
    <table name="X" address="ccbdc" />
    <table name="Y" address="ccc08" />
  </table>
  <table name="CL Fueling Target Compensation Imm. Cruise (ECT)" address="cc878">
    <table name="X" address="c7e2c" />
    <table name="Y" address="cc86c" />
  </table>
  <table name="CL Fueling Target Compensation Imm. Non-Cruise (ECT)" address="cc8e4">
    <table name="X" address="c7e2c" />
    <table name="Y" address="cc8d8" />
  </table>
  <table name="Cranking Fuel Injector Pulse Width A (ECT)" address="c8aee">
    <table name="Y" address="c7e2c" />
  </table>
  <table name="Cranking Fuel Injector Pulse Width B (ECT)" address="c8b0e">
    <table name="Y" address="c7e2c" />
  </table>
  <table name="Cranking Fuel Injector Pulse Width C (ECT)" address="c8b2e">
    <table name="Y" address="c7e2c" />
  </table>
  <table name="Cranking Fuel Injector Pulse Width D (ECT)" address="c8b4e">
    <table name="Y" address="c7e2c" />
  </table>
  <table name="Cranking Fuel Injector Pulse Width E (ECT)" address="c8b6e">
    <table name="Y" address="c7e2c" />
  </table>
  <table name="Cranking Fuel Injector Pulse Width F (ECT)" address="c8b8e">
    <table name="Y" address="c7e2c" />
  </table>
  <table name="Cranking Fuel IPW Compensation Imm. Cruise (RPM)" address="cacec">
    <table name="X" address="cacbc" />
    <table name="Y" address="cacd0" />
  </table>
  <table name="Cranking Fuel IPW Compensation Imm. Non-Cruise (RPM)" address="cac98">
    <table name="X" address="cac68" />
    <table name="Y" address="cac7c" />
  </table>
  <table name="Cranking Fuel IPW Compensation (MAP)" address="c8070">
    <table name="Y" address="c8048" />
  </table>
  <table name="Cranking Fuel IPW Compensation (Accelerator)" address="c80a4">
    <table name="Y" address="c807c" elements="10" />
  </table>
  <table name="Cranking Fuel IPW Compensation (IAT)" address="c80c4">
    <table name="Y" address="c80b0" />
  </table>
  <table name="Injector Latency_" address="cc534">
    <table name="X" address="cc514" />
    <table name="Y" address="cc528" />
  </table>
  <table name="Injector Flow Scaling" address="c76c8" />
  <table name="Per Injector Pulse Width Compensation A" address="cbcf4">
    <table name="X" address="cbc6c" />
    <table name="Y" address="cbcb0" elements="17" />
  </table>
  <table name="Per Injector Pulse Width Compensation B" address="cbea0">
    <table name="X" address="cbe18" />
    <table name="Y" address="cbe5c" elements="17" />
  </table>
  <table name="Per Injector Pulse Width Compensation C" address="cc04c">
    <table name="X" address="cbfc4" />
    <table name="Y" address="cc008" elements="17" />
  </table>
  <table name="Per Injector Pulse Width Compensation D" address="cc1f8">
    <table name="X" address="cc170" />
    <table name="Y" address="cc1b4" elements="17" />
  </table>
  <table name="Primary Open Loop Fueling" address="cb310">
    <table name="X" address="cb28c" />
    <table name="Y" address="cb2c8" />
  </table>
  <table name="Primary Open Loop Fueling (Failsafe)" address="cb4a4">
    <table name="X" address="cb420" />
    <table name="Y" address="cb45c" />
  </table>
  <table name="Primary Open Loop Fuel Map Switch (IAM)" address="c79fc" />
  <table name="Minimum Active Primary Open Loop Enrichment" address="c7a00" />
  <table name="Minimum Primary Open Loop Enrichment (Throttle)" address="c85a8">
    <table name="Y" address="c8590" />
  </table>
  <table name="Minimum Primary Open Loop Enrichment (Accelerator)" address="c85c8">
    <table name="Y" address="c85b0" />
  </table>
  <table name="Primary Open Loop Fueling Compensation (ECT)" address="c9ec4">
    <table name="Y" address="c7e2c" />
  </table>
  <table name="Primary Open Loop Fueling Compensation (Timing Compensation)_" address="c8538">
    <table name="Y" address="c8520" />
  </table>
  <table name="Throttle Tip-in Enrichment A" address="ca348">
    <table name="Y" address="ca300" />
  </table>
  <table name="Throttle Tip-in Enrichment B" address="ca3b4">
    <table name="Y" address="ca36c" />
  </table>
  <table name="Minimum Tip-in Enrichment Activation" address="c7d24" />
  <table name="Minimum Tip-in Enrichment Activation (Throttle)" address="c7d20" />
  <table name="Tip-in Enrichment Compensation (Boost Error)" address="c8954">
    <table name="Y" address="c8930" />
  </table>
  <table name="Tip-in Enrichment Compensation (RPM)" address="c8920">
    <table name="Y" address="c88e0" elements="16" />
  </table>
  <table name="Tip-in Enrichment Compensation A (ECT)" address="c895d">
    <table name="Y" address="c7e2c" />
  </table>
  <table name="Tip-in Enrichment Compensation B (ECT)" address="ca3d8">
    <table name="Y" address="c7e2c" />
  </table>
  <table name="Tip-in Enrichment Compensation C (ECT)" address="ca3f8">
    <table name="Y" address="c7e2c" />
  </table>
  <table name="Tip-in Enrichment Compensation D (ECT)" address="ca438">
    <table name="Y" address="c7e6c" />
  </table>
  <table name="Tip-in Enrichment Compensation D (ECT) Activation" address="c7d28" />
  <table name="Tip-in Enrichment Disable Applied Counter Threshold A (ECT)" address="c896d">
    <table name="Y" address="c7e2c" />
  </table>
  <table name="Tip-in Enrichment Disable Applied Counter Threshold B (ECT)" address="c897d">
    <table name="Y" address="c7e2c" />
  </table>
  <table name="Tip-in Enrichment Applied Counter Reset" address="c74ae" />
  <table name="Tip-in Enrichment Disable Throttle Cumulative Threshold A (ECT)" address="ca458">
    <table name="Y" address="c7e2c" />
  </table>
  <table name="Tip-in Enrichment Disable Throttle Cumulative Threshold B (ECT)" address="ca478">
    <table name="Y" address="c7e2c" />
  </table>
  <table name="Tip-in Throttle Cumulative Reset" address="c74af" />
  <table name="Min Primary Base Enrichment 1 Cruise" address="caf44">
    <table name="X" address="c7e2c" />
    <table name="Y" address="caf20" elements="9" />
  </table>
  <table name="Min Primary Base Enrichment 1 Non-Cruise" address="caea0">
    <table name="X" address="c7e2c" />
    <table name="Y" address="cae80" />
  </table>
  <table name="Min Primary Base Enrichment 1 (Non-Primary OL)_" address="c8129">
    <table name="Y" address="c7e2c" />
  </table>
  <table name="Idle Speed Target A" address="d1e12">
    <table name="Y" address="d1780" />
  </table>
  <table name="Idle Speed Target B" address="d1e52">
    <table name="Y" address="d1780" />
  </table>
  <table name="Idle Speed Target C" address="d1e92">
    <table name="Y" address="d1780" />
  </table>
  <table name="Base Timing Primary Cruise" address="d0060">
    <table name="X" address="cffdc" />
    <table name="Y" address="d0018" />
  </table>
  <table name="Base Timing Reference Cruise (AVCS related)" address="d0388">
    <table name="X" address="d0304" />
    <table name="Y" address="d0340" />
  </table>
  <table name="Base Timing Primary Non-Cruise" address="d01f4">
    <table name="X" address="d0170" />
    <table name="Y" address="d01ac" />
  </table>
  <table name="Base Timing Reference Non-Cruise (AVCS related)" address="d051c">
    <table name="X" address="d0498" />
    <table name="Y" address="d04d4" />
  </table>
  <table name="Base Timing Idle A (In-Gear)" address="ce54e">
    <table name="Y" address="ce2b8" />
  </table>
  <table name="Base Timing Idle B (In-Gear)" address="ce55e">
    <table name="Y" address="ce2b8" />
  </table>
  <table name="Base Timing Idle A (Neutral)" address="ce56e">
    <table name="Y" address="ce2b8" />
  </table>
  <table name="Base Timing Idle B (Neutral)" address="ce57e">
    <table name="Y" address="ce2b8" />
  </table>
  <table name="Base Timing Idle Minimum" address="ce545">
    <table name="Y" address="ce338" />
  </table>
  <table name="Base Timing Idle Minimum Vehicle Speed Enable" address="ce0b4" />
  <table name="Knock Correction Advance Max Cruise" address="cfcb4">
    <table name="X" address="cfc30" elements="15" />
    <table name="Y" address="cfc6c" />
  </table>
  <table name="Knock Correction Advance Max Non-Cruise" address="cfe48">
    <table name="X" address="cfdc4" elements="15" />
    <table name="Y" address="cfe00" />
  </table>
  <table name="Timing Compensation A (IAT)" address="ce630">
    <table name="Y" address="ce5f0" />
  </table>
  <table name="Timing Compensation A (IAT) Activation" address="d066c">
    <table name="X" address="d062c" />
    <table name="Y" address="d064c" />
  </table>
  <table name="Timing Compensation B (IAT)" address="cec28">
    <table name="Y" address="cebe8" />
  </table>
  <table name="Timing Compensation B (IAT) IAM Activation" address="ce260" />
  <table name="Timing Compensation B (IAT) Max Additive" address="ce244" />
  <table name="Timing Compensation Imm. Cruise A (ECT)" address="ce5ce">
    <table name="Y" address="ce2b8" />
  </table>
  <table name="Timing Compensation Imm. Cruise B (ECT)" address="ce5de">
    <table name="Y" address="ce2b8" />
  </table>
  <table name="Timing Compensation Imm. Non-Cruise A (ECT)" address="ce5ae">
    <table name="Y" address="ce2b8" />
  </table>
  <table name="Timing Compensation Imm. Non-Cruise B (ECT)" address="ce5be">
    <table name="Y" address="ce2b8" />
  </table>
  <table name="Timing Compensation Per Cylinder A" address="cf868">
    <table name="X" address="cf81c" />
    <table name="Y" address="cf854" elements="5" />
  </table>
  <table name="Timing Compensation Per Cylinder B" address="cf8fc">
    <table name="X" address="cf8b0" />
    <table name="Y" address="cf8e8" elements="5" />
  </table>
  <table name="Timing Compensation Per Cylinder C" address="cf990">
    <table name="X" address="cf944" />
    <table name="Y" address="cf97c" elements="5" />
  </table>
  <table name="Timing Compensation Per Cylinder D" address="cfa28">
    <table name="X" address="cf9d8" />
    <table name="Y" address="cfa10" elements="6" />
  </table>
  <table name="Timing Comp Minimum Load (Per Cylinder)" address="cdddc" />
  <table name="Timing Comp Maximum RPM (Per Cylinder)" address="cddd8" />
  <table name="Timing Comp Minimum Coolant Temp (Per Cylinder)" address="cdde0" />
  <table name="Feedback Correction Range (RPM)" address="cddec" />
  <table name="Feedback Correction Minimum Load" address="cdde4" />
  <table name="Feedback Correction Retard Value" address="cde0c" />
  <table name="Feedback Correction Retard Limit" address="cde08" />
  <table name="Feedback Correction Negative Advance Value" address="cde10" />
  <table name="Feedback Correction Negative Advance Delay" address="cdd4e" />
  <table name="Extended Feedback Correction High RPM Compensation" address="cde18" />
  <table name="Fine Correction Range (RPM)" address="cdfac" />
  <table name="Fine Correction Range (Load)" address="cdfbc" />
  <table name="Fine Correction Rows (RPM)" address="cdf4c" />
  <table name="Fine Correction Columns (Load)" address="cdf68" />
  <table name="Fine Correction Retard Value" address="cdf90" />
  <table name="Fine Correction Retard Limit" address="cdf8c" />
  <table name="Fine Correction Advance Value" address="cdf88" />
  <table name="Fine Correction Advance Limit" address="cdf84" />
  <table name="Fine Correction Advance Delay" address="cdd5e" />
  <table name="Rough Correction Range (RPM)" address="cdefc" />
  <table name="Rough Correction Range (Load)" address="cdf0c" />
  <table name="Rough Correction Minimum KC Advance Map Value" address="cdf1c" />
  <table name="Rough Correction Learning Delay (Increasing)_" address="cee18">
    <table name="Y" address="cedf0" />
  </table>
  <table name="Advance Multiplier (Initial)" address="cdf20" />
  <table name="Advance Multiplier Step Value" address="cdf24" />
  <table name="Manifold Pressure Sensor Scaling_" address="d38f0" />
  <table name="Manifold Pressure Sensor Limits (CEL)" address="d38bc" />
  <table name="Manifold Pressure Sensor CEL Delays" address="c3d6c" />
  <table name="MAF Limit (Maximum)" address="c2d54" />
  <table name="MAF Sensor Scaling" address="d3c60">
    <table name="Y" address="d3b88" />
  </table>
  <table name="MAF Compensation (IAT)" address="c34cc">
    <table name="X" address="c3498" />
    <table name="Y" address="c34ac" />
  </table>
  <table name="Engine Load Limit A (Maximum)" address="20530" />
  <table name="Engine Load Limit B Maximum (RPM)" address="c30f8">
    <table name="Y" address="c30f0" />
  </table>
  <table name="Engine Load Compensation Cruise (MP)" address="c3558">
    <table name="X" address="c34f4" />
    <table name="Y" address="c3520" elements="14" />
  </table>
  <table name="Engine Load Compensation Non-Cruise (MP)" address="c3658">
    <table name="X" address="c35f4" />
    <table name="Y" address="c3620" elements="14" />
  </table>
  <table name="Rev Limit (Fuel Cut)" address="c7d80" />
  <table name="Rev Limit Fuel Resume (Boost)" address="c7d88" />
  <table name="Speed Limiting Enable (Fuel Cut)" address="c7dd0" />
  <table name="Speed Limiting Disable (Fuel Cut)" address="c7dd8" />
  <table name="Speed Limiting A (Throttle)" address="dc644" />
  <table name="Speed Limiting B (Throttle)" address="dc65c" />
  <table name="Intake Temp Sensor Scaling" address="d3a90">
    <table name="Y" address="d3a18" />
  </table>
  <table name="Coolant Temp Sensor Scaling" address="d39a8">
    <table name="Y" address="d3938" />
  </table>
  <table name="Radiator Fan Modes A (ECT)" address="d4030" />
  <table name="Radiator Fan Modes B (ECT)" address="d4040" />
  <table name="Radiator Fan Modes (Veh. Speed)" address="d4050" />
  <table name="Gear Determination Thresholds A" address="c2f4c" />
  <table name="Gear Determination Thresholds B" address="c2f60" />
  <table name="Gear Determination Thresholds C" address="c2f74" />
  <table name="Force Pass Readiness Monitors_" address="8218c" />
  <table name="Intake Cam Advance Angle Cruise (AVCS)" address="d5874">
    <table name="X" address="d57f8" elements="15" />
    <table name="Y" address="d5834" elements="16" />
  </table>
  <table name="Intake Cam Advance Angle Non-Cruise (AVCS)" address="d5ad0">
    <table name="X" address="d5a54" elements="15" />
    <table name="Y" address="d5a90" elements="16" />
  </table>
</rom>