<rom>
	<romid>
		<xmlid>EP5F300T</xmlid>
		<internalidaddress>2004</internalidaddress>
		<internalidstring>EP5F300t</internalidstring>
		<ecuid>73243e4007</ecuid>
		<make>Subaru</make>
		<market>USDM</market>
		<model>XV</model>
		<submodel>2.5i</submodel>
		<transmission>MT</transmission>
		<year>12</year>
		<flashmethod>subarucan</flashmethod>
		<memmodel>SH7058</memmodel>
		<checksummodule>subarudbw</checksummodule>
	</romid>

	<include>32BITBASE</include>
	<scaling name="Advance(degrees) 4" units="Advance(degrees)" toexpr="x" frexpr="x" format="%.1f" min="0" max="255" inc="1" storagetype="uint16" endian="big"/>

	<table name="Front Oxygen Sensor Compensation (Atmosphere)" address="c21f4"/>

	<table name="CL Delay Minimum Coolant Temperature" address="c66cc"/>

	<table name="CL Delay Maximum Throttle A" address="c66d0"/>

	<table name="CL Delay Maximum Throttle B (Coolant Temp)" address="c6ff4"/>

	<table name="Tip-in Enrichment Compensation A (Coolant Temp)" address="c71e1"/>

	<table name="Tip-in Enrichment Compensation B (Coolant Temp)" address="c8898"/>

	<table name="Tip-in Enrichment Compensation C (Coolant Temp)" address="c88b8"/>

	<table name="Tip-in Enrichment Compensation D (Coolant Temp)" address="c88f8"/>

	<table name="Tip-in Enrichment Compensation D (Coolant Temp) Activation" address="c68a4"/>

	<table name="MAF Compensation (Intake Temp)" address="c2670"/>

	<table name="Timing Advance A (Maximum)" address="cd640"/>

	<table name="Timing Advance B (Maximum)" address="cd7d0"/>

	<table name="Timing Compensation (Intake Temp)" address="cc1ac"/>

	<table name="Timing Compensation (Intake Temp) Activation" address="cdfcc"/>

	<table name="Timing Compensation A (Coolant Temp)" address="cc129"/>

	<table name="Timing Compensation B (Coolant Temp)" address="cc139"/>

	<table name="Timing Compensation C (Coolant Temp)" address="cc149"/>

	<table name="Timing Compensation D (Coolant Temp)" address="cc159"/>

	<table name="Rough Correction Minimum Timing Advance Map Value" address="cba84"/>

	<table name="Speed Limiting A (Fuel Cut)" address="c6974"/>

	<table name="Speed Limiting B (Fuel Cut)" address="c697c"/>

	<table name="Radiator Fan Modes A (Coolant Temp)" address="d127c"/>

	<table name="Radiator Fan Modes B (Coolant Temp)" address="d128c"/>

	<table name="Radiator Fan Modes (Vehicle Speed)" address="d129c"/>

	<table name="Idle Speed A (Coolant Temp)" address="cf040"/>

	<table name="Idle Speed B (Coolant Temp)" address="cf080"/>

	<table name="Idle Speed C (Coolant Temp)" address="cf0c0"/>

	<table name="Idle Speed D (Coolant Temp)" address="cf0e0"/>

	<table name="Idle Speed E (Coolant Temp)" address="cf120"/>

	<table name="Idle Speed F (Coolant Temp)" address="cf160"/>

	<table name="(P0000) PASS CODE (NO DTC DETECTED)" address="7a152"/>

	<table name="Manifold Pressure Sensor Scaling_" address="da5a8">
	</table>

	<table name="Manifold Pressure Sensor Limits (CEL)" address="da56a">
	</table>

	<table name="Manifold Pressure Sensor CEL Delays" address="da535">
	</table>

	<table name="Primary Open Loop Fueling A_" address="d0510">
		<table name="Engine Load" address="d04a4" elements="12"/>
		<table name="Engine Speed" address="d04d4" elements="15"/>
	</table>

	<table name="Minimum Active Primary Open Loop Enrichment" address="cd72c">
	</table>

	<table name="Front Oxygen Sensor Scaling" address="dac00">
		<table name="Front Oxygen Sensor" address="dabcc"/>
	</table>

	<table name="Front Oxygen Sensor Rich Limit" address="242ec">
	</table>

	<table name="Front Oxygen Sensor Compensation (Atm. Pressure)" address="c4804">
		<table name="Atmospheric Pressure" address="c47f4"/>
	</table>

	<table name="CL Fueling Target Compensation A (Load)" address="d2574">
		<table name="Engine Load" address="d24f0"/>
		<table name="Engine Speed" address="d251c"/>
	</table>

	<table name="CL Fueling Target Compensation B (Load)" address="d20a4">
		<table name="Engine Load" address="d2020"/>
		<table name="Engine Speed" address="d204c"/>
	</table>

	<table name="CL Fueling Target Compensation (ECT)" address="d1cec">
		<table name="Coolant Temperature" address="cda94"/>
		<table name="Engine Load" address="d1ce0"/>
	</table>

	<table name="CL Fueling Target Compensation (ECT) Disable" address="cd5c4">
	</table>

	<table name="CL to OL Delay A (Atm. Pressure)" address="cf288">
		<table name="Atmospheric Pressure" address="cf280" elements="2"/>
	</table>

	<table name="CL to OL Delay B (Atm. Pressure)" address="cf294">
		<table name="Atmospheric Pressure" address="cf28c" elements="2"/>
	</table>

	<table name="CL to OL Transition with Delay Throttle Hysteresis" address="cd730">
	</table>

	<table name="CL to OL Transition with Delay (Base Pulse Width)" address="cf260">
		<table name="Engine Speed" address="cf220"/>
	</table>

	<table name="CL to OL Transition with Delay BPW Hysteresis" address="cd734">
	</table>

	<table name="CL Delay Minimum (ECT)" address="cd738">
	</table>

	<table name="CL Delay Maximum Engine Speed A" address="cd740">
	</table>

	<table name="CL Delay Engine Speed B Counter Threshold" address="cd3bc">
	</table>

	<table name="CL Delay Maximum (Throttle) A" address="cd73c">
	</table>

	<table name="CL Delay Maximum (Throttle) B (ECT)" address="ce100">
		<table name="Coolant Temperature" address="ce0f8" elements="2"/>
	</table>

	<table name="Injector Latency_" address="d1030">
		<table name="Battery Output" address="d1014"/>
		<table name="Manifold Pressure" address="d1028" elements="2"/>
	</table>

	<table name="Injector Flow Scaling" address="cd48c">
	</table>

	<table name="Per Injector Pulse Width Compensation A" address="d065c">
		<table name="Last Calculated Base Pulse Width" address="d0610" elements="12"/>
		<table name="Engine Speed" address="d0640" elements="7"/>
	</table>

	<table name="Per Injector Pulse Width Compensation B" address="d06fc">
		<table name="Last Calculated Base Pulse Width" address="d06b0" elements="12"/>
		<table name="Engine Speed" address="d06e0" elements="7"/>
	</table>

	<table name="Per Injector Pulse Width Compensation C" address="d079c">
		<table name="Last Calculated Base Pulse Width" address="d0750" elements="12"/>
		<table name="Engine Speed" address="d0780" elements="7"/>
	</table>

	<table name="Per Injector Pulse Width Compensation D" address="d083c">
		<table name="Last Calculated Base Pulse Width" address="d07f0" elements="12"/>
		<table name="Engine Speed" address="d0820" elements="7"/>
	</table>

	<table name="Cranking Fuel Injector Pulse Width 1 (ECT)" address="d0fe8">
		<table name="Coolant Temperature" address="d0fc0" elements="7"/>
		<table name="Select State" address="d0fdc"/>
	</table>

	<table name="Cranking Fuel Injector Pulse Width 2 (ECT)" address="d0fe8">
		<table name="Coolant Temperature" address="d0fc0" elements="7"/>
		<table name="Select State" address="d0fdc"/>
	</table>

	<table name="Cranking Fuel Injector Pulse Width 1A High (ECT)" address="d0d64">
		<table name="Coolant Temperature" address="cda94"/>
		<table name="Select State" address="d0d5c"/>
	</table>

	<table name="Cranking Fuel Injector Pulse Width 1A Low (ECT)" address="d0d1c">
		<table name="Coolant Temperature" address="cda94"/>
		<table name="Select State" address="d0d14"/>
	</table>

	<table name="Cranking Fuel Injector Pulse Width 1B High (ECT)" address="d0e84">
	</table>

	<table name="Cranking Fuel Injector Pulse Width 1B Low (ECT)" address="d0e84">
	</table>

	<table name="Cranking Fuel Injector Pulse Width 2A High (ECT)" address="d0e84">
	</table>

	<table name="Cranking Fuel Injector Pulse Width 2A Low (ECT)" address="d0e3c">
		<table name="Coolant Temperature" address="d0e84"/>
		<table name="Select State" address="d0e34"/>
	</table>

	<table name="Cranking Fuel Injector Pulse Width 2B High (ECT)" address="d0e84">
		<table name="Coolant Temperature" address="d0e84"/>
		<table name="Select State" address="d0e7c"/>
	</table>

	<table name="Cranking Fuel Injector Pulse Width 2B Low (ECT)" address="d0e84">
	</table>

	<table name="Cranking Fuel Injector Pulse Width 3A High (ECT)" address="d0050" scaling="Rear_O2_related">
		<table name="Coolant Temperature" address="d0024" elements="6"/>
		<table name="Select State" address="d003c" elements="5"/>
	</table>

	<table name="Cranking Fuel Injector Pulse Width 3A Low (ECT)" address="d0fe8">
		<table name="Coolant Temperature" address="d0fc0" elements="7"/>
		<table name="Select State" address="d0fdc" elements="3"/>
	</table>

	<table name="Cranking Fuel Injector Pulse Width 3B High (ECT)" address="d0e84">
	</table>

	<table name="Cranking Fuel Injector Pulse Width 3B Low (ECT)" address="d0e84">
	</table>

	<table name="Cranking Fuel IPW Compensation A (RPM)" address="cffe4">
		<table name="Engine Speed" address="cffc4"/>
		<table name="Coolant Temperature" address="cffd8" elements="3"/>
	</table>

	<table name="Cranking Fuel IPW Compensation (MAP)" address="cdcac">
		<table name="Manifold Pressure" address="cdc84"/>
	</table>

	<table name="Cranking Fuel IPW Compensation (Accelerator)" address="cdd04">
		<table name="Accelerator Pedal Angle" address="cdcec"/>
	</table>

	<table name="Cranking Fuel IPW Compensation (IAT)" address="cdd20">
		<table name="Intake Temperature" address="cdd0c"/>
	</table>

	<table name="Throttle Tip-in Enrichment A" address="cf72c">
		<table name="Throttle Angle Change" address="cf6e4"/>
	</table>

	<table name="Throttle Tip-in Enrichment B" address="cf798">
		<table name="Throttle Angle Change" address="cf750"/>
	</table>

	<table name="Minimum Tip-in Enrichment Activation" address="cd928">
	</table>

	<table name="Minimum Tip-in Enrichment Activation (Throttle)" address="cd924">
	</table>

	<table name="Tip-in Enrichment Compensation (RPM)" address="ce2a0">
		<table name="Engine Speed" address="ce27c"/>
	</table>

	<table name="Tip-in Enrichment Compensation (MRP)" address="ce2d0">
		<table name="Manifold Pressure" address="ce2ac"/>
	</table>

	<table name="Tip-in Enrichment Compensation A (ECT)" address="ce2d9">
		<table name="Coolant Temperature" address="cda94"/>
	</table>

	<table name="Tip-in Enrichment Compensation B (ECT)" address="cf7bc">
		<table name="Coolant Temperature" address="cda94"/>
	</table>

	<table name="Tip-in Enrichment Compensation C (ECT)" address="cf7dc">
		<table name="Coolant Temperature" address="cda94"/>
	</table>

	<table name="Tip-in Enrichment Compensation D (ECT)" address="cf81c">
		<table name="Coolant Temperature" address="cdad4"/>
	</table>

	<table name="Tip-in Enrichment Compensation D (ECT) Activation" address="cd92c">
	</table>

	<table name="Tip-in Enrichment Disable Applied Counter Threshold A (ECT)" address="ce2e9">
		<table name="Coolant Temperature" address="cda94"/>
	</table>

	<table name="Tip-in Enrichment Disable Applied Counter Threshold B (ECT)" address="ce2f9">
		<table name="Coolant Temperature" address="cda94"/>
	</table>

	<table name="Tip-in Enrichment Applied Counter Reset" address="cd37a">
	</table>

	<table name="Tip-in Enrichment Disable Throttle Cumulative Threshold A (ECT)" address="cf83c">
		<table name="Coolant Temperature" address="cda94"/>
	</table>

	<table name="Tip-in Enrichment Disable Throttle Cumulative Threshold B (ECT)" address="cf85c">
		<table name="Coolant Temperature" address="cda94"/>
	</table>

	<table name="Tip-in Throttle Cumulative Reset" address="cd37b">
	</table>

	<table name="A/F Learning #1 Limits" address="cd680">
	</table>

	<table name="A/F Learning #1 Airflow Ranges" address="cd6a0">
	</table>

	<table name="MAF Limit (Maximum)" address="c4060">
	</table>

	<table name="MAF Sensor Scaling" address="dab0c">
		<table name="MAF sensor" address="daa4c" elements="48"/>
	</table>

	<table name="Engine Load Limit (Maximum)" address="21e2c">
	</table>

	<table name="Engine Load Compensation A (MP)" address="c5268">
		<table name="Manifold Pressure" address="c5220" elements="5"/>
		<table name="Engine Speed" address="c5234" elements="13"/>
	</table>

	<table name="Engine Load Compensation B (MP)" address="c5074">
		<table name="Manifold Pressure" address="c4fe8" elements="13"/>
		<table name="Engine Speed" address="c501c" elements="22"/>
	</table>

	<table name="Base Timing A" address="d4878">
		<table name="Engine Load" address="d47f4" elements="14"/>
		<table name="Engine Speed" address="d482c" elements="19"/>
	</table>

	<table name="Base Timing B" address="d4a08">
		<table name="Engine Load" address="d4984" elements="14"/>
		<table name="Engine Speed" address="d49bc" elements="19"/>
	</table>

	<table name="Base Timing Idle (Below Speed Threshold)_" address="d316c">
		<table name="Engine Speed" address="d2f40"/>
	</table>

	<table name="Base Timing Idle (In-Gear)(Above Speed Threshold)" address="d316c">
		<table name="Engine Speed" address="d2f40"/>
	</table>

	<table name="Base Timing Idle (In-Gear)(Above Speed Threshold)_">
		<table name="Engine Speed"/>
		<table name="Coolant Temperature"/>
	</table>

	<table name="Base Timing Idle (In-Gear)(Below Speed Threshold)">
		<table name="Engine Speed"/>
	</table>

	<table name="Base Timing Idle (Neutral)">
		<table name="Engine Speed"/>
	</table>

	<table name="Base Timing Idle Vehicle Speed Threshold" address="d2af4">
	</table>

	<table name="Base Timing Idle Minimum" address="d319c">
		<table name="Engine Speed" address="d3178"/>
	</table>

	<table name="Knock Correction Advance Max A" address="d542c">
		<table name="Engine Load" address="d53a8" elements="14"/>
		<table name="Engine Speed" address="d53e0" elements="19"/>
	</table>

	<table name="Knock Correction Advance Max B" address="d55bc">
		<table name="Engine Load" address="d5538" elements="14"/>
		<table name="Engine Speed" address="d5570" elements="19"/>
	</table>

	<table name="Timing Compensation (IAT)" address="d3318">
		<table name="Intake Temperature" address="d32d8"/>
	</table>

	<table name="Timing Compensation (IAT) Activation" address="d4b2c">
		<table name="Engine Speed" address="d4b14" elements="2"/>
		<table name="Engine Load" address="d4b1c" elements="4"/>
	</table>

	<table name="Timing Compensation A (ECT)" address="d32a8">
		<table name="Coolant Temperature" address="d2ec0"/>
	</table>

	<table name="Timing Compensation B (ECT)" address="d3298">
		<table name="Coolant Temperature" address="d2ec0"/>
	</table>

	<table name="Timing Compensation C (ECT)">
		<table name="Coolant Temperature"/>
	</table>

	<table name="Timing Compensation D (ECT)">
		<table name="Coolant Temperature"/>
	</table>

	<table name="Timing Compensation Per Cylinder A" address="d5064">
		<table name="Engine Speed" address="d5010"/>
		<table name="Engine Load" address="d5048" elements="7"/>
	</table>

	<table name="Timing Compensation Per Cylinder B" address="d511c">
		<table name="Engine Speed" address="d50c8"/>
		<table name="Engine Load" address="d5100" elements="7"/>
	</table>

	<table name="Timing Compensation Per Cylinder C" address="d51d4">
		<table name="Engine Speed" address="d5180"/>
		<table name="Engine Load" address="d51b8" elements="7"/>
	</table>

	<table name="Timing Compensation Per Cylinder D" address="d528c">
		<table name="Engine Speed" address="d5238"/>
		<table name="Engine Load" address="d5270" elements="7"/>
	</table>

	<table name="Timing Compensation Per Cylinder E" address="d5344">
		<table name="Engine Speed" address="d52f0"/>
		<table name="Engine Load" address="d5328" elements="7"/>
	</table>

	<table name="Timing Comp Minimum Load (Per Cylinder)" address="d2dc0">
	</table>

	<table name="Timing Comp Maximum RPM (Per Cylinder)" address="d2dbc">
	</table>

	<table name="Timing Comp Minimum Coolant Temp (Per Cylinder)" address="d2dc4">
	</table>

	<table name="Feedback Correction Range (RPM)" address="d2dcc">
	</table>

	<table name="Feedback Correction Minimum Load_" address="d3b84">
		<table name="Engine Speed" address="d3b74"/>
	</table>

	<table name="Feedback Correction Retard Value_" address="d45fc">
		<table name="Engine Speed" address="d45c8"/>
	</table>

	<table name="Feedback Correction Retard Limit" address="d2de4">
	</table>

	<table name="Feedback Correction Negative Advance Value" address="d2de8">
	</table>

	<table name="Feedback Correction Negative Advance Delay_" address="d3bc0">
		<table name="Engine Speed" address="d3b8c"/>
	</table>

	<table name="Fine Correction Range (RPM)" address="d2ea0">
	</table>

	<table name="Fine Correction Range (Load)" address="d2eb0">
	</table>

	<table name="Fine Correction Rows (RPM)_" address="ccbd0">
	</table>

	<table name="Fine Correction Columns (Load)_" address="d2e68">
	</table>

	<table name="Fine Correction Retard Value_" address="d45fc">
		<table name="Engine Speed" address="d45c8"/>
	</table>

	<table name="Fine Correction Retard Limit" address="d2e94">
	</table>

	<table name="Fine Correction Advance Value" address="d2e90">
	</table>

	<table name="Fine Correction Advance Limit" address="d2e8c">
	</table>

	<table name="Fine Correction Advance Delay" address="d2a0a">
	</table>

	<table name="Rough Correction Range (RPM)" address="d2e04">
	</table>

	<table name="Rough Correction Range (Load)" address="d2e14">
	</table>

	<table name="Rough Correction Learning Delay (Increasing)_" address="d3c04">
		<table name="Engine Speed" address="d3bdc"/>
	</table>

	<table name="Advance Multiplier (Initial)" address="d2e28">
	</table>

	<table name="Advance Multiplier Step Value" address="d2e2c">
	</table>

	<table name="Intake Cam Advance Angle Cruise (AVCS)" address="dbd1c" scaling="Advance(degrees)2">
		<table name="Engine Load" address="dbc94" elements="15"/>
		<table name="Engine Speed" address="dbcd0" elements="19"/>
	</table>

	<table name="Intake Cam Advance Angle (ECT Related)" address="dbec4" scaling="Advance(degrees)2">
		<table name="Engine Load" address="dbe3c" elements="15"/>
		<table name="Engine Speed" address="dbe78" elements="19"/>
	</table>

	<table name="Intake Cam Advance Angle (ECT Related) Multiplier" address="db77a">
		<table name="Coolant Temperature" address="db4c4"/>
	</table>

	<table name="Requested Torque A (Accelerator Pedal)" address="faa08">
		<table name="Accelerator Pedal Angle" address="fa970" elements="20"/>
		<table name="Engine Speed" address="fa9c0" elements="18"/>
	</table>

	<table name="Requested Torque B (Accelerator Pedal)" address="fada0">
		<table name="Accelerator Pedal Angle" address="fad08" elements="20"/>
		<table name="Engine Speed" address="fad58" elements="18"/>
	</table>

	<table name="Requested Torque C (Accelerator Pedal)">
		<table name="Accelerator Pedal Angle" elements="21"/>
		<table name="Engine Speed" elements="15"/>
	</table>

	<table name="Requested Torque D (Accelerator Pedal)">
		<table name="Accelerator Pedal Angle" elements="17"/>
		<table name="Engine Speed" elements="20"/>
	</table>

	<table name="Requested Torque E (Accelerator Pedal)">
		<table name="Accelerator Pedal Angle" elements="17"/>
		<table name="Engine Speed" elements="20"/>
	</table>

	<table name="Requested Torque F (Accelerator Pedal)">
		<table name="Accelerator Pedal Angle" elements="17"/>
		<table name="Engine Speed" elements="20"/>
	</table>

	<table name="Requested Torque Base (RPM)" address="f8fc8">
		<table name="Engine Speed" address="f8fc0" elements="2"/>
	</table>

	<table name="Target Throttle Plate Position A (Requested Torque)" address="f9b30">
		<table name="Requested Torque" address="f9a2c" elements="53"/>
		<table name="Engine Speed" address="f9b00" elements="12"/>
	</table>

	<table name="Target Throttle Plate Position B (Requested Torque)">
		<table name="Requested Torque" elements="53"/>
		<table name="Engine Speed" elements="12"/>
	</table>

	<table name="Target Throttle Plate Position Maximum (Requested Torque)" address="f924c">
		<table name="Requested Torque" address="f912c" elements="53"/>
		<table name="Engine Speed" address="f9200" elements="19"/>
	</table>

	<table name="Rev Limit (Fuel Cut)" address="cd9ac">
	</table>

	<table name="Rev Limit Fuel Resume (MP)" address="cd9bc">
	</table>

	<table name="Speed Limiting Enable (Fuel Cut)" address="cd9c4">
	</table>

	<table name="Speed Limiting Disable (Fuel Cut)" address="cd9cc">
	</table>

	<table name="Speed Limiting A (Throttle)" address="f8e44">
	</table>

	<table name="Speed Limiting B (Throttle)" address="f8e50">
	</table>

	<table name="Fuel Temp Sensor Scaling">
		<table name="Fuel Temp Sensor"/>
	</table>

	<table name="Intake Temp Sensor Scaling" address="da76c">
		<table name="Intake Temp Sensor" address="da6f4"/>
	</table>

	<table name="Coolant Temp Sensor Scaling" address="da684">
		<table name="Coolant Temp Sensor" address="da614"/>
	</table>

	<table name="Oil Temp Sensor Scaling">
		<table name="Coolant Temp Sensor"/>
	</table>

	<table name="Radiator Fan Modes A (ECT)" address="dae8c">
	</table>

	<table name="Radiator Fan Modes B (ECT)" address="dae9c">
	</table>

	<table name="Radiator Fan Modes C (ECT)">
	</table>

	<table name="Radiator Fan Modes (Veh. Speed)" address="daeac">
	</table>

	<table name="Idle Speed Target A (MT)" address="d6ab4">
		<table name="Coolant Temperature" address="d6364"/>
	</table>

	<table name="Idle Speed Target B (MT)" address="d6ad4">
		<table name="Coolant Temperature" address="d6364"/>
	</table>

	<table name="Idle Speed Target C (MT)" address="d6b74">
		<table name="Coolant Temperature" address="d6364"/>
	</table>

	<table name="Idle Speed Target D (MT)" address="d6b34">
		<table name="Coolant Temperature" address="d6364"/>
	</table>

	<table name="Idle Speed Target E (MT)" address="d6b54">
		<table name="Coolant Temperature" address="d6364"/>
	</table>

	<table name="Checksum Fix" address="ffb80" level="4"/>

	<table name="Force Pass Readiness Monitors" address="89a80" level="4"/>

	<table name="(P0000) PASS CODE (NO DTC DETECTED)" address="7a153"/>

	<table name="(P0011) CAMSHAFT POS. - TIMING OVER-ADVANCED 1" address="7a135"/>

	<table name="(P0016) CRANKSHAFT/CAMSHAFT CORRELATION 1A" address="7a1b9"/>

	<table name="(P0018) CRANKSHAFT/CAMSHAFT CORRELATION 2A" address="7a1b8"/>

	<table name="(P0021) CAMSHAFT POS. - TIMING OVER-ADVANCED 2" address="7a136"/>

	<table name="(P0030) FRONT O2 SENSOR RANGE/PERF" address="7a176"/>

	<table name="(P0031) FRONT O2 SENSOR LOW INPUT" address="7a161"/>

	<table name="(P0032) FRONT O2 SENSOR HIGH INPUT" address="7a15f"/>

	<table name="(P0037) REAR O2 SENSOR LOW INPUT" address="7a160"/>

	<table name="(P0038) REAR O2 SENSOR HIGH INPUT" address="7a15e"/>

	<table name="(P0102) MAF SENSOR LOW INPUT" address="7a111"/>

	<table name="(P0103) MAF SENSOR HIGH INPUT" address="7a112"/>

	<table name="(P0107) MAP SENSOR LOW INPUT" address="7a162"/>

	<table name="(P0108) MAP SENSOR HIGH INPUT" address="7a163"/>

	<table name="(P0112) IAT SENSOR LOW INPUT" address="7a15b"/>

	<table name="(P0113) IAT SENSOR HIGH INPUT" address="7a15c"/>

	<table name="(P0117) COOLANT TEMP SENSOR LOW INPUT" address="7a11a"/>

	<table name="(P0118) COOLANT TEMP SENSOR HIGH INPUT" address="7a11b"/>

	<table name="(P0122) TPS A LOW INPUT" address="7a118"/>

	<table name="(P0123) TPS A HIGH INPUT" address="7a119"/>

	<table name="(P0125) INSUFFICIENT COOLANT TEMP (FUELING)" address="7a11d"/>

	<table name="(P0131) FRONT O2 SENSOR LOW INPUT" address="7a155"/>

	<table name="(P0132) FRONT O2 SENSOR HIGH INPUT" address="7a157"/>

	<table name="(P0133) FRONT O2 SENSOR SLOW RESPONSE" address="7a13f"/>

	<table name="(P0134) FRONT O2 SENSOR NO ACTIVITY" address="7a174"/>

	<table name="(P013A) O2 SENSOR SLOW RESPONSE RICH TO LEAN B1 S2" address="7a1f0"/>

	<table name="(P0140) REAR O2 SENSOR NO ACTIVITY" address="7a1b6"/>

	<table name="(P0171) SYSTEM TOO LEAN" address="7a149"/>

	<table name="(P0172) SYSTEM TOO RICH" address="7a14a"/>

	<table name="(P0197) OIL TEMP SENSOR LOW" address="7a19a"/>

	<table name="(P0198) OIL TEMP SENSOR HIGH" address="7a1a5"/>

	<table name="(P0222) TPS B LOW INPUT" address="7a17d"/>

	<table name="(P0223) TPS B HIGH INPUT" address="7a17e"/>

	<table name="(P0301) MISFIRE CYLINDER 1" address="7a14b"/>

	<table name="(P0302) MISFIRE CYLINDER 2" address="7a14c"/>

	<table name="(P0303) MISFIRE CYLINDER 3" address="7a14d"/>

	<table name="(P0304) MISFIRE CYLINDER 4" address="7a14e"/>

	<table name="(P0327) KNOCK SENSOR 1 LOW INPUT" address="7a116"/>

	<table name="(P0328) KNOCK SENSOR 1 HIGH INPUT" address="7a117"/>

	<table name="(P0335) CRANKSHAFT POS. SENSOR A MALFUNCTION" address="7a10c"/>

	<table name="(P0340) CAMSHAFT POS. SENSOR A MALFUNCTION" address="7a190"/>

	<table name="(P0345) CAMSHAFT POS. SENSOR A BANK 2" address="7a18f"/>

	<table name="(P0420) CAT EFFICIENCY BELOW THRESHOLD" address="7a145"/>

	<table name="(P0458) EVAP PURGE VALVE CIRCUIT LOW" address="7a139"/>

	<table name="(P0459) EVAP PURGE VALVE CIRCUIT HIGH" address="7a13a"/>

	<table name="(P0462) FUEL LEVEL SENSOR LOW INPUT" address="7a11e"/>

	<table name="(P0463) FUEL LEVEL SENSOR HIGH INPUT" address="7a11f"/>

	<table name="(P0500) VEHICLE SPEED SENSOR A" address="7a113"/>

	<table name="(P0512) STARTER REQUEST CIRCUIT" address="7a122"/>

	<table name="(P0562) SYSTEM VOLTAGE LOW" address="7a16b"/>

	<table name="(P0563) SYSTEM VOLTAGE HIGH" address="7a16c"/>

	<table name="(P0604) CONTROL MODULE RAM ERROR" address="7a110"/>

	<table name="(P0605) CONTROL MODULE ROM ERROR" address="7a191"/>

	<table name="(P0607) CONTROL MODULE PERFORMANCE" address="7a185"/>

	<table name="(P0638) THROTTLE ACTUATOR RANGE/PERF" address="7a184"/>

	<table name="(P0700) TRANSMISSION CONTROL SYSTEM" address="7a19d"/>

	<table name="(P0851) NEUTRAL SWITCH INPUT LOW" address="7a126"/>

	<table name="(P0852) NEUTRAL SWITCH INPUT HIGH" address="7a12a"/>

	<table name="(P1160) ABNORMAL RETURN SPRING" address="7a17f"/>

	<table name="(P1518) STARTER SWITCH LOW INPUT" address="7a121"/>

	<table name="(P1519) IMRC STUCK CLOSED" address="7a1be"/>

	<table name="(P1520) IMRC CIRCUIT MALFUNCTION" address="7a1bd"/>

	<table name="(P1560) BACK-UP VOLTAGE MALFUNCTION" address="7a16a"/>

	<table name="(P1616) SBDS INTERACTIVE CODES" address="7a1bc"/>

	<table name="(P2088) OCV SOLENOID A1 CIRCUIT OPEN" address="7a199"/>

	<table name="(P2089) OCV SOLENOID A1 CIRCUIT SHORT" address="7a198"/>

	<table name="(P2092) OCV SOLENOID A2 CIRCUIT OPEN" address="7a197"/>

	<table name="(P2093) OCV SOLENOID A2 CIRCUIT SHORT" address="7a196"/>

	<table name="(P2101) THROTTLE ACTUATOR CIRCUIT RANGE/PERF" address="7a182"/>

	<table name="(P2102) THROTTLE ACTUATOR CIRCUIT LOW" address="7a180"/>

	<table name="(P2103) THROTTLE ACTUATOR CIRCUIT HIGH" address="7a181"/>

	<table name="(P2109) TPS A MINIMUM STOP PERF" address="7a17c"/>

	<table name="(P2122) TPS D CIRCUIT LOW INPUT" address="7a189"/>

	<table name="(P2123) TPS D CIRCUIT HIGH INPUT" address="7a18a"/>

	<table name="(P2127) TPS E CIRCUIT LOW INPUT" address="7a187"/>

	<table name="(P2128) TPS E CIRCUIT HIGH INPUT" address="7a188"/>

	<table name="(P2135) TPS A/B VOLTAGE" address="7a18b"/>

	<table name="(P2138) TPS D/E VOLTAGE" address="7a186"/>

	<table name="(U0073) CAN COMMUNICATION BUS A OFF" address="7a1ce"/>

	<table name="(U0101) CAN LOST COMMUNICATION WITH TCM" address="7a1cb"/>

	<table name="(U0122) CAN LOST COMMUNICATION WITH VDC" address="7a1cd"/>

	<table name="(U0402) CAN INVALID DATA RECEIVED FROM TCM" address="7a1ca"/>

	<table name="(U0416) CAN INVALID DATA RECEIVED FROM VDC" address="7a1cc"/>

</rom>
