<rom>
  <romid>
    <xmlid>A2UG000J</xmlid>
    <internalidaddress>2000</internalidaddress>
    <internalidstring>A2UG000J</internalidstring>
    <ecuid>4D12784006</ecuid>
    <year>07</year>
    <market>USDM</market>
    <make>Subaru</make>
    <model>Impreza</model>
    <submodel>STi</submodel>
    <transmission>MT</transmission>
    <memmodel>SH7058</memmodel>
    <flashmethod>sti05</flashmethod>
    <checksummodule>subarudbw</checksummodule>
  </romid>
  <include>32BITBASE</include>

  <!-- OverRun Fueling Scalings & Tables -->
  
  <table name="Overrun Fueling RPM Resume Threshold" address="CA2C8">
    <table name="X" address="C8E1C"/>
  </table>
    
  <table name="Overrun Enrich RPM Delta Activation" address="C8C90"/>

  <table name="Overrun initial injector enrichment (pulsewidth)" address="C8C94"/>
  
  <table name="Overrun Fueling Cut Counter RPM Threshold" address="C8CDC"/>

    <!-- A/F #1 Learning Min/Max Thresholds -->
	
	<table name="A/F #1 Learning Max Threshold" address="C89D8"/>
	<table name="A/F #1 Learning Min Threshold" address="C89C8"/>
	
  <table name="Target Boost (KCA Additive B Low)" address="c0f84">
    <table name="X" address="c0f2c" />
    <table name="Y" address="c0f4c" elements="14" />
  </table>
  <table name="Target Boost (KCA Additive B High)" address="c10ec">
    <table name="X" address="c1094" />
    <table name="Y" address="c10b4" elements="14" />
  </table>
  <table name="Target Boost (KCA Alternate Mode)" address="c0e34">
    <table name="X" address="c0ddc" />
    <table name="Y" address="c0dfc" elements="14" />
  </table>
  <table name="Target Boost Compensation (ECT)" address="c07ec">
    <table name="Y" address="c0644" />
  </table>
  <table name="Target Boost Compensation (1st Gear)" address="c063c" />
  <table name="Target Boost Compensation (1st Gear) Speed Disable" address="c0638" />
  <table name="Target Boost Compensation (IAT)" address="c083c">
    <table name="Y" address="c07fc" />
  </table>
  <table name="Target Boost Compensation (Atm. Pressure)" address="c0860">
    <table name="Y" address="c084c" />
  </table>
  <table name="Boost Limit (Fuel Cut)" address="ca300">
    <table name="Y" address="ca2e8" />
  </table>
  <table name="Boost Control Disable (IAM)" address="c062c" />
  <table name="Boost Control Disable (Fine Correction)" address="c0628" />
  <table name="Boost Control Disable Delay (Fine Correction)" address="c05bd" />
  <table name="Initial Wastegate Duty (KCA Additive B Low)" address="c0c3c">
    <table name="X" address="c0bf4" />
    <table name="Y" address="c0c14" elements="10" />
  </table>
  <table name="Initial Wastegate Duty (KCA Additive B High)" address="c0d3c">
    <table name="X" address="c0cf4" />
    <table name="Y" address="c0d14" elements="10" />
  </table>
  <table name="Initial Wastegate Duty (KCA Alternate Mode)" address="c0b3c">
    <table name="X" address="c0af4" />
    <table name="Y" address="c0b14" elements="10" />
  </table>
  <table name="Max Wastegate Duty" address="c0a3c">
    <table name="X" address="c09f4" />
    <table name="Y" address="c0a14" elements="10" />
  </table>
  <table name="Max Wastegate Duty Limit Post-Compensation" address="171bc" />
  <table name="Initial/Max Wastegate Duty Compensation (IAT)" address="c06d0">
    <table name="Y" address="c0690" />
  </table>
  <table name="Initial/Max Wastegate Duty Compensation (ECT)" address="c0790">
    <table name="Y" address="c0644" />
  </table>
  <table name="Initial/Max Wastegate Duty Compensation (Atm. Pressure)" address="c09c4">
    <table name="X" address="c099c" />
    <table name="Y" address="c09b4" />
  </table>
  <table name="Turbo Dynamics Proportional" address="c088c">
    <table name="Y" address="c0868" />
  </table>
  <table name="Turbo Dynamics Integral Positive" address="c08fc">
    <table name="Y" address="c08d8" />
  </table>
  <table name="Turbo Dynamics Integral Negative" address="c08c4">
    <table name="Y" address="c08a0" />
  </table>
  <table name="TD Proportional Compensation (IAT)" address="c07b0">
    <table name="Y" address="c07a0" />
  </table>
  <table name="TD Integral Positive Compensation (IAT)" address="c07d8">
    <table name="Y" address="c07c8" />
  </table>
  <table name="TD Integral Negative Compensation (IAT)" address="c07c4">
    <table name="Y" address="c07b4" />
  </table>
  <table name="TD Activation Thresholds (RPM)" address="c0610" />
  <table name="TD Activation Thresholds (Target Boost)" address="c05ec" />
  <table name="TD Integral Cumulative Range (WGDC Correction)" address="c0618" />
  <table name="TD Integral Negative Activation (Boost Error)" address="c05f8" />
  <table name="TD Integral Positive Activation (Boost Error)" address="c0600" />
  <table name="TD Integral Positive Activation (Wastegate Duty)" address="c0604" />
  <table name="Manifold Pressure Sensor Scaling" address="c028c" />
  <table name="Manifold Pressure Sensor Limits (CEL)" address="d1022" />
  <table name="Manifold Pressure Sensor CEL Delays" address="c3805" />
  <table name="Primary Open Loop Fueling (KCA Additive B Low)" address="ca98c">
    <table name="X" address="ca8f8" elements="19" />
    <table name="Y" address="ca944" />
  </table>
  <table name="Primary Open Loop Fueling (KCA Additive B High)" address="cab78">
    <table name="X" address="caae4" elements="19" />
    <table name="Y" address="cab30" />
  </table>
  <table name="Primary Open Loop Fueling (Failsafe)(KCA Additive B Low)" address="cad64">
    <table name="X" address="cacd0" elements="19" />
    <table name="Y" address="cad1c" />
  </table>
  <table name="Primary Open Loop Fueling (Failsafe)(KCA Additive B High)" address="caf50">
    <table name="X" address="caebc" elements="19" />
    <table name="Y" address="caf08" />
  </table>
  <table name="Primary Open Loop Fueling (KCA Alternate Mode)" address="cb13c">
    <table name="X" address="cb0a8" elements="19" />
    <table name="Y" address="cb0f4" />
  </table>
  <table name="Primary Open Loop Fueling (Failsafe)(KCA Alternate Mode)" address="cb328">
    <table name="X" address="cb294" elements="19" />
    <table name="Y" address="cb2e0" />
  </table>
  <table name="Primary Open Loop Fuel Map Switch (IAM)" address="c8a34" />
  <table name="Minimum Active Primary Open Loop Enrichment" address="c8a38" />
  <table name="Minimum Primary Open Loop Enrichment (Throttle)" address="c91f4">
    <table name="Y" address="c91dc" />
  </table>
  <table name="Minimum Primary Open Loop Enrichment (Accelerator)" address="c9214">
    <table name="Y" address="c91fc" />
  </table>
  <table name="Primary Open Loop Fueling Compensation (ECT)" address="c9d14">
    <table name="Y" address="c8e1c" />
  </table>
  <table name="Primary Open Loop Fueling Compensation (Timing Compensation)" address="c9184">
    <table name="Y" address="c916c" />
  </table>
  <table name="Front Oxygen Sensor Scaling" address="d1594">
    <table name="Y" address="d1560" />
  </table>
  <table name="Front Oxygen Sensor Rich Limit" address="21438" />
  <table name="Front Oxygen Sensor Compensation (Atm. Pressure)" address="c2e5c">
    <table name="Y" address="c2e4c" />
  </table>
  <table name="CL Fueling Target Compensation A (Load)" address="cc13c">
    <table name="X" address="cc0e8" />
    <table name="Y" address="cc114" />
  </table>
  <table name="CL Fueling Target Compensation B (Load)" address="cc26c">
    <table name="X" address="cc218" />
    <table name="Y" address="cc244" elements="10" />
  </table>
  <table name="CL Fueling Target Compensation Imm. Cruise (ECT)" address="cbd50">
    <table name="X" address="c8e1c" />
    <table name="Y" address="cbd44" />
  </table>
  <table name="CL Fueling Target Compensation Imm. Non-Cruise (ECT)" address="cbe28">
    <table name="X" address="c8e1c" />
    <table name="Y" address="cbe1c" />
  </table>
  <table name="CL to OL Delay" address="c86f2">
    <table name="Y" elements="2" />
  </table>
  <table name="CL to OL Transition with Delay (Throttle)" address="c91cc">
    <table name="Y" address="c918c" />
  </table>
  <table name="CL to OL Transition with Delay Throttle Hysteresis" address="c8a3c" />
  <table name="CL to OL Transition with Delay (Base Pulse Width)" address="c9c40">
    <table name="Y" address="c9c00" />
  </table>
  <table name="CL to OL Transition with Delay BPW Hysteresis" address="c8a40" />
  <table name="CL to OL Transition Counter Step Value (MAF)" address="c9c88">
    <table name="Y" address="c9c60" />
  </table>
  <table name="CL Delay Maximum (Throttle)" address="c8ab8" />
  <table name="CL Delay Maximum (Vehicle Speed)" address="c8abc" />
  <table name="CL Delay Minimum (ECT)" address="c8a44" />
  <table name="CL Delay Maximum (Engine Load)" address="c8acc" />
  <table name="CL Delay Engine Load Counter Threshold" address="c86ec" />
  <table name="CL Delay Maximum Engine Speed (Per Gear)" address="c8a48" />
  <table name="CL Delay Maximum Engine Speed (Neutral)" address="c8a98" />
  <table name="Injector Latency" address="c9524">
    <table name="Y" address="c9510" />
  </table>
  <table name="Injector Flow Scaling" address="c87fc" />
  <table name="Per Injector Pulse Width Compensation A" address="cb504">
    <table name="X" address="cb480" />
    <table name="Y" address="cb4c4" />
  </table>
  <table name="Per Injector Pulse Width Compensation B" address="cb698">
    <table name="X" address="cb614" />
    <table name="Y" address="cb658" />
  </table>
  <table name="Per Injector Pulse Width Compensation C" address="cb82c">
    <table name="X" address="cb7a8" />
    <table name="Y" address="cb7ec" />
  </table>
  <table name="Per Injector Pulse Width Compensation D" address="cb9c0">
    <table name="X" address="cb93c" />
    <table name="Y" address="cb980" />
  </table>
  <table name="Cranking Fuel Injector Pulse Width A (ECT)" address="c944e">
    <table name="Y" address="c8e1c" />
  </table>
  <table name="Cranking Fuel Injector Pulse Width B (ECT)" address="c946e">
    <table name="Y" address="c8e1c" />
  </table>
  <table name="Cranking Fuel Injector Pulse Width C (ECT)" address="c948e">
    <table name="Y" address="c8e1c" />
  </table>
  <table name="Cranking Fuel Injector Pulse Width D (ECT)" address="c94ae">
    <table name="Y" address="c8e1c" />
  </table>
  <table name="Cranking Fuel Injector Pulse Width E (ECT)" address="c94ce">
    <table name="Y" address="c8e1c" />
  </table>
  <table name="Cranking Fuel Injector Pulse Width F (ECT)" address="c94ee">
    <table name="Y" address="c8e1c" />
  </table>
  <table name="Cranking Fuel IPW Compensation Imm. Cruise (RPM)" address="ca5ac">
    <table name="X" address="ca57c" />
    <table name="Y" address="ca590" />
  </table>
  <table name="Cranking Fuel IPW Compensation Imm. Non-Cruise (RPM)" address="ca614">
    <table name="X" address="ca5e4" />
    <table name="Y" address="ca5f8" />
  </table>
  <table name="Cranking Fuel IPW Compensation (Accelerator)" address="c8f50">
    <table name="Y" address="c8f38" />
  </table>
  <table name="Throttle Tip-in Enrichment" address="ca254">
    <table name="Y" address="ca20c" />
  </table>
  <table name="Minimum Tip-in Enrichment Activation" address="c8ca0" />
  <table name="Minimum Tip-in Enrichment Activation (Throttle)" address="c8c98" />
  <table name="Tip-in Enrichment Compensation (Boost Error)" address="c9324">
    <table name="Y" address="c9300" />
  </table>
  <table name="Tip-in Enrichment Compensation (ECT)" address="ca278">
    <table name="Y" address="c8e1c" />
  </table>
  <table name="Tip-in Enrichment Disable Applied Counter Threshold" address="c86a5" />
  <table name="Tip-in Enrichment Applied Counter Reset" address="c86a6" />
  <table name="Tip-in Enrichment Disable Throttle Cumulative Threshold" address="c8c9c" />
  <table name="Tip-in Throttle Cumulative Reset" address="c86a7" />
  <table name="Min Primary Base Enrichment 1 Cruise" address="ca76c">
    <table name="X" address="c8e1c" />
    <table name="Y" address="ca748" elements="9" />
  </table>
  <table name="Min Primary Base Enrichment 1 Non-Cruise" address="ca6c8">
    <table name="X" address="c8e1c" />
    <table name="Y" address="ca6a8" />
  </table>
  <table name="Min Primary Base Enrichment 1 (Non-Primary OL)" address="ca830">
    <table name="X" address="ca7fc" />
    <table name="Y" address="ca824" />
  </table>
  <table name="Min Primary Base Enrich 2 Initial Start 1A" address="c95ae">
    <table name="Y" address="c8e1c" />
  </table>
  <table name="Min Primary Base Enrich 2 Initial Start 1B" address="c95ee">
    <table name="Y" address="c8e1c" />
  </table>
  <table name="Min Primary Base Enrich 2 Initial Start 2A" address="c95ce">
    <table name="Y" address="c8e1c" />
  </table>
  <table name="Min Primary Base Enrich 2 Initial Start 2B" address="c960e">
    <table name="Y" address="c8e1c" />
  </table>
  <table name="Min Primary Base Enrich 2 Decay Step 1" address="c962e">
    <table name="Y" address="c8e1c" />
  </table>
  <table name="Min Primary Base Enrich 2 Decay Step 2" address="c964e">
    <table name="Y" address="c8e1c" />
  </table>
  <table name="Min Primary Base Enrich 3 Initial Start 1A" address="c952e">
    <table name="Y" address="c8e1c" />
  </table>
  <table name="Min Primary Base Enrich 3 Initial Start 1B" address="c954e">
    <table name="Y" address="c8e1c" />
  </table>
  <table name="Min Primary Base Enrich 3 Initial Start 2A" address="c956e">
    <table name="Y" address="c8e1c" />
  </table>
  <table name="Min Primary Base Enrich 3 Initial Start 2B" address="c958e">
    <table name="Y" address="c8e1c" />
  </table>
  <table name="Min Primary Base Enrich 3 Decay Delay A" address="c8f66">
    <table name="Y" address="c8e1c" />
  </table>
  <table name="Min Primary Base Enrich 3 Decay Delay B" address="c8f76">
    <table name="Y" address="c8e1c" />
  </table>
  <table name="Min Primary Base Enrich 3 Decay Multiplier" address="c8800" />
  <table name="A/F Learning #1 Limits" address="c89bc" />
  <table name="A/F Learning #1 Airflow Ranges" address="c89cc" />
  <table name="MAF Limit (Maximum)" address="c2990" />
  <table name="MAF Sensor Scaling" address="d1484">
    <table name="Y" address="d13a8" elements="55" />
  </table>
  <table name="MAF Compensation (IAT)" address="c3134">
    <table name="X" address="c3100" />
    <table name="Y" address="c3114" />
  </table>
  <table name="Engine Load Limit (Maximum)" address="1fbd0" />
  <table name="Engine Load Compensation (MP)" address="c31b8">
    <table name="X" address="c315c" />
    <table name="Y" address="c3188" elements="12" />
  </table>
  <table name="Base Timing Primary Cruise" address="cdc78">
    <table name="X" address="cdbe4" elements="19" />
    <table name="Y" address="cdc30" />
  </table>
  <table name="Base Timing Reference Cruise (AVCS related)" address="ce050">
    <table name="X" address="cdfbc" elements="19" />
    <table name="Y" address="ce008" />
  </table>
  <table name="Base Timing Primary Non-Cruise" address="cde64">
    <table name="X" address="cddd0" elements="19" />
    <table name="Y" address="cde1c" />
  </table>
  <table name="Base Timing Reference Non-Cruise (AVCS related)" address="ce23c">
    <table name="X" address="ce1a8" elements="19" />
    <table name="Y" address="ce1f4" />
  </table>
  <table name="Base Timing Idle A (In-Gear)" address="cd1cd">
    <table name="Y" address="cd00c" />
  </table>
  <table name="Base Timing Idle B (In-Gear)" address="cd1dd">
    <table name="Y" address="cd00c" />
  </table>
  <table name="Base Timing Idle A (Neutral)" address="cd1ed">
    <table name="Y" address="cd00c" />
  </table>
  <table name="Base Timing Idle B (Neutral)" address="cd1fd">
    <table name="Y" address="cd00c" />
  </table>
  <table name="Base Timing Idle Minimum" address="cd1c4">
    <table name="Y" address="cd1a0" />
  </table>
  <table name="Base Timing Idle Minimum Vehicle Speed Enable" address="cccc4" />
  <table name="Knock Correction Advance Max Additive A (Knock Conditions)(IAM)" address="ce8c8">
    <table name="X" address="ce834" elements="19" />
    <table name="Y" address="ce880" />
  </table>
  <table name="Knock Correction Advance Max Additive B (Knock Conditions)" address="ceab4">
    <table name="X" address="cea20" elements="19" />
    <table name="Y" address="cea6c" />
  </table>
  <table name="Knock Correction Advance Max Primary Cruise (IAM)" address="cee8c">
    <table name="X" address="cedf8" elements="19" />
    <table name="Y" address="cee44" />
  </table>
  <table name="Knock Correction Advance Max Primary Non-Cruise (IAM)" address="ceca0">
    <table name="X" address="cec0c" elements="19" />
    <table name="Y" address="cec58" />
  </table>
  <table name="Knock Correction Advance Alternate Mode" address="ccb9c" />
  <table name="Knock Correction Advance Additive Range (RPM)" address="ccf14" />
  <table name="Timing Compensation A (IAT)" address="cd280">
    <table name="Y" address="cd240" />
  </table>
  <table name="Timing Compensation A (IAT) Activation" address="ce3d4">
    <table name="X" address="ce394" />
    <table name="Y" address="ce3b4" />
  </table>
  <table name="Timing Compensation B (IAT)" address="cd558">
    <table name="Y" address="cd518" />
  </table>
  <table name="Timing Compensation B (IAT) IAM Activation" address="cce28" />
  <table name="Timing Compensation B (IAT) Max Additive" address="cce0c" />
  <table name="Timing Compensation (ECT)" address="cd22d">
    <table name="Y" address="cd00c" />
  </table>
  <table name="Timing Compensation (MRP)" address="ce604">
    <table name="X" address="ce5e4" />
    <table name="Y" address="ce5f8" />
  </table>
  <table name="Timing Compensation Per Cylinder A" address="ce65c">
    <table name="X" address="ce614" />
    <table name="Y" address="ce64c" />
  </table>
  <table name="Timing Compensation Per Cylinder B" address="ce6dc">
    <table name="X" address="ce694" />
    <table name="Y" address="ce6cc" />
  </table>
  <table name="Timing Compensation Per Cylinder C" address="ce75c">
    <table name="X" address="ce714" />
    <table name="Y" address="ce74c" />
  </table>
  <table name="Timing Compensation Per Cylinder D" address="ce7dc">
    <table name="X" address="ce794" />
    <table name="Y" address="ce7cc" />
  </table>
  <table name="Timing Comp Minimum Load (Per Cylinder)" address="cce30" />
  <table name="Timing Comp Maximum RPM (Per Cylinder)" address="cce2c" />
  <table name="Timing Comp Minimum Coolant Temp (Per Cylinder)" address="cce34" />
  <table name="Feedback Correction Range (RPM)" address="cce40" />
  <table name="Feedback Correction Minimum Load" address="cce38" />
  <table name="Feedback Correction Retard Value" address="cce60" />
  <table name="Feedback Correction Retard Limit" address="cce5c" />
  <table name="Feedback Correction Negative Advance Value" address="cce64" />
  <table name="Feedback Correction Negative Advance Delay" address="ccbca" />
  <table name="Extended Feedback Correction High RPM Compensation" address="cce6c" />
  <table name="Fine Correction Minimum (RPM)" address="cce7c" />
  <table name="Fine Correction Maximum (RPM)" address="ccfc8" />
  <table name="Fine Correction Range (Load)" address="ccfd0" />
  <table name="Fine Correction Rows (RPM)" address="ccf94" />
  <table name="Fine Correction Columns (Load)" address="ccf84" />
  <table name="Fine Correction Retard Value" address="ccfc4" />
  <table name="Fine Correction Retard Limit" address="ccfc0" />
  <table name="Fine Correction Advance Value" address="ccfbc" />
  <table name="Fine Correction Advance Limit" address="ccfb8" />
  <table name="Fine Correction Advance Delay" address="ccbda" />
  <table name="Rough Correction Range (RPM)" address="ccf34" />
  <table name="Rough Correction Range (Load)" address="ccf44" />
  <table name="Rough Correction Minimum KC Advance Map Value" address="ccf54" />
  <table name="Rough Correction Learning Delay (Increasing)" address="cd590">
    <table name="Y" address="cd568" />
  </table>
  <table name="Advance Multiplier (Initial)" address="ccf58" />
  <table name="Advance Multiplier Step Value" address="ccf5c" />
  <table name="Intake Cam Advance Angle Cruise (AVCS)" address="d3094">
    <table name="X" address="d3000" elements="19" />
    <table name="Y" address="d304c" />
  </table>
  <table name="Intake Cam Advance Angle Non-Cruise (AVCS)" address="d33d4">
    <table name="X" address="d3340" elements="19" />
    <table name="Y" address="d338c" />
  </table>
  <table name="Requested Torque A (Accelerator Pedal)" address="dc684">
    <table name="X" address="dc600" />
    <table name="Y" address="dc63c" elements="18" />
  </table>
  <table name="Requested Torque B (Accelerator Pedal)" address="dc924">
    <table name="X" address="dc8a0" />
    <table name="Y" address="dc8dc" elements="18" />
  </table>
  <table name="Requested Torque C (Accelerator Pedal)" address="dcbc4">
    <table name="X" address="dcb40" />
    <table name="Y" address="dcb7c" elements="18" />
  </table>
  <table name="Target Throttle Plate Position Cruise (Requested Torque)" address="dbe30">
    <table name="X" address="dbda8" elements="18" />
    <table name="Y" address="dbdf0" />
  </table>
  <table name="Target Throttle Plate Position Non-Cruise (Requested Torque)" address="dc0f8">
    <table name="X" address="dc070" elements="18" />
    <table name="Y" address="dc0b8" />
  </table>
  <table name="Target Throttle Plate Position Maximum (Requested Torque)" address="dc3c0">
    <table name="X" address="dc338" elements="18" />
    <table name="Y" address="dc380" />
  </table>
  <table name="Rev Limit (Fuel Cut)" address="c8cf0" />
  <table name="Rev Limit Fuel Resume (Boost)" address="c8cf8" />
  <table name="Speed Limiting Enable (Fuel Cut)" address="c8d40" />
  <table name="Speed Limiting Disable (Fuel Cut)" address="c8d4c" />
  <table name="Speed Limiting (Throttle)" address="db840" />
  <table name="Fuel Temp Sensor Scaling" address="d1330">
    <table name="Y" address="d12b8" />
  </table>
  <table name="Intake Temp Sensor Scaling" address="96434">
    <table name="Y" address="963bc" />
  </table>
  <table name="Coolant Temp Sensor Scaling" address="9634c">
    <table name="Y" address="962dc" />
  </table>
  <table name="Radiator Fan Modes A (ECT)" address="d1d20" />
  <table name="Radiator Fan Modes B (ECT)" address="d1d30" />
  <table name="Radiator Fan Modes (Veh. Speed)" address="d1d40" />
  <table name="Gear Determination Thresholds" address="c2b78" />
  <table name="Idle Speed Target A" address="cfb80">
    <table name="Y" address="cf69c" />
  </table>
  <table name="Idle Speed Target B" address="cfbc0">
    <table name="Y" address="cf69c" />
  </table>
  <table name="Idle Speed Target C" address="cfc00">
    <table name="Y" address="cf69c" />
  </table>
  <table name="Force Pass Readiness Monitors" address="8f8ca" />
  <table name="(P0000) PASS CODE (NO DTC DETECTED)" address="84c55" />
  <table name="(P0000) PASS CODE (NO DTC DETECTED)_" address="84c56" />
  <table name="(P0011) CAMSHAFT POS. - TIMING OVER-ADVANCED 1" address="84c39" />
  <table name="(P0016) CRANKSHAFT/CAMSHAFT CORRELATION 1A" address="84cd5" />
  <table name="(P0018) CRANKSHAFT/CAMSHAFT CORRELATION 2A" address="84cd4" />
  <table name="(P0021) CAMSHAFT POS. - TIMING OVER-ADVANCED 2" address="84c3a" />
  <table name="(P0030) FRONT O2 SENSOR RANGE/PERF" address="84c83" />
  <table name="(P0031) FRONT O2 SENSOR LOW INPUT" address="84c64" />
  <table name="(P0032) FRONT O2 SENSOR HIGH INPUT" address="84c62" />
  <table name="(P0037) REAR O2 SENSOR LOW INPUT" address="84c63" />
  <table name="(P0038) REAR O2 SENSOR HIGH INPUT" address="84c61" />
  <table name="(P0068) MAP SENSOR RANGE/PERF" address="84c7d" />
  <table name="(P0101) MAF SENSOR RANGE/PERF" address="84c7f" />
  <table name="(P0102) MAF SENSOR LOW INPUT" address="84c11" />
  <table name="(P0103) MAF SENSOR HIGH INPUT" address="84c12" />
  <table name="(P0107) MAP SENSOR LOW INPUT" address="84c65" />
  <table name="(P0108) MAP SENSOR HIGH INPUT" address="84c66" />
  <table name="(P0111) IAT SENSOR RANGE/PERF" address="84c60" />
  <table name="(P0112) IAT SENSOR LOW INPUT" address="84c5e" />
  <table name="(P0113) IAT SENSOR HIGH INPUT" address="84c5f" />
  <table name="(P0117) COOLANT TEMP SENSOR LOW INPUT" address="84c1a" />
  <table name="(P0118) COOLANT TEMP SENSOR HIGH INPUT" address="84c1b" />
  <table name="(P0122) TPS A LOW INPUT" address="84c18" />
  <table name="(P0123) TPS A HIGH INPUT" address="84c19" />
  <table name="(P0125) INSUFFICIENT COOLANT TEMP (FUELING)" address="84c1d" />
  <table name="(P0126) INSUFFICIENT COOLANT TEMP (OPERATION)" address="84cbc" />
  <table name="(P0128) THERMOSTAT MALFUNCTION" address="84c6b" />
  <table name="(P0131) FRONT O2 SENSOR LOW INPUT" address="84c58" />
  <table name="(P0132) FRONT O2 SENSOR HIGH INPUT" address="84c5a" />
  <table name="(P0133) FRONT O2 SENSOR SLOW RESPONSE" address="84c42" />
  <table name="(P0134) FRONT O2 SENSOR NO ACTIVITY" address="84c81" />
  <table name="(P0137) REAR O2 SENSOR LOW VOLTAGE" address="84c57" />
  <table name="(P0138) REAR O2 SENSOR HIGH VOLTAGE" address="84c5c" />
  <table name="(P0139) REAR O2 SENSOR SLOW RESPONSE" address="84c43" />
  <table name="(P0140) REAR O2 SENSOR NO ACTIVITY" address="84ccf" />
  <table name="(P0171) SYSTEM TOO LEAN" address="84c4c" />
  <table name="(P0172) SYSTEM TOO RICH" address="84c4d" />
  <table name="(P0181) FUEL TEMP SENSOR A RANGE/PERF" address="84c2a" />
  <table name="(P0182) FUEL TEMP SENSOR A LOW INPUT" address="84c28" />
  <table name="(P0183) FUEL TEMP SENSOR A HIGH INPUT" address="84c29" />
  <table name="(P0222) TPS B LOW INPUT" address="84c8b" />
  <table name="(P0223) TPS B HIGH INPUT" address="84c8c" />
  <table name="(P0230) FUEL PUMP PRIMARY CIRCUIT" address="84c7c" />
  <table name="(P0244) WASTEGATE SOLENOID A RANGE/PERF" address="84c72" />
  <table name="(P0245) WASTEGATE SOLENOID A LOW" address="84c70" />
  <table name="(P0246) WASTEGATE SOLENOID A HIGH" address="84c71" />
  <table name="(P0301) MISFIRE CYLINDER 1" address="84c4e" />
  <table name="(P0302) MISFIRE CYLINDER 2" address="84c4f" />
  <table name="(P0303) MISFIRE CYLINDER 3" address="84c50" />
  <table name="(P0304) MISFIRE CYLINDER 4" address="84c51" />
  <table name="(P0327) KNOCK SENSOR 1 LOW INPUT" address="84c16" />
  <table name="(P0328) KNOCK SENSOR 1 HIGH INPUT" address="84c17" />
  <table name="(P0335) CRANKSHAFT POS. SENSOR A MALFUNCTION" address="84c0c" />
  <table name="(P0336) CRANKSHAFT POS. SENSOR A RANGE/PERF" address="84c0d" />
  <table name="(P0340) CAMSHAFT POS. SENSOR A MALFUNCTION_" address="84c9f" />
  <table name="(P0345) CAMSHAFT POS. SENSOR A BANK 2" address="84c9e" />
  <table name="(P0410) SECONDARY AIR PUMP SYSTEM" address="84cc9" />
  <table name="(P0411) SECONDARY AIR PUMP INCORRECT FLOW" address="84cc8" />
  <table name="(P0413) SECONDARY AIR PUMP A OPEN" address="84ccd" />
  <table name="(P0414) SECONDARY AIR PUMP A SHORTED" address="84cd2" />
  <table name="(P0418) SECONDARY AIR PUMP RELAY A" address="84cce" />
  <table name="(P0420) CAT EFFICIENCY BELOW THRESHOLD" address="84c48" />
  <table name="(P0441) EVAP INCORRECT PURGE FLOW" address="84cdd" />
  <table name="(P0442) EVAP LEAK DETECTED (SMALL)" address="84c49" />
  <table name="(P0447) EVAP VENT CONTROL CIRCUIT OPEN" address="84c40" />
  <table name="(P0448) EVAP VENT CONTROL CIRCUIT SHORTED" address="84c41" />
  <table name="(P0451) EVAP PRESSURE SENSOR RANGE/PERF" address="84c26" />
  <table name="(P0452) EVAP PRESSURE SENSOR LOW INPUT" address="84c24" />
  <table name="(P0453) EVAP PRESSURE SENSOR HIGH INPUT" address="84c25" />
  <table name="(P0456) EVAP LEAK DETECTED (VERY SMALL)" address="84c4a" />
  <table name="(P0457) EVAP LEAK DETECTED (FUEL CAP)" address="84c54" />
  <table name="(P0458) EVAP PURGE VALVE CIRCUIT LOW" address="84c3d" />
  <table name="(P0459) EVAP PURGE VALVE CIRCUIT HIGH" address="84c3e" />
  <table name="(P0461) FUEL LEVEL SENSOR RANGE/PERF" address="84c20" />
  <table name="(P0462) FUEL LEVEL SENSOR LOW INPUT" address="84c1e" />
  <table name="(P0463) FUEL LEVEL SENSOR HIGH INPUT" address="84c1f" />
  <table name="(P0464) FUEL LEVEL SENSOR INTERMITTENT" address="84c1c" />
  <table name="(P0483) RADIATOR FAN RATIONALITY CHECK" address="84c38" />
  <table name="(P0502) VEHICLE SPEED SENSOR LOW INPUT" address="84c7b" />
  <table name="(P0503) VEHICLE SPEED SENSOR INTERMITTENT" address="84c84" />
  <table name="(P0506) IDLE CONTROL RPM LOWER THAN EXPECTED" address="84c34" />
  <table name="(P0507) IDLE CONTROL RPM HIGH THAN EXPECTED" address="84c35" />
  <table name="(P0512) STARTER REQUEST CIRCUIT" address="84c23" />
  <table name="(P0519) IDLE CONTROL MALFUNCTION (FAIL-SAFE)" address="84c7e" />
  <table name="(P0604) CONTROL MODULE RAM ERROR" address="84c10" />
  <table name="(P0605) CONTROL MODULE ROM ERROR" address="84ca0" />
  <table name="(P0607) CONTROL MODULE PERFORMANCE" address="84c93" />
  <table name="(P0638) THROTTLE ACTUATOR RANGE/PERF" address="84c92" />
  <table name="(P0691) RADIATOR FAN CIRCUIT LOW" address="84c36" />
  <table name="(P0692) RADIATOR FAN CIRCUIT HIGH" address="84c37" />
  <table name="(P0851) NEUTRAL SWITCH INPUT LOW" address="84c27" />
  <table name="(P0852) NEUTRAL SWITCH INPUT HIGH" address="84c2b" />
  <table name="(P1152) FRONT O2 SENSOR RANGE/PERF LOW B1 S1" address="84c44" />
  <table name="(P1153) FRONT O2 SENSOR RANGE/PERF HIGH B1 S1" address="84c45" />
  <table name="(P1160) ABNORMAL RETURN SPRING" address="84c8d" />
  <table name="(P1400) FUEL TANK PRESSURE SOL. LOW" address="84c3b" />
  <table name="(P1410) SECONDARY AIR PUMP VALVE STUCK OPEN" address="84cd6" />
  <table name="(P1418) SECONDARY AIR PUMP CIRCUIT SHORTED" address="84cd3" />
  <table name="(P1420) FUEL TANK PRESSURE SOL. HIGH INPUT" address="84c3c" />
  <table name="(P1443) VENT CONTROL SOLENOID FUNCTION PROBLEM" address="84c3f" />
  <table name="(P1491) PCV (BLOWBY) FUNCTION PROBLEM" address="84c6c" />
  <table name="(P1518) STARTER SWITCH LOW INPUT" address="84c22" />
  <table name="(P1560) BACK-UP VOLTAGE MALFUNCTION" address="84c6d" />
  <table name="(P1602) CONTROL MODULE PROGRAMMING ERROR" address="84cd1" />
  <table name="(P2004) TGV - INTAKE MANIFOLD RUNNER 1 STUCK OPEN" address="84cb7" />
  <table name="(P2005) TGV - INTAKE MANIFOLD RUNNER 2 STUCK OPEN" address="84cb9" />
  <table name="(P2006) TGV - INTAKE MANIFOLD RUNNER 1 STUCK CLOSED" address="84cb8" />
  <table name="(P2007) TGV - INTAKE MANIFOLD RUNNER 2 STUCK CLOSED" address="84cba" />
  <table name="(P2008) TGV - INTAKE MANIFOLD RUNNER 1 CIRCUIT OPEN" address="84cc5" />
  <table name="(P2009) TGV - INTAKE MANIFOLD RUNNER 1 CIRCUIT LOW" address="84cc3" />
  <table name="(P2011) TGV - INTAKE MANIFOLD RUNNER 2 CIRCUIT OPEN" address="84cc6" />
  <table name="(P2012) TGV - INTAKE MANIFOLD RUNNER 2 CIRCUIT LOW" address="84cc4" />
  <table name="(P2016) TGV - INTAKE MANIFOLD RUNNER 1 POS. SENSOR LOW" address="84cbf" />
  <table name="(P2017) TGV - INTAKE MANIFOLD RUNNER 1 POS. SENSOR HIGH" address="84cc0" />
  <table name="(P2021) TGV - INTAKE MANIFOLD RUNNER 2 POS. SENSOR LOW" address="84cc1" />
  <table name="(P2022) TGV - INTAKE MANIFOLD RUNNER 2 POS. SENSOR HIGH" address="84cc2" />
  <table name="(P2088) OCV SOLENOID A1 CIRCUIT OPEN" address="84ca8" />
  <table name="(P2089) OCV SOLENOID A1 CIRCUIT SHORT" address="84ca7" />
  <table name="(P2092) OCV SOLENOID A2 CIRCUIT OPEN" address="84ca6" />
  <table name="(P2093) OCV SOLENOID A2 CIRCUIT SHORT" address="84ca5" />
  <table name="(P2096) POST CATALYST TOO LEAN B1" address="84c91" />
  <table name="(P2097) POST CATALYST TOO RICH B1" address="84c9a" />
  <table name="(P2101) THROTTLE ACTUATOR CIRCUIT RANGE/PERF" address="84c90" />
  <table name="(P2102) THROTTLE ACTUATOR CIRCUIT LOW" address="84c8e" />
  <table name="(P2103) THROTTLE ACTUATOR CIRCUIT HIGH" address="84c8f" />
  <table name="(P2109) TPS A MINIMUM STOP PERF" address="84c8a" />
  <table name="(P2122) TPS D CIRCUIT LOW INPUT" address="84c97" />
  <table name="(P2123) TPS D CIRCUIT HIGH INPUT" address="84c98" />
  <table name="(P2127) TPS E CIRCUIT LOW INPUT" address="84c95" />
  <table name="(P2128) TPS E CIRCUIT HIGH INPUT" address="84c96" />
  <table name="(P2135) TPS A/B VOLTAGE" address="84c99" />
  <table name="(P2138) TPS D/E VOLTAGE" address="84c94" />
  <table name="(P2419) EVAP SWITCHING VALVE LOW" address="84cde" />
  <table name="(P2420) EVAP SWITCHING VALVE HIGH" address="84cdf" />
  <table name="(P2431) SECONDARY AIR PUMP CIRCUIT RANGE/PERF" address="84cca" />
  <table name="(P2432) SECONDARY AIR PUMP CIRCUIT LOW" address="84ccc" />
  <table name="(P2433) SECONDARY AIR PUMP CIRCUIT HIGH" address="84ccb" />
  <table name="(P2441) SECONDARY AIR PUMP VALVE 1 STUCK CLOSED" address="84cd9" />
  <table name="(P2444) SECONDARY AIR PUMP 1 STUCK ON B1" address="84cc7" />
</rom>