﻿<?xml version="1.0" encoding="utf-8"?>
<rom>
  <romid>
    <xmlid>AE5I910V</xmlid>
    <internalidaddress>2004</internalidaddress>
    <internalidstring>AE5I910V</internalidstring>
    <ecuid>7412597007</ecuid>
    <year>2011</year>
    <market>USDM</market>
    <make>Subaru</make>
    <model>Impreza</model>
    <submodel>STI</submodel>
    <transmission>MT</transmission>
    <memmodel>SH7058</memmodel>
    <flashmethod>subarucan</flashmethod>
    <checksummodule>subarudbw</checksummodule>
  </romid>
  <include>32BITBASE</include>
  <table name="A/F #1 Learning Max Threshold" address="CA568" />
  <table name="A/F #1 Learning Min Threshold" address="CA558" />
  <table name="AF 3 Correction Limits" address="3447C" />
  <table name="AF 3 CL Target Compensation Limits" address="328A4" />
  <table name="Fuel Pump Duty" address="49144" />
  <table name="Cluster Display Fuel Consumption Correction" address="C1200" />
  <table name="Hotstart Enrichment Decay Delay" address="CA188" />
  <table name="Hotstart Enrichment Decay Step" address="CA738" />
  <table name="Initial Hotstart Enrichment (High)" address="CA72C" />
  <table name="Hotstart High Enrichment Activation Threshold (Coolant Temperature)" address="CA71C" />
  <table name="Hotstart High Enrichment Activation Threshold (Intake Air Temperature)" address="CA720" />
  <table name="Initial Hotstart Enrichment (Low)" address="CA730" />
  <table name="Hotstart Low Enrichment Activation Threshold (Coolant Temperature)" address="CA724" />
  <table name="Hotstart Low Enrichment Activation Threshold (Minimum Intake Air Temperature)" address="CA728" />
  <table name="Maximum Non-Idle Hotstart Enrichment (Post Delay)" address="CA740" />
  <table name="Hotstart Maximum Non-Idle Enrichment Delay" address="CA18C" />
  <table name="Hotstart Minimum Enrichment Limit Runtime" address="CA18A" />
  <table name="Hotstart Minimum Enrichment (During Delay and Runtime)" address="CA734" />
  <table name="Ignition Dwell" address="d77d0">
    <table name="X" address="d777c" />
    <table name="Y" address="d77bc" />
  </table>
  <table name="Boost Limit (Fuel Cut)_" address="d0a28">
    <table name="X" address="d09f8" />
    <table name="Y" address="d0a10" />
  </table>
  <table name="Boost Control Disable (IAM)" address="c0a40" />
  <table name="Boost Control Disable (Fine Correction)" address="c0a3c" />
  <table name="Boost Control Disable Delay (Fine Correction)" address="c09f1" />
  <table name="Target Boost_" address="c1024">
    <table name="X" address="c0fb4" elements="14" />
    <table name="Y" address="c0fec" elements="14" />
  </table>
  <table name="Target Boost Compensation (ECT)" address="c0b38">
    <table name="Y" address="c0a58" />
  </table>
  <table name="Target Boost Compensation (1st Gear)" address="c0a50" />
  <table name="Target Boost Compensation (1st Gear) Speed Disable" address="c0a4c" />
  <table name="Target Boost Compensation (IAT)_" address="c0c94">
    <table name="Y" address="c0c68" elements="11" />
  </table>
  <table name="Target Boost Compensation (Atm. Pressure)_" address="c0d30">
    <table name="X" address="c0d00" />
    <table name="Y" address="c0d18" />
  </table>
  <table name="Turbo Dynamics Proportional" address="c0b6c">
    <table name="Y" address="c0b48" />
  </table>
  <table name="Turbo Dynamics Integral Positive" address="c0bdc">
    <table name="Y" address="c0bb8" />
  </table>
  <table name="Turbo Dynamics Integral Negative" address="c0ba4">
    <table name="Y" address="c0b80" />
  </table>
  <table name="TD Proportional Compensation (IAT)" address="c0b08">
    <table name="Y" address="c0a98" elements="16" />
  </table>
  <table name="TD Integral Positive Compensation (IAT)" address="c0b28">
    <table name="Y" address="c0a98" elements="16" />
  </table>
  <table name="TD Integral Negative Compensation (IAT)" address="c0b18">
    <table name="Y" address="c0a98" elements="16" />
  </table>
  <table name="TD Activation Thresholds (RPM)" address="c0a2c" />
  <table name="TD Activation Thresholds (Target Boost)_" address="c0a18" />
  <table name="TD Integral Cumulative Range (WGDC Correction)" address="c0a34" />
  <table name="TD Integral Negative Activation (Boost Error)" address="c0a20" />
  <table name="TD Integral Positive Activation (Boost Error)" address="c0a24" />
  <table name="TD Integral Negative Activation (Wastegate Duty)" address="c0a28" />
  <table name="Initial Wastegate Duty_" address="c0ed8">
    <table name="X" address="c0e84" elements="11" />
    <table name="Y" address="c0eb0" elements="10" />
  </table>
  <table name="Max Wastegate Duty_" address="c0da8">
    <table name="X" address="c0d54" elements="11" />
    <table name="Y" address="c0d80" elements="10" />
  </table>
  <table name="Max Wastegate Duty Limit Post-Compensation" address="13c94" />
  <table name="Initial/Max Wastegate Duty Compensation (IAT)" address="c0ad8">
    <table name="Y" address="c0a98" />
  </table>
  <table name="Initial/Max Wastegate Duty Compensation (ECT)" address="c0af8">
    <table name="Y" address="c0a58" />
  </table>
  <table name="Initial/Max Wastegate Duty Compensation (Atm. Pressure)" address="c0ce8">
    <table name="X" address="c0cc0" />
    <table name="Y" address="c0cd8" />
  </table>
  <table address="928FC" name="(P0335) CRANKSHAFT POS. SENSOR A MALFUNCTION" />
  <table address="928FD" name="(P0336) CRANKSHAFT POS. SENSOR A RANGE/PERF" />
  <table address="92900" name="(P0604) CONTROL MODULE RAM ERROR" />
  <table address="92901" name="(P0102) MAF SENSOR LOW INPUT" />
  <table address="92902" name="(P0103) MAF SENSOR HIGH INPUT" />
  <table address="92903" name="(P0500) VEHICLE SPEED SENSOR A" />
  <table address="92906" name="(P0327) KNOCK SENSOR 1 LOW INPUT" />
  <table address="92907" name="(P0328) KNOCK SENSOR 1 HIGH INPUT" />
  <table address="92908" name="(P0122) TPS A LOW INPUT" />
  <table address="92909" name="(P0123) TPS A HIGH INPUT" />
  <table address="9290A" name="(P0117) COOLANT TEMP SENSOR LOW INPUT" />
  <table address="9290B" name="(P0118) COOLANT TEMP SENSOR HIGH INPUT" />
  <table address="9290C" name="(P0464) FUEL LEVEL SENSOR INTERMITTENT" />
  <table address="9290D" name="(P0125) INSUFFICIENT COOLANT TEMP (FUELING)" />
  <table address="9290E" name="(P0462) FUEL LEVEL SENSOR LOW INPUT" />
  <table address="9290F" name="(P0463) FUEL LEVEL SENSOR HIGH INPUT" />
  <table address="92910" name="(P0461) FUEL LEVEL SENSOR RANGE/PERF" />
  <table address="92911" name="(P1518) STARTER SWITCH LOW INPUT" />
  <table address="92912" name="(P0512) STARTER REQUEST CIRCUIT" />
  <table address="92913" name="(P0452) EVAP PRESSURE SENSOR LOW INPUT" />
  <table address="92914" name="(P0453) EVAP PRESSURE SENSOR HIGH INPUT" />
  <table address="92915" name="(P0451) EVAP PRESSURE SENSOR RANGE/PERF" />
  <table address="92916" name="(P0851) NEUTRAL SWITCH INPUT LOW" />
  <table address="92917" name="(P0182) FUEL TEMP SENSOR A LOW INPUT" />
  <table address="92918" name="(P0183) FUEL TEMP SENSOR A HIGH INPUT" />
  <table address="92919" name="(P0181) FUEL TEMP SENSOR A RANGE/PERF" />
  <table address="9291A" name="(P0852) NEUTRAL SWITCH INPUT HIGH" />
  <table address="92923" name="(P0506) IDLE CONTROL RPM LOWER THAN EXPECTED" />
  <table address="92924" name="(P0507) IDLE CONTROL RPM HIGH THAN EXPECTED" />
  <table address="92925" name="(P0011) CAMSHAFT POS. - TIMING OVER-ADVANCED 1" />
  <table address="92926" name="(P0021) CAMSHAFT POS. - TIMING OVER-ADVANCED 2" />
  <table address="92927" name="(P1400) FUEL TANK PRESSURE SOL. LOW" />
  <table address="92928" name="(P1420) FUEL TANK PRESSURE SOL. HIGH INPUT" />
  <table address="92929" name="(P0458) EVAP PURGE VALVE CIRCUIT LOW" />
  <table address="9292A" name="(P0459) EVAP PURGE VALVE CIRCUIT HIGH" />
  <table address="9292B" name="(P1443) VENT CONTROL SOLENOID FUNCTION PROBLEM" />
  <table address="9292C" name="(P0447) EVAP VENT CONTROL CIRCUIT OPEN" />
  <table address="9292D" name="(P0448) EVAP VENT CONTROL CIRCUIT SHORTED" />
  <table address="9292E" name="(P0141) REAR O2 SENSOR MALFUNCTION" />
  <table address="92930" name="(P0139) REAR O2 SENSOR SLOW RESPONSE" />
  <table address="92931" name="(P1152) FRONT O2 SENSOR RANGE/PERF LOW B1 S1" />
  <table address="92932" name="(P1153) FRONT O2 SENSOR RANGE/PERF HIGH B1 S1" />
  <table address="92935" name="(P0420) CAT EFFICIENCY BELOW THRESHOLD" />
  <table address="92936" name="(P0442) EVAP LEAK DETECTED (SMALL)" />
  <table address="92937" name="(P0456) EVAP LEAK DETECTED (VERY SMALL)" />
  <table address="92939" name="(P0171) SYSTEM TOO LEAN" />
  <table address="9293A" name="(P0172) SYSTEM TOO RICH" />
  <table address="9293B" name="(P0301) MISFIRE CYLINDER 1" />
  <table address="9293C" name="(P0302) MISFIRE CYLINDER 2" />
  <table address="9293D" name="(P0303) MISFIRE CYLINDER 3" />
  <table address="9293E" name="(P0304) MISFIRE CYLINDER 4" />
  <table address="92941" name="(P0457) EVAP LEAK DETECTED (FUEL CAP)" />
  <table address="92942" name="(P0000) PASS CODE (NO DTC DETECTED)_" />
  <table address="92944" name="(P0137) REAR O2 SENSOR LOW VOLTAGE" />
  <table address="92945" name="(P0131) FRONT O2 SENSOR LOW INPUT" />
  <table address="92947" name="(P0132) FRONT O2 SENSOR HIGH INPUT" />
  <table address="92949" name="(P0138) REAR O2 SENSOR HIGH VOLTAGE" />
  <table address="9294B" name="(P0112) IAT SENSOR LOW INPUT" />
  <table address="9294C" name="(P0113) IAT SENSOR HIGH INPUT" />
  <table address="9294D" name="(P0111) IAT SENSOR RANGE/PERF" />
  <table address="9294E" name="(P0038) REAR O2 SENSOR HIGH INPUT" />
  <table address="9294F" name="(P0032) FRONT O2 SENSOR HIGH INPUT" />
  <table address="92950" name="(P0037) REAR O2 SENSOR LOW INPUT" />
  <table address="92951" name="(P0031) FRONT O2 SENSOR LOW INPUT" />
  <table address="92952" name="(P0107) MAP SENSOR LOW INPUT" />
  <table address="92953" name="(P0108) MAP SENSOR HIGH INPUT" />
  <table address="92958" name="(P0128) THERMOSTAT MALFUNCTION" />
  <table address="92959" name="(P1491) PCV (BLOWBY) FUNCTION PROBLEM" />
  <table address="9295A" name="(P1560) BACK-UP VOLTAGE MALFUNCTION" />
  <table address="9295D" name="(P0245) WASTEGATE SOLENOID A LOW" />
  <table address="9295E" name="(P0246) WASTEGATE SOLENOID A HIGH" />
  <table address="9295F" name="(P0244) WASTEGATE SOLENOID A RANGE/PERF" />
  <table address="92961" name="(P0230) FUEL PUMP PRIMARY CIRCUIT" />
  <table address="92962" name="(P0068) MAP SENSOR RANGE/PERF" />
  <table address="92963" name="(P0101) MAF SENSOR RANGE/PERF" />
  <table address="92965" name="(P0134) FRONT O2 SENSOR NO ACTIVITY" />
  <table address="92967" name="(P0030) FRONT O2 SENSOR RANGE/PERF" />
  <table address="9296E" name="(P2109) TPS A MINIMUM STOP PERF" />
  <table address="9296F" name="(P0222) TPS B LOW INPUT" />
  <table address="92970" name="(P0223) TPS B HIGH INPUT" />
  <table address="92971" name="(P1160) ABNORMAL RETURN SPRING" />
  <table address="92972" name="(P2102) THROTTLE ACTUATOR CIRCUIT LOW" />
  <table address="92973" name="(P2103) THROTTLE ACTUATOR CIRCUIT HIGH" />
  <table address="92974" name="(P2101) THROTTLE ACTUATOR CIRCUIT RANGE/PERF" />
  <table address="92975" name="(P2096) POST CATALYST TOO LEAN B1" />
  <table address="92976" name="(P0638) THROTTLE ACTUATOR RANGE/PERF" />
  <table address="92977" name="(P0607) CONTROL MODULE PERFORMANCE" />
  <table address="92978" name="(P2138) TPS D/E VOLTAGE" />
  <table address="92979" name="(P2127) TPS E CIRCUIT LOW INPUT" />
  <table address="9297A" name="(P2128) TPS E CIRCUIT HIGH INPUT" />
  <table address="9297B" name="(P2122) TPS D CIRCUIT LOW INPUT" />
  <table address="9297C" name="(P2123) TPS D CIRCUIT HIGH INPUT" />
  <table address="9297D" name="(P2135) TPS A/B VOLTAGE" />
  <table address="9297E" name="(P2097) POST CATALYST TOO RICH B1" />
  <table address="92980" name="(P0390) CAMSHAFT POS. SENSOR B BANK 2" />
  <table address="92981" name="(P0365) CAMSHAFT POS. SENSOR B BANK 1" />
  <table address="92982" name="(P0345) CAMSHAFT POS. SENSOR A BANK 2" />
  <table address="92983" name="(P0340) CAMSHAFT POS. SENSOR A MALFUNCTION" />
  <table address="92984" name="(P0605) CONTROL MODULE ROM ERROR" />
  <table address="92985" name="(P2095) OCV SOLENOID B2 CIRCUIT SHORT" />
  <table address="92986" name="(P2094) OCV SOLENOID B2 CIRCUIT OPEN" />
  <table address="92987" name="(P2091) OCV SOLENOID B1 CIRCUIT SHORT" />
  <table address="92988" name="(P2090) OCV SOLENOID B1 CIRCUIT OPEN" />
  <table address="92989" name="(P2093) OCV SOLENOID A2 CIRCUIT SHORT" />
  <table address="9298A" name="(P2092) OCV SOLENOID A2 CIRCUIT OPEN" />
  <table address="9298B" name="(P2089) OCV SOLENOID A1 CIRCUIT SHORT" />
  <table address="9298C" name="(P2088) OCV SOLENOID A1 CIRCUIT OPEN" />
  <table address="92999" name="(P2004) TGV - INTAKE MANIFOLD RUNNER 1 STUCK OPEN" />
  <table address="9299A" name="(P2006) TGV - INTAKE MANIFOLD RUNNER 1 STUCK CLOSED" />
  <table address="9299B" name="(P2005) TGV - INTAKE MANIFOLD RUNNER 2 STUCK OPEN" />
  <table address="9299C" name="(P2007) TGV - INTAKE MANIFOLD RUNNER 2 STUCK CLOSED" />
  <table address="9299E" name="(P0126) INSUFFICIENT COOLANT TEMP (OPERATION)" />
  <table address="929A1" name="(P2016) TGV - INTAKE MANIFOLD RUNNER 1 POS. SENSOR LOW" />
  <table address="929A2" name="(P2017) TGV - INTAKE MANIFOLD RUNNER 1 POS. SENSOR HIGH" />
  <table address="929A3" name="(P2021) TGV - INTAKE MANIFOLD RUNNER 2 POS. SENSOR LOW" />
  <table address="929A4" name="(P2022) TGV - INTAKE MANIFOLD RUNNER 2 POS. SENSOR HIGH" />
  <table address="929A5" name="(P2009) TGV - INTAKE MANIFOLD RUNNER 1 CIRCUIT LOW" />
  <table address="929A6" name="(P2012) TGV - INTAKE MANIFOLD RUNNER 2 CIRCUIT LOW" />
  <table address="929A7" name="(P2008) TGV - INTAKE MANIFOLD RUNNER 1 CIRCUIT OPEN" />
  <table address="929A8" name="(P2011) TGV - INTAKE MANIFOLD RUNNER 2 CIRCUIT OPEN" />
  <table address="929A9" name="(P2444) SECONDARY AIR PUMP 1 STUCK ON B1" />
  <table address="929AA" name="(P0411) SECONDARY AIR PUMP INCORRECT FLOW" />
  <table address="929AB" name="(P0410) SECONDARY AIR PUMP SYSTEM" />
  <table address="929AC" name="(P2431) SECONDARY AIR PUMP CIRCUIT RANGE/PERF" />
  <table address="929AD" name="(P2433) SECONDARY AIR PUMP CIRCUIT HIGH" />
  <table address="929AE" name="(P2432) SECONDARY AIR PUMP CIRCUIT LOW" />
  <table address="929AF" name="(P0413) SECONDARY AIR PUMP A OPEN" />
  <table address="929B0" name="(P0418) SECONDARY AIR PUMP RELAY A" />
  <table address="929B1" name="(P0140) REAR O2 SENSOR NO ACTIVITY" />
  <table address="929B3" name="(P0414) SECONDARY AIR PUMP A SHORTED" />
  <table address="929B4" name="(P1418) SECONDARY AIR PUMP CIRCUIT SHORTED" />
  <table address="929B5" name="(P0018) CRANKSHAFT/CAMSHAFT CORRELATION 2A" />
  <table address="929B6" name="(P0016) CRANKSHAFT/CAMSHAFT CORRELATION 1A" />
  <table address="929B7" name="(P1410) SECONDARY AIR PUMP VALVE STUCK OPEN" />
  <table address="929B8" name="(P2443) SECONDARY AIR PUMP 2 STUCK CLOSED" />
  <table address="929B9" name="(P2442) SECONDARY AIR PUMP VALVE 2 STUCK OPEN" />
  <table address="929BA" name="(P2441) SECONDARY AIR PUMP VALVE 1 STUCK CLOSED" />
  <table address="929BB" name="(P2440) SECONDARY AIR PUMP VALVE 1 STUCK OPEN" />
  <table address="929BC" name="(P0417) SECONDARY AIR PUMP B SHORTED" />
  <table address="929BD" name="(P0416) SECONDARY AIR PUMP B OPEN" />
  <table address="929BE" name="(P0024) EXHAUST AVCS SYSTEM 2 RANGE/PERF" />
  <table address="929BF" name="(P0014) EXHAUST AVCS SYSTEM 1 RANGE/PERF" />
  <table address="929C0" name="(P1616) SBDS INTERACTIVE CODES" />
  <table address="929C1" name="(P1520) IMRC CIRCUIT MALFUNCTION" />
  <table address="929C2" name="(P1519) IMRC STUCK CLOSED" />
  <table address="929C3" name="(P0441) EVAP INCORRECT PURGE FLOW" />
  <table address="929C4" name="(P2419) EVAP SWITCHING VALVE LOW" />
  <table address="929C5" name="(P2420) EVAP SWITCHING VALVE HIGH" />
  <table address="929C8" name="(P0019) CRANK/CAM TIMING B FAILURE 2" />
  <table address="929C9" name="(P0017) CRANK/CAM TIMING B FAILURE 1" />
  <table name="Requested Torque (Accelerator Pedal) SI-DRIVE Sport" address="dd870">
    <table name="X" address="dd7ec" elements="16" />
    <table name="Y" address="dd82c" />
  </table>
  <table name="Requested Torque (Accelerator Pedal) SI-DRIVE Sport Sharp" address="ddb14">
    <table name="X" address="dda90" elements="16" />
    <table name="Y" address="ddad0" />
  </table>
  <table name="Requested Torque (Accelerator Pedal) SI-DRIVE Intelligent" address="dddb8">
    <table name="X" address="ddd34" elements="16" />
    <table name="Y" address="ddd74" />
  </table>
  <table name="Requested Torque Base (RPM)" address="dc80c">
    <table name="Y" address="dc7cc" />
  </table>
  <table name="Target Throttle Plate Position Cruise (Requested Torque Ratio)" address="dccd8">
    <table name="X" address="dcc3c" />
    <table name="Y" address="dcc98" />
  </table>
  <table name="Target Throttle Plate Position Non-Cruise (Requested Torque Ratio)" address="dd054">
    <table name="X" address="dcfb8" />
    <table name="Y" address="dd014" />
  </table>
  <table name="Target Throttle Plate Position Maximum (Requested Torque Ratio)" address="dd3d0">
    <table name="X" address="dd334" />
    <table name="Y" address="dd390" />
  </table>
  <table name="A/F Learning #1 Limits" address="ca54c" />
  <table name="A/F Learning #1 Airflow Ranges" address="ca55c" />
  <table name="CL to OL Delay_" address="ca180" />
  <table name="CL to OL Delay/Switch SI-DRIVE Intelligent" address="ca17a" />
  <table name="CL to OL Transition with Delay (Throttle)" address="cb1f0">
    <table name="Y" address="cb1b0" />
  </table>
  <table name="CL to OL Transition with Delay Throttle Hysteresis" address="ca660" />
  <table name="CL to OL Transition with Delay (Base Pulse Width)" address="cca5c">
    <table name="Y" address="cca1c" />
  </table>
  <table name="CL to OL Transition with Delay BPW Hysteresis" address="ca65c" />
  <table name="CL to OL Transition Counter Step Value (MAF)" address="ccaa4">
    <table name="Y" address="cca7c" />
  </table>
  <table name="CL Delay Maximum (Throttle)" address="ca6c0" />
  <table name="CL Delay Maximum (Vehicle Speed)" address="ca6dc" />
  <table name="CL Delay Minimum (ECT)" address="ca664" />
  <table name="CL Delay Maximum (Engine Load)" address="ca6ec" />
  <table name="CL Delay Engine Load Counter Threshold" address="ca178" />
  <table name="CL Delay Maximum Engine Speed (Per Gear)" address="ca668" />
  <table name="CL Delay Maximum Engine Speed (Neutral)" address="ca690" />
  <table name="Front Oxygen Sensor Scaling" address="d72a8">
    <table name="Y" address="d7274" />
  </table>
  <table name="Front Oxygen Sensor Rich Limit" address="21af8" />
  <table name="Front Oxygen Sensor Compensation (Atm. Pressure)" address="c328c">
    <table name="Y" address="c327c" />
  </table>
  <table name="CL Fueling Target Compensation A (Load)" address="cfa00">
    <table name="X" address="cf9a4" elements="12" />
    <table name="Y" address="cf9d4" elements="11" />
  </table>
  <table name="CL Fueling Target Compensation B (Load)" address="cfcd8">
    <table name="X" address="cfc6c" elements="14" />
    <table name="Y" address="cfca4" elements="13" />
  </table>
  <table name="CL Fueling Target Compensation Imm. Cruise (ECT)" address="cf8d8">
    <table name="X" address="caadc" />
    <table name="Y" address="cf8cc" />
  </table>
  <table name="CL Fueling Target Compensation Imm. Non-Cruise (ECT)" address="cf944">
    <table name="X" address="caadc" />
    <table name="Y" address="cf938" />
  </table>
  <table name="CL Fueling Target Compensation (ECT) Disable" address="ca490" />
  <table name="Cranking Fuel Injector Pulse Width A (ECT)" address="cb762">
    <table name="Y" address="caadc" />
  </table>
  <table name="Cranking Fuel Injector Pulse Width B (ECT)" address="cb782">
    <table name="Y" address="caadc" />
  </table>
  <table name="Cranking Fuel Injector Pulse Width C (ECT)" address="cb7a2">
    <table name="Y" address="caadc" />
  </table>
  <table name="Cranking Fuel Injector Pulse Width D (ECT)" address="cb7c2">
    <table name="Y" address="caadc" />
  </table>
  <table name="Cranking Fuel Injector Pulse Width E (ECT)" address="cb7e2">
    <table name="Y" address="caadc" />
  </table>
  <table name="Cranking Fuel Injector Pulse Width F (ECT)" address="cb802">
    <table name="Y" address="caadc" />
  </table>
  <table name="Cranking Fuel IPW Compensation Imm. Cruise (RPM)" address="cdc58">
    <table name="X" address="cdc28" />
    <table name="Y" address="cdc3c" />
  </table>
  <table name="Cranking Fuel IPW Compensation Imm. Non-Cruise (RPM)" address="cdc04">
    <table name="X" address="cdbd4" />
    <table name="Y" address="cdbe8" />
  </table>
  <table name="Cranking Fuel IPW Compensation (MAP)" address="cace0">
    <table name="Y" address="cacb8" />
  </table>
  <table name="Cranking Fuel IPW Compensation (Accelerator)" address="cad14">
    <table name="Y" address="cacec" elements="10" />
  </table>
  <table name="Cranking Fuel IPW Compensation (IAT)" address="cad34">
    <table name="Y" address="cad20" />
  </table>
  <table name="Injector Latency_" address="cf498">
    <table name="X" address="cf478" />
    <table name="Y" address="cf48c" />
  </table>
  <table name="Injector Flow Scaling" address="ca318" />
  <table name="Per Injector Pulse Width Compensation A" address="cecbc">
    <table name="X" address="cec3c" elements="16" />
    <table name="Y" address="cec7c" />
  </table>
  <table name="Per Injector Pulse Width Compensation B" address="cee3c">
    <table name="X" address="cedbc" elements="16" />
    <table name="Y" address="cedfc" />
  </table>
  <table name="Per Injector Pulse Width Compensation C" address="cefbc">
    <table name="X" address="cef3c" elements="16" />
    <table name="Y" address="cef7c" />
  </table>
  <table name="Per Injector Pulse Width Compensation D" address="cf13c">
    <table name="X" address="cf0bc" elements="16" />
    <table name="Y" address="cf0fc" />
  </table>
  <table name="Primary Open Loop Fueling (KCA Additive B Low)" address="ce6a4">
    <table name="X" address="ce610" elements="19" />
    <table name="Y" address="ce65c" />
  </table>
  <table name="Primary Open Loop Fueling (KCA Additive B High)" address="ce890">
    <table name="X" address="ce7fc" elements="19" />
    <table name="Y" address="ce848" />
  </table>
  <table name="Primary Open Loop Fueling (Failsafe)" address="cea7c">
    <table name="X" address="ce9e8" elements="19" />
    <table name="Y" address="cea34" />
  </table>
  <table name="Primary Open Loop Fueling (KCA Alternate Mode)" address="ce2b8">
    <table name="X" address="ce224" elements="19" />
    <table name="Y" address="ce270" />
  </table>
  <table name="Primary Open Loop Fueling (Failsafe)(KCA Alternate Mode)" address="ce4a4">
    <table name="X" address="ce410" elements="19" />
    <table name="Y" address="ce45c" />
  </table>
  <table name="Primary Open Loop Fuel Map Switch (IAM)" address="ca654" />
  <table name="Minimum Active Primary Open Loop Enrichment" address="ca658" />
  <table name="Minimum Primary Open Loop Enrichment (Throttle)" address="cb218">
    <table name="Y" address="cb200" />
  </table>
  <table name="Minimum Primary Open Loop Enrichment (Accelerator)" address="cb23c">
    <table name="Y" address="cb220" elements="7" />
  </table>
  <table name="Primary Open Loop Fueling Compensation (ECT)" address="ccb30">
    <table name="Y" address="caadc" />
  </table>
  <table name="Primary Open Loop Fueling Compensation (Timing Compensation)_" address="cb1a8">
    <table name="Y" address="cb190" />
  </table>
  <table name="Throttle Tip-in Enrichment A" address="cd2b4">
    <table name="Y" address="cd26c" />
  </table>
  <table name="Throttle Tip-in Enrichment B" address="cd320">
    <table name="Y" address="cd2d8" />
  </table>
  <table name="Minimum Tip-in Enrichment Activation" address="ca988" />
  <table name="Minimum Tip-in Enrichment Activation (Throttle)" address="ca984" />
  <table name="Tip-in Enrichment Compensation (Boost Error)" address="cb5c8">
    <table name="Y" address="cb5a4" />
  </table>
  <table name="Tip-in Enrichment Compensation (RPM)" address="cb594">
    <table name="Y" address="cb554" elements="16" />
  </table>
  <table name="Tip-in Enrichment Compensation A (ECT)" address="cb5d1">
    <table name="Y" address="caadc" />
  </table>
  <table name="Tip-in Enrichment Compensation B (ECT)" address="cd344">
    <table name="Y" address="caadc" />
  </table>
  <table name="Tip-in Enrichment Compensation C (ECT)" address="cd364">
    <table name="Y" address="caadc" />
  </table>
  <table name="Tip-in Enrichment Compensation D (ECT)" address="cd3a4">
    <table name="Y" address="cab1c" />
  </table>
  <table name="Tip-in Enrichment Compensation D (ECT) Activation" address="ca98c" />
  <table name="Tip-in Enrichment Disable Applied Counter Threshold A (ECT)" address="cb5e1">
    <table name="Y" address="caadc" />
  </table>
  <table name="Tip-in Enrichment Disable Applied Counter Threshold B (ECT)" address="cb5f1">
    <table name="Y" address="caadc" />
  </table>
  <table name="Tip-in Enrichment Applied Counter Reset" address="ca12a" />
  <table name="Tip-in Enrichment Disable Throttle Cumulative Threshold A (ECT)" address="cd3c4">
    <table name="Y" address="caadc" />
  </table>
  <table name="Tip-in Enrichment Disable Throttle Cumulative Threshold B (ECT)" address="cd3e4">
    <table name="Y" address="caadc" />
  </table>
  <table name="Tip-in Throttle Cumulative Reset" address="ca12b" />
  <table name="Min Primary Base Enrichment 1 Cruise" address="cdeb0">
    <table name="X" address="caadc" />
    <table name="Y" address="cde8c" elements="9" />
  </table>
  <table name="Min Primary Base Enrichment 1 Non-Cruise" address="cde0c">
    <table name="X" address="caadc" />
    <table name="Y" address="cddec" />
  </table>
  <table name="Min Primary Base Enrichment 1 (Non-Primary OL)_" address="cad99">
    <table name="Y" address="caadc" />
  </table>
  <table name="Idle Speed Target A" address="d527e">
    <table name="Y" address="d4bf8" />
  </table>
  <table name="Idle Speed Target B" address="d52be">
    <table name="Y" address="d4bf8" />
  </table>
  <table name="Idle Speed Target C" address="d52fe">
    <table name="Y" address="d4bf8" />
  </table>
  <table name="Base Timing Primary Cruise" address="d2a04">
    <table name="X" address="d2970" elements="19" />
    <table name="Y" address="d29bc" />
  </table>
  <table name="Base Timing Reference Cruise (AVCS related)" address="d2ddc">
    <table name="X" address="d2d48" elements="19" />
    <table name="Y" address="d2d94" />
  </table>
  <table name="Base Timing Primary Non-Cruise" address="d2bf0">
    <table name="X" address="d2b5c" elements="19" />
    <table name="Y" address="d2ba8" />
  </table>
  <table name="Base Timing Reference Non-Cruise (AVCS related)" address="d2fc8">
    <table name="X" address="d2f34" elements="19" />
    <table name="Y" address="d2f80" />
  </table>
  <table name="Base Timing Idle A (In-Gear)" address="d160e">
    <table name="Y" address="d13f4" />
  </table>
  <table name="Base Timing Idle B (In-Gear)" address="d161e">
    <table name="Y" address="d13f4" />
  </table>
  <table name="Base Timing Idle A (Neutral)" address="d162e">
    <table name="Y" address="d13f4" />
  </table>
  <table name="Base Timing Idle B (Neutral)" address="d163e">
    <table name="Y" address="d13f4" />
  </table>
  <table name="Base Timing Idle Minimum" address="d1605">
    <table name="Y" address="d1474" />
  </table>
  <table name="Base Timing Idle Minimum Vehicle Speed Enable" address="d0f9c" />
  <table name="Knock Correction Advance Max Additive A (Knock Conditions)(IAM)" address="d3930">
    <table name="X" address="d389c" elements="19" />
    <table name="Y" address="d38e8" />
  </table>
  <table name="Knock Correction Advance Max Additive B (Knock Conditions)" address="d3ef4">
    <table name="X" address="d3e60" elements="19" />
    <table name="Y" address="d3eac" />
  </table>
  <table name="Knock Correction Advance Max Primary Cruise (IAM)" address="d3b1c">
    <table name="X" address="d3a88" elements="19" />
    <table name="Y" address="d3ad4" />
  </table>
  <table name="Knock Correction Advance Max Primary Non-Cruise (IAM)" address="d3d08">
    <table name="X" address="d3c74" elements="19" />
    <table name="Y" address="d3cc0" />
  </table>
  <table name="Knock Correction Advance Additive Range (RPM)" address="d12fc" />
  <table name="Knock Correction Advance Alternate Mode__" address="d0e63" />
  <table name="Timing Compensation A (IAT)" address="d16f0">
    <table name="Y" address="d16b0" />
  </table>
  <table name="Timing Compensation A (IAT) Activation" address="d3160">
    <table name="X" address="d3120" />
    <table name="Y" address="d3140" />
  </table>
  <table name="Timing Compensation B (IAT)" address="d1c98">
    <table name="Y" address="d1c58" />
  </table>
  <table name="Timing Compensation B (IAT) IAM Activation" address="d1154" />
  <table name="Timing Compensation B (IAT) Max Additive" address="d1138" />
  <table name="Timing Compensation Imm. Cruise A (ECT)" address="d168e">
    <table name="Y" address="d13f4" />
  </table>
  <table name="Timing Compensation Imm. Cruise B (ECT)" address="d169e">
    <table name="Y" address="d13f4" />
  </table>
  <table name="Timing Compensation Imm. Non-Cruise A (ECT)" address="d166e">
    <table name="Y" address="d13f4" />
  </table>
  <table name="Timing Compensation Imm. Non-Cruise B (ECT)" address="d167e">
    <table name="Y" address="d13f4" />
  </table>
  <table name="Timing Compensation Per Cylinder A" address="d36c4">
    <table name="X" address="d367c" />
    <table name="Y" address="d36b4" />
  </table>
  <table name="Timing Compensation Per Cylinder B" address="d3744">
    <table name="X" address="d36fc" />
    <table name="Y" address="d3734" />
  </table>
  <table name="Timing Compensation Per Cylinder C" address="d37c4">
    <table name="X" address="d377c" />
    <table name="Y" address="d37b4" />
  </table>
  <table name="Timing Compensation Per Cylinder D" address="d3844">
    <table name="X" address="d37fc" />
    <table name="Y" address="d3834" />
  </table>
  <table name="Timing Comp Minimum Load (Per Cylinder)" address="d11fc" />
  <table name="Timing Comp Maximum RPM (Per Cylinder)" address="d11f8" />
  <table name="Timing Comp Minimum Coolant Temp (Per Cylinder)" address="d1200" />
  <table name="Timing Compensation Per Gear (1st)" address="d35d0">
    <table name="X" address="d35b4" />
    <table name="Y" address="d35c4" />
  </table>
  <table name="Timing Compensation Per Gear (2nd)" address="d35f8">
    <table name="X" address="d35dc" />
    <table name="Y" address="d35ec" />
  </table>
  <table name="Timing Compensation Per Gear (3rd)" address="d3620">
    <table name="X" address="d3604" />
    <table name="Y" address="d3614" />
  </table>
  <table name="Timing Compensation Per Gear (4th)" address="d3648">
    <table name="X" address="d362c" />
    <table name="Y" address="d363c" />
  </table>
  <table name="Timing Compensation Per Gear (5th)" address="d3670">
    <table name="X" address="d3654" />
    <table name="Y" address="d3664" />
  </table>
  <table name="Timing Compensation Per Gear Activation (RPM)" address="d1198" />
  <table name="Timing Compensation Per Gear Activation (Load)" address="d11a0" />
  <table name="Feedback Correction Range (RPM)" address="d120c" />
  <table name="Feedback Correction Minimum Load" address="d1204" />
  <table name="Feedback Correction Retard Value" address="d122c" />
  <table name="Feedback Correction Retard Limit" address="d1228" />
  <table name="Feedback Correction Negative Advance Value" address="d1230" />
  <table name="Feedback Correction Negative Advance Delay" address="d0e9e" />
  <table name="Extended Feedback Correction High RPM Compensation" address="d1238" />
  <table name="Fine Correction Range (RPM)" address="d13d4" />
  <table name="Fine Correction Range (Load)" address="d13e4" />
  <table name="Fine Correction Rows (RPM)" address="d1374" />
  <table name="Fine Correction Columns (Load)" address="d1390" />
  <table name="Fine Correction Retard Value" address="d13b8" />
  <table name="Fine Correction Retard Limit" address="d13b4" />
  <table name="Fine Correction Advance Value" address="d13b0" />
  <table name="Fine Correction Advance Limit" address="d13ac" />
  <table name="Fine Correction Advance Delay" address="d0eae" />
  <table name="Rough Correction Range (RPM)" address="d131c" />
  <table name="Rough Correction Range (Load)" address="d132c" />
  <table name="Rough Correction Minimum KC Advance Map Value" address="d133c" />
  <table name="Rough Correction Learning Delay (Increasing)_" address="d1f64">
    <table name="Y" address="d1f3c" />
  </table>
  <table name="Advance Multiplier (Initial)" address="d1340" />
  <table name="Advance Multiplier Step Value" address="d1344" />
  <table name="Manifold Pressure Sensor Scaling_" address="d7014" />
  <table name="Manifold Pressure Sensor Limits (CEL)" address="d6f6c" />
  <table name="Manifold Pressure Sensor CEL Delays" address="d6f1e" />
  <table name="MAF Limit (Maximum)" address="c2cf4" />
  <table name="MAF Sensor Scaling" address="d719c">
    <table name="Y" address="d70c4" />
  </table>
  <table name="MAF Compensation (IAT)" address="c356c">
    <table name="X" address="c3538" />
    <table name="Y" address="c354c" />
  </table>
  <table name="Engine Load Limit A (Maximum)" address="20190" />
  <table name="Engine Load Limit B Maximum (RPM)" address="c318c">
    <table name="Y" address="c3184" />
  </table>
  <table name="Engine Load Compensation Cruise (MP)" address="c361c">
    <table name="X" address="c3594" />
    <table name="Y" address="c35c0" elements="23" />
  </table>
  <table name="Engine Load Compensation Non-Cruise (MP)" address="c379c">
    <table name="X" address="c371c" />
    <table name="Y" address="c3748" elements="21" />
  </table>
  <table name="Rev Limit (Fuel Cut)" address="ca9e4" />
  <table name="Rev Limit Fuel Resume (Boost)" address="ca9ec" />
  <table name="Speed Limiting Enable (Fuel Cut)" address="ca9f4" />
  <table name="Speed Limiting Disable (Fuel Cut)" address="ca9fc" />
  <table name="Speed Limiting A (Throttle) SI-DRIVE Sport/Sport Sharp" address="dc648" />
  <table name="Speed Limiting B (Throttle) SI-DRIVE Sport/Sport Sharp" address="dc660" />
  <table name="Speed Limiting (Throttle) SI-DRIVE Intelligent" address="dc654" />
  <table name="Fuel Temp Sensor Scaling" address="d7524">
    <table name="Y" address="d74ac" />
  </table>
  <table name="Intake Temp Sensor Scaling" address="d7434">
    <table name="Y" address="d73bc" />
  </table>
  <table name="Coolant Temp Sensor Scaling" address="d734c">
    <table name="Y" address="d72dc" />
  </table>
  <table name="Radiator Fan Modes A (ECT)" address="d791c" />
  <table name="Radiator Fan Modes B (ECT)" address="d792c" />
  <table name="Radiator Fan Modes (Veh. Speed)" address="d793c" />
  <table name="Gear Determination Thresholds A" address="c3060" />
  <table name="Gear Determination Thresholds B" address="c3074" />
  <table name="Gear Determination Thresholds C" address="c3088" />
  <table name="Force Pass Readiness Monitors_" address="9e8fc" />
  <table name="Intake Cam Advance Angle Cruise (AVCS)" address="d9388">
    <table name="X" address="d92F4" elements="19" />
    <table name="Y" address="d9340" />
  </table>
  <table name="Intake Cam Advance Angle Non-Cruise (AVCS)" address="d96c8">
    <table name="X" address="d9634" elements="19" />
    <table name="Y" address="d9680" />
  </table>
  <table name="Exhaust Cam Retard Angle Cruise (AVCS)" address="d9dd0">
    <table name="X" address="d9d3c" elements="19" />
    <table name="Y" address="d9d88" />
  </table>
  <table name="Exhaust Cam Retard Angle Non-Cruise (AVCS)" address="da110">
    <table name="X" address="da07c" elements="19" />
    <table name="Y" address="da0c8" />
  </table>
</rom>