<rom>
  <romid>
    <xmlid>AZ1G201G</xmlid>
    <internalidaddress>2004</internalidaddress>
    <internalidstring>AZ1G201G</internalidstring>
    <ecuid>5A42784107</ecuid>
    <year>08</year>
    <market>EDM</market>
    <make>Subaru</make>
    <model>Impreza</model>
    <submodel>STi</submodel>
    <transmission>MT</transmission>
    <memmodel>SH7058</memmodel>
    <flashmethod>subarucan</flashmethod>
    <checksummodule>subarudbw</checksummodule>
  </romid>
  <include>32BITBASE</include>

  <!-- Fuel Consumption Tables -->

  <table name="Cluster Display Fuel Consumption Correction" address="C0E14"/>
  
  	<!-- Ignition Dwell Table -->
	
	<table name="Ignition Dwell" address="D4640">
		<table name="X" address="D45EC"/>
		<table name="Y" address="D462C"/>
	</table>
  
  <!-- Engine Load Limit B Multiplier -->
	
	<table name="Engine Load Limit B Maximum (RPM) - Multiplier" address="8708C"/>
  
  	<!-- Alpha Fuel pump duty tables -->
	
	<table name="Fuel Pump Duty" address="43450"/>
	
	<table name="Fuel Pump Duty High Injector Duty Cycle" address="D1354">
		<table name="X" address="D1340"/>
		<table name="Y" address="D1348"/>
	</table>

	<table name="Fuel Pump Duty Medium Injector Duty Cycle" address="D137C">
		<table name="X" address="D136C"/>
		<table name="Y" address="D1374"/>
	</table>
  
  <!-- A/F #1 Learning Min/Max Thresholds -->
	
	<table name="A/F #1 Learning Max Threshold" address="C7AF8"/>
	<table name="A/F #1 Learning Min Threshold" address="C7AE8"/>
  
  <!-- AF 3 Correction Limits -->
  
	<table name="AF 3 Correction Limits" address="2FAE0"/>

  <!-- OverRun Fueling Scalings & Tables -->
	
	<table name="Overrun Fueling RPM Resume Threshold" address="Ca8d4">
		<table name="X" address="C7ff4"/>
	</table>
		
	<table name="Overrun Enrich RPM Delta Activation" address="C7EAC"/>

	<table name="Overrun initial injector enrichment (pulsewidth)" address="C7EB0"/>
	
	<table name="Overrun Fueling Cut Counter RPM Threshold" address="C7F00"/>
	
	<!-- Stable defs -->
	
  <table name="Target Boost_" address="c0bcc">
    <table name="X" address="c0b5c" elements="14" />
    <table name="Y" address="c0b94" elements="14" />
  </table>
  <table name="Target Boost Compensation (ECT)" address="c06e0">
    <table name="Y" address="c0600" />
  </table>
  <table name="Target Boost Compensation (1st Gear)" address="c05f8" />
  <table name="Target Boost Compensation (1st Gear) Speed Disable" address="c05f4" />
  <table name="Target Boost Compensation (IAT)_" address="c083c">
    <table name="Y" address="c0810" elements="11" />
  </table>
  <table name="Target Boost Compensation (Atm. Pressure)_" address="c08d8">
    <table name="X" address="c08a8" />
    <table name="Y" address="c08c0" />
  </table>
  <table name="Boost Limit (Fuel Cut)_" address="cdcd8">
    <table name="X" address="cdca8" />
    <table name="Y" address="cdcc0" />
  </table>
  <table name="Boost Control Disable (IAM)" address="c05e8" />
  <table name="Boost Control Disable (Fine Correction)" address="c05e4" />
  <table name="Boost Control Disable Delay (Fine Correction)" address="c0599" />
  <table name="Initial Wastegate Duty_" address="c0a80">
    <table name="X" address="c0a2c" elements="11" />
    <table name="Y" address="c0a58" elements="10" />
  </table>
  <table name="Max Wastegate Duty_" address="c0950">
    <table name="X" address="c08fc" elements="11" />
    <table name="Y" address="c0928" elements="10" />
  </table>
  <table name="Max Wastegate Duty Limit Post-Compensation" address="14624" />
  <table name="Initial/Max Wastegate Duty Compensation (IAT)" address="c0680">
    <table name="Y" address="c0640" />
  </table>
  <table name="Initial/Max Wastegate Duty Compensation (ECT)" address="c06a0">
    <table name="Y" address="c0600" />
  </table>
  <table name="Initial/Max Wastegate Duty Compensation (Atm. Pressure)" address="c0890">
    <table name="X" address="c0868" />
    <table name="Y" address="c0880" />
  </table>
  <table name="Turbo Dynamics Proportional" address="c0714">
    <table name="Y" address="c06f0" />
  </table>
  <table name="Turbo Dynamics Integral Positive" address="c0784">
    <table name="Y" address="c0760" />
  </table>
  <table name="Turbo Dynamics Integral Negative" address="c074c">
    <table name="Y" address="c0728" />
  </table>
  <table name="TD Proportional Compensation (IAT)" address="c06b0">
    <table name="Y" address="c0640" elements="16" />
  </table>
  <table name="TD Integral Positive Compensation (IAT)" address="c06d0">
    <table name="Y" address="c0640" elements="16" />
  </table>
  <table name="TD Integral Negative Compensation (IAT)" address="c06c0">
    <table name="Y" address="c0640" elements="16" />
  </table>
  <table name="TD Activation Thresholds (RPM)" address="c05d4" />
  <table name="TD Activation Thresholds (Target Boost)_" address="c05c0" />
  <table name="TD Integral Cumulative Range (WGDC Correction)" address="c05dc" />
  <table name="TD Integral Negative Activation (Boost Error)" address="c05c8" />
  <table name="TD Integral Positive Activation (Boost Error)" address="c05cc" />
  <table name="TD Integral Negative Activation (Wastegate Duty)" address="c05d0" />
  <table name="Manifold Pressure Sensor Scaling_" address="d3f54" />
  <table name="Manifold Pressure Sensor Limits (CEL)" address="d3f1e" />
  <table name="Manifold Pressure Sensor CEL Delays" address="c3ae4" />
  <table name="Primary Open Loop Fueling" address="cb758">
    <table name="X" address="cb6c4" elements="19" />
    <table name="Y" address="cb710" />
  </table>
  <table name="Primary Open Loop Fueling (Failsafe)" address="cb944">
    <table name="X" address="cb8b0" elements="19" />
    <table name="Y" address="cb8fc" />
  </table>
  <table name="Primary Open Loop Fuel Map Switch (IAM)" address="c7b90" />
  <table name="Minimum Active Primary Open Loop Enrichment" address="c7b94" />
  <table name="Minimum Primary Open Loop Enrichment (Throttle)" address="c8730">
    <table name="Y" address="c8718" />
  </table>
  <table name="Minimum Primary Open Loop Enrichment (Accelerator)" address="c8754">
    <table name="Y" address="c8738" elements="7" />
  </table>
  <table name="Primary Open Loop Fueling Compensation (ECT)" address="c9fd0">
    <table name="Y" address="c7ff4" />
  </table>
  <table name="Primary Open Loop Fueling Compensation (Timing Compensation)_" address="c86c0">
    <table name="Y" address="c86a8" />
  </table>
  <table name="Front Oxygen Sensor Scaling" address="d43d8">
    <table name="Y" address="d43a4" />
  </table>
  <table name="Front Oxygen Sensor Rich Limit" address="2187c" />
  <table name="Front Oxygen Sensor Compensation (Atm. Pressure)" address="c2e3c">
    <table name="Y" address="c2e2c" />
  </table>
  <table name="CL Fueling Target Compensation A (Load)" address="cce60">
    <table name="X" address="cce0c" />
    <table name="Y" address="cce38" />
  </table>
  <table name="CL Fueling Target Compensation B (Load)" address="cd0c0">
    <table name="X" address="cd06c" />
    <table name="Y" address="cd098" elements="10" />
  </table>
  <table name="CL Fueling Target Compensation Imm. Cruise (ECT)" address="ccd40">
    <table name="X" address="c7ff4" />
    <table name="Y" address="ccd34" />
  </table>
  <table name="CL Fueling Target Compensation Imm. Non-Cruise (ECT)" address="ccdac">
    <table name="X" address="c7ff4" />
    <table name="Y" address="ccda0" />
  </table>
  <table name="CL to OL Delay_" address="c7716" />
  <table name="CL to OL Delay/Switch SI-DRIVE Intelligent" address="c7710" />
  <table name="CL to OL Transition with Delay (Throttle)" address="c8708">
    <table name="Y" address="c86c8" />
  </table>
  <table name="CL to OL Transition with Delay Throttle Hysteresis" address="c7b9c" />
  <table name="CL to OL Transition with Delay (Base Pulse Width)" address="c9efc">
    <table name="Y" address="c9ebc" />
  </table>
  <table name="CL to OL Transition with Delay BPW Hysteresis" address="c7b98" />
  <table name="CL to OL Transition Counter Step Value (MAF)" address="c9f44">
    <table name="Y" address="c9f1c" />
  </table>
  <table name="CL Delay Maximum (Throttle)" address="c7bfc" />
  <table name="CL Delay Maximum (Vehicle Speed)" address="c7c18" />
  <table name="CL Delay Minimum (ECT)" address="c7ba0" />
  <table name="CL Delay Maximum (Engine Load)" address="c7c28" />
  <table name="CL Delay Engine Load Counter Threshold" address="c770e" />
  <table name="CL Delay Maximum Engine Speed (Per Gear)" address="c7ba4" />
  <table name="CL Delay Maximum Engine Speed (Neutral)" address="c7bcc" />
  <table name="Injector Latency_" address="cc900">
    <table name="X" address="cc8e0" />
    <table name="Y" address="cc8f4" />
  </table>
  <table name="Injector Flow Scaling" address="c78a8" />
  <table name="Per Injector Pulse Width Compensation A" address="cc15c">
    <table name="X" address="cc0dc" elements="16" />
    <table name="Y" address="cc11c" />
  </table>
  <table name="Per Injector Pulse Width Compensation B" address="cc2dc">
    <table name="X" address="cc25c" elements="16" />
    <table name="Y" address="cc29c" />
  </table>
  <table name="Per Injector Pulse Width Compensation C" address="cc45c">
    <table name="X" address="cc3dc" elements="16" />
    <table name="Y" address="cc41c" />
  </table>
  <table name="Per Injector Pulse Width Compensation D" address="cc5dc">
    <table name="X" address="cc55c" elements="16" />
    <table name="Y" address="cc59c" />
  </table>
  <table name="Cranking Fuel Injector Pulse Width A (ECT)" address="c8c52">
    <table name="Y" address="c7ff4" />
  </table>
  <table name="Cranking Fuel Injector Pulse Width B (ECT)" address="c8c72">
    <table name="Y" address="c7ff4" />
  </table>
  <table name="Cranking Fuel Injector Pulse Width C (ECT)" address="c8c92">
    <table name="Y" address="c7ff4" />
  </table>
  <table name="Cranking Fuel Injector Pulse Width D (ECT)" address="c8cb2">
    <table name="Y" address="c7ff4" />
  </table>
  <table name="Cranking Fuel Injector Pulse Width E (ECT)" address="c8cd2">
    <table name="Y" address="c7ff4" />
  </table>
  <table name="Cranking Fuel Injector Pulse Width F (ECT)" address="c8cf2">
    <table name="Y" address="c7ff4" />
  </table>
  <table name="Cranking Fuel IPW Compensation Imm. Cruise (RPM)" address="cb0f8">
    <table name="X" address="cb0c8" />
    <table name="Y" address="cb0dc" />
  </table>
  <table name="Cranking Fuel IPW Compensation Imm. Non-Cruise (RPM)" address="cb0a4">
    <table name="X" address="cb074" />
    <table name="Y" address="cb088" />
  </table>
  <table name="Cranking Fuel IPW Compensation (MAP)" address="c81f8">
    <table name="Y" address="c81d0" />
  </table>
  <table name="Cranking Fuel IPW Compensation (Accelerator)" address="c822c">
    <table name="Y" address="c8204" elements="10" />
  </table>
  <table name="Cranking Fuel IPW Compensation (IAT)" address="c824c">
    <table name="Y" address="c8238" />
  </table>
  <table name="Throttle Tip-in Enrichment A" address="ca754">
    <table name="Y" address="ca70c" />
  </table>
  <table name="Throttle Tip-in Enrichment B" address="ca7c0">
    <table name="Y" address="ca778" />
  </table>
  <table name="Minimum Tip-in Enrichment Activation" address="c7eb8" />
  <table name="Minimum Tip-in Enrichment Activation (Throttle)" address="c7eb4" />
  <table name="Tip-in Enrichment Compensation (Boost Error)" address="c8ab8">
    <table name="Y" address="c8a94" />
  </table>
  <table name="Tip-in Enrichment Compensation (RPM)" address="c8a84">
    <table name="Y" address="c8a44" elements="16" />
  </table>
  <table name="Tip-in Enrichment Compensation A (ECT)" address="c8ac1">
    <table name="Y" address="c7ff4" />
  </table>
  <table name="Tip-in Enrichment Compensation B (ECT)" address="ca7e4">
    <table name="Y" address="c7ff4" />
  </table>
  <table name="Tip-in Enrichment Compensation C (ECT)" address="ca804">
    <table name="Y" address="c7ff4" />
  </table>
  <table name="Tip-in Enrichment Compensation D (ECT)" address="ca844">
    <table name="Y" address="c8034" />
  </table>
  <table name="Tip-in Enrichment Compensation D (ECT) Activation" address="c7ebc" />
  <table name="Tip-in Enrichment Disable Applied Counter Threshold A (ECT)" address="c8ad1">
    <table name="Y" address="c7ff4" />
  </table>
  <table name="Tip-in Enrichment Disable Applied Counter Threshold B (ECT)" address="c8ae1">
    <table name="Y" address="c7ff4" />
  </table>
  <table name="Tip-in Enrichment Applied Counter Reset" address="c76d3" />
  <table name="Tip-in Enrichment Disable Throttle Cumulative Threshold A (ECT)" address="ca864">
    <table name="Y" address="c7ff4" />
  </table>
  <table name="Tip-in Enrichment Disable Throttle Cumulative Threshold B (ECT)" address="ca884">
    <table name="Y" address="c7ff4" />
  </table>
  <table name="Tip-in Throttle Cumulative Reset" address="c76d4" />
  <table name="Min Primary Base Enrichment 1 Cruise" address="cb350">
    <table name="X" address="c7ff4" />
    <table name="Y" address="cb32c" elements="9" />
  </table>
  <table name="Min Primary Base Enrichment 1 Non-Cruise" address="cb2ac">
    <table name="X" address="c7ff4" />
    <table name="Y" address="cb28c" />
  </table>
  <table name="Min Primary Base Enrichment 1 (Non-Primary OL)_" address="c82b1">
    <table name="Y" address="c7ff4" />
  </table>
  <table name="A/F Learning #1 Limits" address="c7adc" />
  <table name="A/F Learning #1 Airflow Ranges" address="c7aec" />
  <table name="MAF Limit (Maximum)" address="c2998" />
  <table name="MAF Sensor Scaling" address="d42cc">
    <table name="Y" address="d41f4" />
  </table>
  <table name="MAF Compensation (IAT)" address="c3110">
    <table name="X" address="c30dc" />
    <table name="Y" address="c30f0" />
  </table>
  <table name="Engine Load Limit A (Maximum)" address="1ffac" />
  <table name="Engine Load Limit B Maximum (RPM)" address="c2d3c">
    <table name="Y" address="c2d34" />
  </table>
  <table name="Engine Load Compensation Cruise (MP)" address="c31c0">
    <table name="X" address="c3138" />
    <table name="Y" address="c3164" elements="23" />
  </table>
  <table name="Engine Load Compensation Non-Cruise (MP)" address="c3340">
    <table name="X" address="c32c0" />
    <table name="Y" address="c32ec" elements="21" />
  </table>
  <table name="Base Timing Primary Cruise" address="cf8bc">
    <table name="X" address="cf828" elements="19" />
    <table name="Y" address="cf874" />
  </table>
  <table name="Base Timing Reference Cruise (AVCS related)" address="cfc94">
    <table name="X" address="cfc00" elements="19" />
    <table name="Y" address="cfc4c" />
  </table>
  <table name="Base Timing Primary Non-Cruise" address="cfaa8">
    <table name="X" address="cfa14" elements="19" />
    <table name="Y" address="cfa60" />
  </table>
  <table name="Base Timing Reference Non-Cruise (AVCS related)" address="cfe80">
    <table name="X" address="cfdec" elements="19" />
    <table name="Y" address="cfe38" />
  </table>
  <table name="Base Timing Idle A (In-Gear)" address="ce4ee">
    <table name="Y" address="ce2d4" />
  </table>
  <table name="Base Timing Idle B (In-Gear)" address="ce4fe">
    <table name="Y" address="ce2d4" />
  </table>
  <table name="Base Timing Idle A (Neutral)" address="ce50e">
    <table name="Y" address="ce2d4" />
  </table>
  <table name="Base Timing Idle B (Neutral)" address="ce51e">
    <table name="Y" address="ce2d4" />
  </table>
  <table name="Base Timing Idle Minimum" address="ce4e5">
    <table name="Y" address="ce354" />
  </table>
  <table name="Base Timing Idle Minimum Vehicle Speed Enable" address="cde84" />
  <table name="Knock Correction Advance Max Cruise" address="d090c">
    <table name="X" address="d0878" elements="19" />
    <table name="Y" address="d08c4" />
  </table>
  <table name="Knock Correction Advance Max Non-Cruise" address="d0af8">
    <table name="X" address="d0a64" elements="19" />
    <table name="Y" address="d0ab0" />
  </table>
  <table name="Timing Compensation A (IAT)" address="ce5d0">
    <table name="Y" address="ce590" />
  </table>
  <table name="Timing Compensation A (IAT) Activation" address="d0018">
    <table name="X" address="cffd8" />
    <table name="Y" address="cfff8" />
  </table>
  <table name="Timing Compensation B (IAT)" address="ceb78">
    <table name="Y" address="ceb38" />
  </table>
  <table name="Timing Compensation B (IAT) IAM Activation" address="ce034" />
  <table name="Timing Compensation B (IAT) Max Additive" address="ce018" />
  <table name="Timing Compensation Imm. Cruise A (ECT)" address="ce56e">
    <table name="Y" address="ce2d4" />
  </table>
  <table name="Timing Compensation Imm. Cruise B (ECT)" address="ce57e">
    <table name="Y" address="ce2d4" />
  </table>
  <table name="Timing Compensation Imm. Non-Cruise A (ECT)" address="ce54e">
    <table name="Y" address="ce2d4" />
  </table>
  <table name="Timing Compensation Imm. Non-Cruise B (ECT)" address="ce55e">
    <table name="Y" address="ce2d4" />
  </table>
  <table name="Timing Compensation Per Cylinder A" address="d04b4">
    <table name="X" address="d046c" />
    <table name="Y" address="d04a4" />
  </table>
  <table name="Timing Compensation Per Cylinder B" address="d0534">
    <table name="X" address="d04ec" />
    <table name="Y" address="d0524" />
  </table>
  <table name="Timing Compensation Per Cylinder C" address="d05b4">
    <table name="X" address="d056c" />
    <table name="Y" address="d05a4" />
  </table>
  <table name="Timing Compensation Per Cylinder D" address="d0634">
    <table name="X" address="d05ec" />
    <table name="Y" address="d0624" />
  </table>
  <table name="Timing Comp Minimum Load (Per Cylinder)" address="ce0b0" />
  <table name="Timing Comp Maximum RPM (Per Cylinder)" address="ce0ac" />
  <table name="Timing Comp Minimum Coolant Temp (Per Cylinder)" address="ce0b4" />
  <table name="Feedback Correction Range (RPM)" address="ce0c0" />
  <table name="Feedback Correction Minimum Load" address="ce0b8" />
  <table name="Feedback Correction Retard Value" address="ce0e0" />
  <table name="Feedback Correction Retard Limit" address="ce0dc" />
  <table name="Feedback Correction Negative Advance Value" address="ce0e4" />
  <table name="Feedback Correction Negative Advance Delay" address="cdd86" />
  <table name="Extended Feedback Correction High RPM Compensation" address="ce0ec" />
  <table name="Fine Correction Range (RPM)" address="ce288" />
  <table name="Fine Correction Range (Load)" address="ce298" />
  <table name="Fine Correction Rows (RPM)" address="ce228" />
  <table name="Fine Correction Columns (Load)" address="ce244" />
  <table name="Fine Correction Retard Value" address="ce26c" />
  <table name="Fine Correction Retard Limit" address="ce268" />
  <table name="Fine Correction Advance Value" address="ce264" />
  <table name="Fine Correction Advance Limit" address="ce260" />
  <table name="Fine Correction Advance Delay" address="cdd96" />
  <table name="Rough Correction Range (RPM)" address="ce1d0" />
  <table name="Rough Correction Range (Load)" address="ce1e0" />
  <table name="Rough Correction Minimum KC Advance Map Value" address="ce1f0" />
  <table name="Rough Correction Learning Delay (Increasing)_" address="cee44">
    <table name="Y" address="cee1c" />
  </table>
  <table name="Advance Multiplier (Initial)" address="ce1f4" />
  <table name="Advance Multiplier Step Value" address="ce1f8" />
  <table name="Intake Cam Advance Angle Cruise (AVCS)" address="d6404">
    <table name="X" address="d6370" elements="19" />
    <table name="Y" address="d63bc" />
  </table>
  <table name="Intake Cam Advance Angle Non-Cruise (AVCS)" address="d6744">
    <table name="X" address="d66b0" elements="19" />
    <table name="Y" address="d66fc" />
  </table>
  <table name="Exhaust Cam Retard Angle Cruise (AVCS)" address="d6e4c">
    <table name="X" address="d6db8" elements="19" />
    <table name="Y" address="d6e04" />
  </table>
  <table name="Exhaust Cam Retard Angle Non-Cruise (AVCS)" address="d718c">
    <table name="X" address="d70f8" elements="19" />
    <table name="Y" address="d7144" />
  </table>
  <table name="Requested Torque (Accelerator Pedal) SI-DRIVE Sport" address="dd8a0">
    <table name="X" address="dd81c" elements="16" />
    <table name="Y" address="dd85c" />
  </table>
  <table name="Requested Torque (Accelerator Pedal) SI-DRIVE Sport Sharp" address="ddb44">
    <table name="X" address="ddac0" elements="16" />
    <table name="Y" address="ddb00" />
  </table>
  <table name="Requested Torque (Accelerator Pedal) SI-DRIVE Intelligent" address="ddde8">
    <table name="X" address="ddd64" elements="16" />
    <table name="Y" address="ddda4" />
  </table>
  <table name="Requested Torque Base (RPM)" address="dc83c">
    <table name="Y" address="dc7fc" />
  </table>
  <table name="Target Throttle Plate Position Cruise (Requested Torque Ratio)" address="dcd08">
    <table name="X" address="dcc6c" />
    <table name="Y" address="dccc8" />
  </table>
  <table name="Target Throttle Plate Position Non-Cruise (Requested Torque Ratio)" address="dd084">
    <table name="X" address="dcfe8" />
    <table name="Y" address="dd044" />
  </table>
  <table name="Target Throttle Plate Position Maximum (Requested Torque Ratio)" address="dd400">
    <table name="X" address="dd364" />
    <table name="Y" address="dd3c0" />
  </table>
  <table name="Rev Limit (Fuel Cut)" address="c7f14" />
  <table name="Rev Limit Fuel Resume (Boost)" address="c7f1c" />
  <table name="Speed Limiting Enable (Fuel Cut)" address="c7f64" />
  <table name="Speed Limiting Disable (Fuel Cut)" address="c7f6c" />
  <table name="Speed Limiting A (Throttle) SI-DRIVE Sport/Sport Sharp" address="dc644" />
  <table name="Speed Limiting B (Throttle) SI-DRIVE Sport/Sport Sharp" address="dc65c" />
  <table name="Speed Limiting (Throttle) SI-DRIVE Intelligent" address="dc650" />
  <table name="Intake Temp Sensor Scaling" address="d40fc">
    <table name="Y" address="d4084" />
  </table>
  <table name="Coolant Temp Sensor Scaling" address="d4014">
    <table name="Y" address="d3fa4" />
  </table>
  <table name="Radiator Fan Modes A (ECT)" address="d478c" />
  <table name="Radiator Fan Modes B (ECT)" address="d479c" />
  <table name="Radiator Fan Modes (Veh. Speed)" address="d47ac" />
  <table name="Gear Determination Thresholds A" address="c2b90" />
  <table name="Gear Determination Thresholds B" address="c2ba4" />
  <table name="Gear Determination Thresholds C" address="c2bb8" />
  <table name="Idle Speed Target A" address="d20ce">
    <table name="Y" address="d1ab8" />
  </table>
  <table name="Idle Speed Target B" address="d210e">
    <table name="Y" address="d1ab8" />
  </table>
  <table name="Idle Speed Target C" address="d214e">
    <table name="Y" address="d1ab8" />
  </table>
  <table name="Force Pass Readiness Monitors_" address="8416c" />
  <table name="(P0000) PASS CODE (NO DTC DETECTED)" address="794a9" />
  <table name="(P0000) PASS CODE (NO DTC DETECTED)_" address="794aa" />
  <table name="(P0011) CAMSHAFT POS. - TIMING OVER-ADVANCED 1" address="7948d" />
  <table name="(P0014) EXHAUST AVCS SYSTEM 1 RANGE/PERF" address="79527" />
  <table name="(P0016) CRANKSHAFT/CAMSHAFT CORRELATION 1A" address="7951e" />
  <table name="(P0017) CRANK/CAM TIMING B FAILURE 1" address="7952f" />
  <table name="(P0018) CRANKSHAFT/CAMSHAFT CORRELATION 2A" address="7951d" />
  <table name="(P0019) CRANK/CAM TIMING B FAILURE 2" address="7952e" />
  <table name="(P0021) CAMSHAFT POS. - TIMING OVER-ADVANCED 2" address="7948e" />
  <table name="(P0024) EXHAUST AVCS SYSTEM 2 RANGE/PERF" address="79526" />
  <table name="(P0030) FRONT O2 SENSOR RANGE/PERF" address="794ce" />
  <table name="(P0031) FRONT O2 SENSOR LOW INPUT" address="794b8" />
  <table name="(P0032) FRONT O2 SENSOR HIGH INPUT" address="794b6" />
  <table name="(P0037) REAR O2 SENSOR LOW INPUT" address="794b7" />
  <table name="(P0038) REAR O2 SENSOR HIGH INPUT" address="794b5" />
  <table name="(P0102) MAF SENSOR LOW INPUT" address="79469" />
  <table name="(P0103) MAF SENSOR HIGH INPUT" address="7946a" />
  <table name="(P0107) MAP SENSOR LOW INPUT" address="794b9" />
  <table name="(P0108) MAP SENSOR HIGH INPUT" address="794ba" />
  <table name="(P0112) IAT SENSOR LOW INPUT" address="794b2" />
  <table name="(P0113) IAT SENSOR HIGH INPUT" address="794b3" />
  <table name="(P0117) COOLANT TEMP SENSOR LOW INPUT" address="79472" />
  <table name="(P0118) COOLANT TEMP SENSOR HIGH INPUT" address="79473" />
  <table name="(P0122) TPS A LOW INPUT" address="79470" />
  <table name="(P0123) TPS A HIGH INPUT" address="79471" />
  <table name="(P0125) INSUFFICIENT COOLANT TEMP (FUELING)" address="79475" />
  <table name="(P0131) FRONT O2 SENSOR LOW INPUT" address="794ac" />
  <table name="(P0132) FRONT O2 SENSOR HIGH INPUT" address="794ae" />
  <table name="(P0133) FRONT O2 SENSOR SLOW RESPONSE" address="79496" />
  <table name="(P0134) FRONT O2 SENSOR NO ACTIVITY" address="794cc" />
  <table name="(P0140) REAR O2 SENSOR NO ACTIVITY" address="79518" />
  <table name="(P0171) SYSTEM TOO LEAN" address="794a0" />
  <table name="(P0172) SYSTEM TOO RICH" address="794a1" />
  <table name="(P0222) TPS B LOW INPUT" address="794d6" />
  <table name="(P0223) TPS B HIGH INPUT" address="794d7" />
  <table name="(P0230) FUEL PUMP PRIMARY CIRCUIT" address="794c8" />
  <table name="(P0244) WASTEGATE SOLENOID A RANGE/PERF" address="794c6" />
  <table name="(P0245) WASTEGATE SOLENOID A LOW" address="794c4" />
  <table name="(P0246) WASTEGATE SOLENOID A HIGH" address="794c5" />
  <table name="(P0301) MISFIRE CYLINDER 1" address="794a2" />
  <table name="(P0302) MISFIRE CYLINDER 2" address="794a3" />
  <table name="(P0303) MISFIRE CYLINDER 3" address="794a4" />
  <table name="(P0304) MISFIRE CYLINDER 4" address="794a5" />
  <table name="(P0327) KNOCK SENSOR 1 LOW INPUT" address="7946e" />
  <table name="(P0328) KNOCK SENSOR 1 HIGH INPUT" address="7946f" />
  <table name="(P0335) CRANKSHAFT POS. SENSOR A MALFUNCTION" address="79464" />
  <table name="(P0340) CAMSHAFT POS. SENSOR A MALFUNCTION" address="794ea" />
  <table name="(P0345) CAMSHAFT POS. SENSOR A BANK 2" address="794e9" />
  <table name="(P0365) CAMSHAFT POS. SENSOR B BANK 1" address="794e8" />
  <table name="(P0390) CAMSHAFT POS. SENSOR B BANK 2" address="794e7" />
  <table name="(P0410) SECONDARY AIR PUMP SYSTEM" address="79512" />
  <table name="(P0413) SECONDARY AIR PUMP A OPEN" address="79516" />
  <table name="(P0414) SECONDARY AIR PUMP A SHORTED" address="7951b" />
  <table name="(P0418) SECONDARY AIR PUMP RELAY A" address="79517" />
  <table name="(P0420) CAT EFFICIENCY BELOW THRESHOLD" address="7949c" />
  <table name="(P0458) EVAP PURGE VALVE CIRCUIT LOW" address="79491" />
  <table name="(P0459) EVAP PURGE VALVE CIRCUIT HIGH" address="79492" />
  <table name="(P0462) FUEL LEVEL SENSOR LOW INPUT" address="79476" />
  <table name="(P0463) FUEL LEVEL SENSOR HIGH INPUT" address="79477" />
  <table name="(P0500) VEHICLE SPEED SENSOR A" address="7946b" />
  <table name="(P0512) STARTER REQUEST CIRCUIT" address="7947a" />
  <table name="(P0562) SYSTEM VOLTAGE LOW" address="794c2" />
  <table name="(P0563) SYSTEM VOLTAGE HIGH" address="794c3" />
  <table name="(P0600) SERIAL COMMUNICATION LINK" address="794e6" />
  <table name="(P0604) CONTROL MODULE RAM ERROR" address="79468" />
  <table name="(P0605) CONTROL MODULE ROM ERROR" address="794eb" />
  <table name="(P0607) CONTROL MODULE PERFORMANCE" address="794de" />
  <table name="(P0638) THROTTLE ACTUATOR RANGE/PERF" address="794dd" />
  <table name="(P0851) NEUTRAL SWITCH INPUT LOW" address="7947e" />
  <table name="(P0852) NEUTRAL SWITCH INPUT HIGH" address="79482" />
  <table name="(P1160) ABNORMAL RETURN SPRING" address="794d8" />
  <table name="(P1410) SECONDARY AIR PUMP VALVE STUCK OPEN" address="7951f" />
  <table name="(P1418) SECONDARY AIR PUMP CIRCUIT SHORTED" address="7951c" />
  <table name="(P1519) IMRC STUCK CLOSED" address="7952a" />
  <table name="(P1520) IMRC CIRCUIT MALFUNCTION" address="79529" />
  <table name="(P1560) BACK-UP VOLTAGE MALFUNCTION" address="794c1" />
  <table name="(P1616) SBDS INTERACTIVE CODES" address="79528" />
  <table name="(P2004) TGV - INTAKE MANIFOLD RUNNER 1 STUCK OPEN" address="79500" />
  <table name="(P2005) TGV - INTAKE MANIFOLD RUNNER 2 STUCK OPEN" address="79502" />
  <table name="(P2006) TGV - INTAKE MANIFOLD RUNNER 1 STUCK CLOSED" address="79501" />
  <table name="(P2007) TGV - INTAKE MANIFOLD RUNNER 2 STUCK CLOSED" address="79503" />
  <table name="(P2008) TGV - INTAKE MANIFOLD RUNNER 1 CIRCUIT OPEN" address="7950e" />
  <table name="(P2009) TGV - INTAKE MANIFOLD RUNNER 1 CIRCUIT LOW" address="7950c" />
  <table name="(P2011) TGV - INTAKE MANIFOLD RUNNER 2 CIRCUIT OPEN" address="7950f" />
  <table name="(P2012) TGV - INTAKE MANIFOLD RUNNER 2 CIRCUIT LOW" address="7950d" />
  <table name="(P2016) TGV - INTAKE MANIFOLD RUNNER 1 POS. SENSOR LOW" address="79508" />
  <table name="(P2017) TGV - INTAKE MANIFOLD RUNNER 1 POS. SENSOR HIGH" address="79509" />
  <table name="(P2021) TGV - INTAKE MANIFOLD RUNNER 2 POS. SENSOR LOW" address="7950a" />
  <table name="(P2022) TGV - INTAKE MANIFOLD RUNNER 2 POS. SENSOR HIGH" address="7950b" />
  <table name="(P2088) OCV SOLENOID A1 CIRCUIT OPEN" address="794f3" />
  <table name="(P2089) OCV SOLENOID A1 CIRCUIT SHORT" address="794f2" />
  <table name="(P2090) OCV SOLENOID B1 CIRCUIT OPEN" address="794ef" />
  <table name="(P2091) OCV SOLENOID B1 CIRCUIT SHORT" address="794ee" />
  <table name="(P2092) OCV SOLENOID A2 CIRCUIT OPEN" address="794f1" />
  <table name="(P2093) OCV SOLENOID A2 CIRCUIT SHORT" address="794f0" />
  <table name="(P2094) OCV SOLENOID B2 CIRCUIT OPEN" address="794ed" />
  <table name="(P2095) OCV SOLENOID B2 CIRCUIT SHORT" address="794ec" />
  <table name="(P2101) THROTTLE ACTUATOR CIRCUIT RANGE/PERF" address="794db" />
  <table name="(P2102) THROTTLE ACTUATOR CIRCUIT LOW" address="794d9" />
  <table name="(P2103) THROTTLE ACTUATOR CIRCUIT HIGH" address="794da" />
  <table name="(P2109) TPS A MINIMUM STOP PERF" address="794d5" />
  <table name="(P2122) TPS D CIRCUIT LOW INPUT" address="794e2" />
  <table name="(P2123) TPS D CIRCUIT HIGH INPUT" address="794e3" />
  <table name="(P2127) TPS E CIRCUIT LOW INPUT" address="794e0" />
  <table name="(P2128) TPS E CIRCUIT HIGH INPUT" address="794e1" />
  <table name="(P2135) TPS A/B VOLTAGE" address="794e4" />
  <table name="(P2138) TPS D/E VOLTAGE" address="794df" />
  <table name="(P2432) SECONDARY AIR PUMP CIRCUIT LOW" address="79515" />
  <table name="(P2433) SECONDARY AIR PUMP CIRCUIT HIGH" address="79514" />
  <table name="(P2441) SECONDARY AIR PUMP VALVE 1 STUCK CLOSED" address="79522" />
  <table name="(P2444) SECONDARY AIR PUMP 1 STUCK ON B1" address="79510" />
</rom>