<rom>
  <romid>
    <xmlid>AZ1G200J</xmlid>
    <internalidaddress>2004</internalidaddress>
    <internalidstring>AZ1G200J</internalidstring>
    <ecuid>5AA2784007</ecuid>
    <year>08</year>
    <market>SADM</market>
    <make>Subaru</make>
    <model>Impreza</model>
    <submodel>STi</submodel>
    <transmission>MT</transmission>
    <memmodel>SH7058</memmodel>
    <flashmethod>subarucan</flashmethod>
    <checksummodule>subarudbw</checksummodule>
  </romid>
  <include>32BITBASE</include>
  	
	<!-- Alpha Fuel pump duty tables -->
	
	<table name="Fuel Pump Duty" address="421EC"/>
	
  <table name="Target Boost_" address="c0bcc">
    <table name="X" address="c0b5c" elements="14" />
    <table name="Y" address="c0b94" elements="14" />
  </table>
  <table name="Target Boost Compensation (ECT)" address="c06e0">
    <table name="Y" address="c0600" />
  </table>
  <table name="Target Boost Compensation (1st Gear)" address="c05f8" />
  <table name="Target Boost Compensation (1st Gear) Speed Disable" address="c05f4" />
  <table name="Target Boost Compensation (IAT)_" address="c083c">
    <table name="Y" address="c0810" elements="11" />
  </table>
  <table name="Target Boost Compensation (Atm. Pressure)_" address="c08d8">
    <table name="X" address="c08a8" />
    <table name="Y" address="c08c0" />
  </table>
  <table name="Boost Limit (Fuel Cut)_" address="cdcc8">
    <table name="X" address="cdc98" />
    <table name="Y" address="cdcb0" />
  </table>
  <table name="Boost Control Disable (IAM)" address="c05e8" />
  <table name="Boost Control Disable (Fine Correction)" address="c05e4" />
  <table name="Boost Control Disable Delay (Fine Correction)" address="c0599" />
  <table name="Initial Wastegate Duty_" address="c0a80">
    <table name="X" address="c0a2c" elements="11" />
    <table name="Y" address="c0a58" elements="10" />
  </table>
  <table name="Max Wastegate Duty_" address="c0950">
    <table name="X" address="c08fc" elements="11" />
    <table name="Y" address="c0928" elements="10" />
  </table>
  <table name="Max Wastegate Duty Limit Post-Compensation" address="13c84" />
  <table name="Initial/Max Wastegate Duty Compensation (IAT)" address="c0680">
    <table name="Y" address="c0640" />
  </table>
  <table name="Initial/Max Wastegate Duty Compensation (ECT)" address="c06a0">
    <table name="Y" address="c0600" />
  </table>
  <table name="Initial/Max Wastegate Duty Compensation (Atm. Pressure)" address="c0890">
    <table name="X" address="c0868" />
    <table name="Y" address="c0880" />
  </table>
  <table name="Turbo Dynamics Proportional" address="c0714">
    <table name="Y" address="c06f0" />
  </table>
  <table name="Turbo Dynamics Integral Positive" address="c0784">
    <table name="Y" address="c0760" />
  </table>
  <table name="Turbo Dynamics Integral Negative" address="c074c">
    <table name="Y" address="c0728" />
  </table>
  <table name="TD Proportional Compensation (IAT)" address="c06b0">
    <table name="Y" address="c0640" elements="16" />
  </table>
  <table name="TD Integral Positive Compensation (IAT)" address="c06d0">
    <table name="Y" address="c0640" elements="16" />
  </table>
  <table name="TD Integral Negative Compensation (IAT)" address="c06c0">
    <table name="Y" address="c0640" elements="16" />
  </table>
  <table name="TD Activation Thresholds (RPM)" address="c05d4" />
  <table name="TD Activation Thresholds (Target Boost)_" address="c05c0" />
  <table name="TD Integral Cumulative Range (WGDC Correction)" address="c05dc" />
  <table name="TD Integral Negative Activation (Boost Error)" address="c05c8" />
  <table name="TD Integral Positive Activation (Boost Error)" address="c05cc" />
  <table name="TD Integral Negative Activation (Wastegate Duty)" address="c05d0" />
  <table name="Manifold Pressure Sensor Scaling_" address="d3f44" />
  <table name="Manifold Pressure Sensor Limits (CEL)" address="d3f0e" />
  <table name="Manifold Pressure Sensor CEL Delays" address="c3ae4" />
  <table name="Primary Open Loop Fueling" address="cb748">
    <table name="X" address="cb6b4" elements="19" />
    <table name="Y" address="cb700" />
  </table>
  <table name="Primary Open Loop Fueling (Failsafe)" address="cb934">
    <table name="X" address="cb8a0" elements="19" />
    <table name="Y" address="cb8ec" />
  </table>
  <table name="Primary Open Loop Fuel Map Switch (IAM)" address="c7b80" />
  <table name="Minimum Active Primary Open Loop Enrichment" address="c7b84" />
  <table name="Minimum Primary Open Loop Enrichment (Throttle)" address="c8720">
    <table name="Y" address="c8708" />
  </table>
  <table name="Minimum Primary Open Loop Enrichment (Accelerator)" address="c8744">
    <table name="Y" address="c8728" elements="7" />
  </table>
  <table name="Primary Open Loop Fueling Compensation (ECT)" address="c9fc0">
    <table name="Y" address="c7fe4" />
  </table>
  <table name="Primary Open Loop Fueling Compensation (Timing Compensation)_" address="c86b0">
    <table name="Y" address="c8698" />
  </table>
  <table name="Front Oxygen Sensor Scaling" address="d43c8">
    <table name="Y" address="d4394" />
  </table>
  <table name="Front Oxygen Sensor Rich Limit" address="20edc" />
  <table name="Front Oxygen Sensor Compensation (Atm. Pressure)" address="c2e3c">
    <table name="Y" address="c2e2c" />
  </table>
  <table name="CL Fueling Target Compensation A (Load)" address="cce50">
    <table name="X" address="ccdfc" />
    <table name="Y" address="cce28" />
  </table>
  <table name="CL Fueling Target Compensation B (Load)" address="cd0b0">
    <table name="X" address="cd05c" />
    <table name="Y" address="cd088" elements="10" />
  </table>
  <table name="CL Fueling Target Compensation Imm. Cruise (ECT)" address="ccd30">
    <table name="X" address="c7fe4" />
    <table name="Y" address="ccd24" />
  </table>
  <table name="CL Fueling Target Compensation Imm. Non-Cruise (ECT)" address="ccd9c">
    <table name="X" address="c7fe4" />
    <table name="Y" address="ccd90" />
  </table>
  <table name="CL to OL Delay_" address="c7706" />
  <table name="CL to OL Delay/Switch SI-DRIVE Intelligent" address="c7700" />
  <table name="CL to OL Transition with Delay (Throttle)" address="c86f8">
    <table name="Y" address="c86b8" />
  </table>
  <table name="CL to OL Transition with Delay Throttle Hysteresis" address="c7b8c" />
  <table name="CL to OL Transition with Delay (Base Pulse Width)" address="c9eec">
    <table name="Y" address="c9eac" />
  </table>
  <table name="CL to OL Transition with Delay BPW Hysteresis" address="c7b88" />
  <table name="CL to OL Transition Counter Step Value (MAF)" address="c9f34">
    <table name="Y" address="c9f0c" />
  </table>
  <table name="CL Delay Maximum (Throttle)" address="c7bec" />
  <table name="CL Delay Maximum (Vehicle Speed)" address="c7c08" />
  <table name="CL Delay Minimum (ECT)" address="c7b90" />
  <table name="CL Delay Maximum (Engine Load)" address="c7c18" />
  <table name="CL Delay Engine Load Counter Threshold" address="c76fe" />
  <table name="CL Delay Maximum Engine Speed (Per Gear)" address="c7b94" />
  <table name="CL Delay Maximum Engine Speed (Neutral)" address="c7bbc" />
  <table name="Injector Latency_" address="cc8f0">
    <table name="X" address="cc8d0" />
    <table name="Y" address="cc8e4" />
  </table>
  <table name="Injector Flow Scaling" address="c7898" />
  <table name="Per Injector Pulse Width Compensation A" address="cc14c">
    <table name="X" address="cc0cc" elements="16" />
    <table name="Y" address="cc10c" />
  </table>
  <table name="Per Injector Pulse Width Compensation B" address="cc2cc">
    <table name="X" address="cc24c" elements="16" />
    <table name="Y" address="cc28c" />
  </table>
  <table name="Per Injector Pulse Width Compensation C" address="cc44c">
    <table name="X" address="cc3cc" elements="16" />
    <table name="Y" address="cc40c" />
  </table>
  <table name="Per Injector Pulse Width Compensation D" address="cc5cc">
    <table name="X" address="cc54c" elements="16" />
    <table name="Y" address="cc58c" />
  </table>
  <table name="Cranking Fuel Injector Pulse Width A (ECT)" address="c8c42">
    <table name="Y" address="c7fe4" />
  </table>
  <table name="Cranking Fuel Injector Pulse Width B (ECT)" address="c8c62">
    <table name="Y" address="c7fe4" />
  </table>
  <table name="Cranking Fuel Injector Pulse Width C (ECT)" address="c8c82">
    <table name="Y" address="c7fe4" />
  </table>
  <table name="Cranking Fuel Injector Pulse Width D (ECT)" address="c8ca2">
    <table name="Y" address="c7fe4" />
  </table>
  <table name="Cranking Fuel Injector Pulse Width E (ECT)" address="c8cc2">
    <table name="Y" address="c7fe4" />
  </table>
  <table name="Cranking Fuel Injector Pulse Width F (ECT)" address="c8ce2">
    <table name="Y" address="c7fe4" />
  </table>
  <table name="Cranking Fuel IPW Compensation Imm. Cruise (RPM)" address="cb0e8">
    <table name="X" address="cb0b8" />
    <table name="Y" address="cb0cc" />
  </table>
  <table name="Cranking Fuel IPW Compensation Imm. Non-Cruise (RPM)" address="cb094">
    <table name="X" address="cb064" />
    <table name="Y" address="cb078" />
  </table>
  <table name="Cranking Fuel IPW Compensation (MAP)" address="c81e8">
    <table name="Y" address="c81c0" />
  </table>
  <table name="Cranking Fuel IPW Compensation (Accelerator)" address="c821c">
    <table name="Y" address="c81f4" elements="10" />
  </table>
  <table name="Cranking Fuel IPW Compensation (IAT)" address="c823c">
    <table name="Y" address="c8228" />
  </table>
  <table name="Throttle Tip-in Enrichment A" address="ca744">
    <table name="Y" address="ca6fc" />
  </table>
  <table name="Throttle Tip-in Enrichment B" address="ca7b0">
    <table name="Y" address="ca768" />
  </table>
  <table name="Minimum Tip-in Enrichment Activation" address="c7ea8" />
  <table name="Minimum Tip-in Enrichment Activation (Throttle)" address="c7ea4" />
  <table name="Tip-in Enrichment Compensation (Boost Error)" address="c8aa8">
    <table name="Y" address="c8a84" />
  </table>
  <table name="Tip-in Enrichment Compensation (RPM)" address="c8a74">
    <table name="Y" address="c8a34" elements="16" />
  </table>
  <table name="Tip-in Enrichment Compensation A (ECT)" address="c8ab1">
    <table name="Y" address="c7fe4" />
  </table>
  <table name="Tip-in Enrichment Compensation B (ECT)" address="ca7d4">
    <table name="Y" address="c7fe4" />
  </table>
  <table name="Tip-in Enrichment Compensation C (ECT)" address="ca7f4">
    <table name="Y" address="c7fe4" />
  </table>
  <table name="Tip-in Enrichment Compensation D (ECT)" address="ca834">
    <table name="Y" address="c8024" />
  </table>
  <table name="Tip-in Enrichment Compensation D (ECT) Activation" address="c7eac" />
  <table name="Tip-in Enrichment Disable Applied Counter Threshold A (ECT)" address="c8ac1">
    <table name="Y" address="c7fe4" />
  </table>
  <table name="Tip-in Enrichment Disable Applied Counter Threshold B (ECT)" address="c8ad1">
    <table name="Y" address="c7fe4" />
  </table>
  <table name="Tip-in Enrichment Applied Counter Reset" address="c76c3" />
  <table name="Tip-in Enrichment Disable Throttle Cumulative Threshold A (ECT)" address="ca854">
    <table name="Y" address="c7fe4" />
  </table>
  <table name="Tip-in Enrichment Disable Throttle Cumulative Threshold B (ECT)" address="ca874">
    <table name="Y" address="c7fe4" />
  </table>
  <table name="Tip-in Throttle Cumulative Reset" address="c76c4" />
  <table name="Min Primary Base Enrichment 1 Cruise" address="cb340">
    <table name="X" address="c7fe4" />
    <table name="Y" address="cb31c" elements="9" />
  </table>
  <table name="Min Primary Base Enrichment 1 Non-Cruise" address="cb29c">
    <table name="X" address="c7fe4" />
    <table name="Y" address="cb27c" />
  </table>
  <table name="Min Primary Base Enrichment 1 (Non-Primary OL)_" address="c82a1">
    <table name="Y" address="c7fe4" />
  </table>
  <table name="A/F Learning #1 Limits" address="c7acc" />
  <table name="A/F Learning #1 Airflow Ranges" address="c7adc" />
  <table name="MAF Limit (Maximum)" address="c2998" />
  <table name="MAF Sensor Scaling" address="d42bc">
    <table name="Y" address="d41e4" />
  </table>
  <table name="MAF Compensation (IAT)" address="c3110">
    <table name="X" address="c30dc" />
    <table name="Y" address="c30f0" />
  </table>
  <table name="Engine Load Limit A (Maximum)" address="1f60c" />
  <table name="Engine Load Limit B Maximum (RPM)" address="c2d3c">
    <table name="Y" address="c2d34" />
  </table>
  <table name="Engine Load Compensation Cruise (MP)" address="c31c0">
    <table name="X" address="c3138" />
    <table name="Y" address="c3164" elements="23" />
  </table>
  <table name="Engine Load Compensation Non-Cruise (MP)" address="c3340">
    <table name="X" address="c32c0" />
    <table name="Y" address="c32ec" elements="21" />
  </table>
  <table name="Base Timing Primary Cruise" address="cf8ac">
    <table name="X" address="cf818" elements="19" />
    <table name="Y" address="cf864" />
  </table>
  <table name="Base Timing Reference Cruise (AVCS related)" address="cfc84">
    <table name="X" address="cfbf0" elements="19" />
    <table name="Y" address="cfc3c" />
  </table>
  <table name="Base Timing Primary Non-Cruise" address="cfa98">
    <table name="X" address="cfa04" elements="19" />
    <table name="Y" address="cfa50" />
  </table>
  <table name="Base Timing Reference Non-Cruise (AVCS related)" address="cfe70">
    <table name="X" address="cfddc" elements="19" />
    <table name="Y" address="cfe28" />
  </table>
  <table name="Base Timing Idle A (In-Gear)" address="ce4de">
    <table name="Y" address="ce2c4" />
  </table>
  <table name="Base Timing Idle B (In-Gear)" address="ce4ee">
    <table name="Y" address="ce2c4" />
  </table>
  <table name="Base Timing Idle A (Neutral)" address="ce4fe">
    <table name="Y" address="ce2c4" />
  </table>
  <table name="Base Timing Idle B (Neutral)" address="ce50e">
    <table name="Y" address="ce2c4" />
  </table>
  <table name="Base Timing Idle Minimum" address="ce4d5">
    <table name="Y" address="ce344" />
  </table>
  <table name="Base Timing Idle Minimum Vehicle Speed Enable" address="cde74" />
  <table name="Knock Correction Advance Max Cruise" address="d08fc">
    <table name="X" address="d0868" elements="19" />
    <table name="Y" address="d08b4" />
  </table>
  <table name="Knock Correction Advance Max Non-Cruise" address="d0ae8">
    <table name="X" address="d0a54" elements="19" />
    <table name="Y" address="d0aa0" />
  </table>
  <table name="Timing Compensation A (IAT)" address="ce5c0">
    <table name="Y" address="ce580" />
  </table>
  <table name="Timing Compensation A (IAT) Activation" address="d0008">
    <table name="X" address="cffc8" />
    <table name="Y" address="cffe8" />
  </table>
  <table name="Timing Compensation B (IAT)" address="ceb68">
    <table name="Y" address="ceb28" />
  </table>
  <table name="Timing Compensation B (IAT) IAM Activation" address="ce024" />
  <table name="Timing Compensation B (IAT) Max Additive" address="ce008" />
  <table name="Timing Compensation Imm. Cruise A (ECT)" address="ce55e">
    <table name="Y" address="ce2c4" />
  </table>
  <table name="Timing Compensation Imm. Cruise B (ECT)" address="ce56e">
    <table name="Y" address="ce2c4" />
  </table>
  <table name="Timing Compensation Imm. Non-Cruise A (ECT)" address="ce53e">
    <table name="Y" address="ce2c4" />
  </table>
  <table name="Timing Compensation Imm. Non-Cruise B (ECT)" address="ce54e">
    <table name="Y" address="ce2c4" />
  </table>
  <table name="Timing Compensation Per Cylinder A" address="d04a4">
    <table name="X" address="d045c" />
    <table name="Y" address="d0494" />
  </table>
  <table name="Timing Compensation Per Cylinder B" address="d0524">
    <table name="X" address="d04dc" />
    <table name="Y" address="d0514" />
  </table>
  <table name="Timing Compensation Per Cylinder C" address="d05a4">
    <table name="X" address="d055c" />
    <table name="Y" address="d0594" />
  </table>
  <table name="Timing Compensation Per Cylinder D" address="d0624">
    <table name="X" address="d05dc" />
    <table name="Y" address="d0614" />
  </table>
  <table name="Timing Comp Minimum Load (Per Cylinder)" address="ce0a0" />
  <table name="Timing Comp Maximum RPM (Per Cylinder)" address="ce09c" />
  <table name="Timing Comp Minimum Coolant Temp (Per Cylinder)" address="ce0a4" />
  <table name="Feedback Correction Range (RPM)" address="ce0b0" />
  <table name="Feedback Correction Minimum Load" address="ce0a8" />
  <table name="Feedback Correction Retard Value" address="ce0d0" />
  <table name="Feedback Correction Retard Limit" address="ce0cc" />
  <table name="Feedback Correction Negative Advance Value" address="ce0d4" />
  <table name="Feedback Correction Negative Advance Delay" address="cdd76" />
  <table name="Extended Feedback Correction High RPM Compensation" address="ce0dc" />
  <table name="Fine Correction Range (RPM)" address="ce278" />
  <table name="Fine Correction Range (Load)" address="ce288" />
  <table name="Fine Correction Rows (RPM)" address="ce218" />
  <table name="Fine Correction Columns (Load)" address="ce234" />
  <table name="Fine Correction Retard Value" address="ce25c" />
  <table name="Fine Correction Retard Limit" address="ce258" />
  <table name="Fine Correction Advance Value" address="ce254" />
  <table name="Fine Correction Advance Limit" address="ce250" />
  <table name="Fine Correction Advance Delay" address="cdd86" />
  <table name="Rough Correction Range (RPM)" address="ce1c0" />
  <table name="Rough Correction Range (Load)" address="ce1d0" />
  <table name="Rough Correction Minimum KC Advance Map Value" address="ce1e0" />
  <table name="Rough Correction Learning Delay (Increasing)_" address="cee34">
    <table name="Y" address="cee0c" />
  </table>
  <table name="Advance Multiplier (Initial)" address="ce1e4" />
  <table name="Advance Multiplier Step Value" address="ce1e8" />
  <table name="Intake Cam Advance Angle Cruise (AVCS)" address="d63f4">
    <table name="X" address="d6360" elements="19" />
    <table name="Y" address="d63ac" />
  </table>
  <table name="Intake Cam Advance Angle Non-Cruise (AVCS)" address="d6734">
    <table name="X" address="d66a0" elements="19" />
    <table name="Y" address="d66ec" />
  </table>
  <table name="Exhaust Cam Retard Angle Cruise (AVCS)" address="d6e3c">
    <table name="X" address="d6da8" elements="19" />
    <table name="Y" address="d6df4" />
  </table>
  <table name="Exhaust Cam Retard Angle Non-Cruise (AVCS)" address="d717c">
    <table name="X" address="d70e8" elements="19" />
    <table name="Y" address="d7134" />
  </table>
  <table name="Requested Torque (Accelerator Pedal) SI-DRIVE Sport" address="dd8a0">
    <table name="X" address="dd81c" elements="16" />
    <table name="Y" address="dd85c" />
  </table>
  <table name="Requested Torque (Accelerator Pedal) SI-DRIVE Sport Sharp" address="ddb44">
    <table name="X" address="ddac0" elements="16" />
    <table name="Y" address="ddb00" />
  </table>
  <table name="Requested Torque (Accelerator Pedal) SI-DRIVE Intelligent" address="ddde8">
    <table name="X" address="ddd64" elements="16" />
    <table name="Y" address="ddda4" />
  </table>
  <table name="Requested Torque Base (RPM)" address="dc83c">
    <table name="Y" address="dc7fc" />
  </table>
  <table name="Target Throttle Plate Position Cruise (Requested Torque Ratio)" address="dcd08">
    <table name="X" address="dcc6c" />
    <table name="Y" address="dccc8" />
  </table>
  <table name="Target Throttle Plate Position Non-Cruise (Requested Torque Ratio)" address="dd084">
    <table name="X" address="dcfe8" />
    <table name="Y" address="dd044" />
  </table>
  <table name="Target Throttle Plate Position Maximum (Requested Torque Ratio)" address="dd400">
    <table name="X" address="dd364" />
    <table name="Y" address="dd3c0" />
  </table>
  <table name="Rev Limit (Fuel Cut)" address="c7f04" />
  <table name="Rev Limit Fuel Resume (Boost)" address="c7f0c" />
  <table name="Speed Limiting Enable (Fuel Cut)" address="c7f54" />
  <table name="Speed Limiting Disable (Fuel Cut)" address="c7f5c" />
  <table name="Speed Limiting A (Throttle) SI-DRIVE Sport/Sport Sharp" address="dc644" />
  <table name="Speed Limiting B (Throttle) SI-DRIVE Sport/Sport Sharp" address="dc65c" />
  <table name="Speed Limiting (Throttle) SI-DRIVE Intelligent" address="dc650" />
  <table name="Intake Temp Sensor Scaling" address="d40ec">
    <table name="Y" address="d4074" />
  </table>
  <table name="Coolant Temp Sensor Scaling" address="d4004">
    <table name="Y" address="d3f94" />
  </table>
  <table name="Radiator Fan Modes A (ECT)" address="d477c" />
  <table name="Radiator Fan Modes B (ECT)" address="d478c" />
  <table name="Radiator Fan Modes (Veh. Speed)" address="d479c" />
  <table name="Gear Determination Thresholds A" address="c2b90" />
  <table name="Gear Determination Thresholds B" address="c2ba4" />
  <table name="Gear Determination Thresholds C" address="c2bb8" />
  <table name="Idle Speed Target A" address="d20be">
    <table name="Y" address="d1aa8" />
  </table>
  <table name="Idle Speed Target B" address="d20fe">
    <table name="Y" address="d1aa8" />
  </table>
  <table name="Idle Speed Target C" address="d213e">
    <table name="Y" address="d1aa8" />
  </table>
  <table name="Force Pass Readiness Monitors_" address="81978" />
  <table name="(P0000) PASS CODE (NO DTC DETECTED)" address="76cfd" />
  <table name="(P0000) PASS CODE (NO DTC DETECTED)_" address="76cfe" />
  <table name="(P0011) CAMSHAFT POS. - TIMING OVER-ADVANCED 1" address="76ce1" />
  <table name="(P0014) EXHAUST AVCS SYSTEM 1 RANGE/PERF" address="76d7b" />
  <table name="(P0016) CRANKSHAFT/CAMSHAFT CORRELATION 1A" address="76d72" />
  <table name="(P0017) CRANK/CAM TIMING B FAILURE 1" address="76d83" />
  <table name="(P0018) CRANKSHAFT/CAMSHAFT CORRELATION 2A" address="76d71" />
  <table name="(P0019) CRANK/CAM TIMING B FAILURE 2" address="76d82" />
  <table name="(P0021) CAMSHAFT POS. - TIMING OVER-ADVANCED 2" address="76ce2" />
  <table name="(P0024) EXHAUST AVCS SYSTEM 2 RANGE/PERF" address="76d7a" />
  <table name="(P0031) FRONT O2 SENSOR LOW INPUT" address="76d0c" />
  <table name="(P0032) FRONT O2 SENSOR HIGH INPUT" address="76d0a" />
  <table name="(P0037) REAR O2 SENSOR LOW INPUT" address="76d0b" />
  <table name="(P0038) REAR O2 SENSOR HIGH INPUT" address="76d09" />
  <table name="(P0102) MAF SENSOR LOW INPUT" address="76cbd" />
  <table name="(P0103) MAF SENSOR HIGH INPUT" address="76cbe" />
  <table name="(P0107) MAP SENSOR LOW INPUT" address="76d0d" />
  <table name="(P0108) MAP SENSOR HIGH INPUT" address="76d0e" />
  <table name="(P0112) IAT SENSOR LOW INPUT" address="76d06" />
  <table name="(P0113) IAT SENSOR HIGH INPUT" address="76d07" />
  <table name="(P0117) COOLANT TEMP SENSOR LOW INPUT" address="76cc6" />
  <table name="(P0118) COOLANT TEMP SENSOR HIGH INPUT" address="76cc7" />
  <table name="(P0122) TPS A LOW INPUT" address="76cc4" />
  <table name="(P0123) TPS A HIGH INPUT" address="76cc5" />
  <table name="(P0125) INSUFFICIENT COOLANT TEMP (FUELING)" address="76cc9" />
  <table name="(P0131) FRONT O2 SENSOR LOW INPUT" address="76d00" />
  <table name="(P0132) FRONT O2 SENSOR HIGH INPUT" address="76d02" />
  <table name="(P0134) FRONT O2 SENSOR NO ACTIVITY" address="76d20" />
  <table name="(P0140) REAR O2 SENSOR NO ACTIVITY" address="76d6c" />
  <table name="(P0171) SYSTEM TOO LEAN" address="76cf4" />
  <table name="(P0172) SYSTEM TOO RICH" address="76cf5" />
  <table name="(P0222) TPS B LOW INPUT" address="76d2a" />
  <table name="(P0223) TPS B HIGH INPUT" address="76d2b" />
  <table name="(P0230) FUEL PUMP PRIMARY CIRCUIT" address="76d1c" />
  <table name="(P0244) WASTEGATE SOLENOID A RANGE/PERF" address="76d1a" />
  <table name="(P0245) WASTEGATE SOLENOID A LOW" address="76d18" />
  <table name="(P0246) WASTEGATE SOLENOID A HIGH" address="76d19" />
  <table name="(P0301) MISFIRE CYLINDER 1" address="76cf6" />
  <table name="(P0302) MISFIRE CYLINDER 2" address="76cf7" />
  <table name="(P0303) MISFIRE CYLINDER 3" address="76cf8" />
  <table name="(P0304) MISFIRE CYLINDER 4" address="76cf9" />
  <table name="(P0327) KNOCK SENSOR 1 LOW INPUT" address="76cc2" />
  <table name="(P0328) KNOCK SENSOR 1 HIGH INPUT" address="76cc3" />
  <table name="(P0335) CRANKSHAFT POS. SENSOR A MALFUNCTION" address="76cb8" />
  <table name="(P0340) CAMSHAFT POS. SENSOR A MALFUNCTION" address="76d3e" />
  <table name="(P0345) CAMSHAFT POS. SENSOR A BANK 2" address="76d3d" />
  <table name="(P0365) CAMSHAFT POS. SENSOR B BANK 1" address="76d3c" />
  <table name="(P0390) CAMSHAFT POS. SENSOR B BANK 2" address="76d3b" />
  <table name="(P0410) SECONDARY AIR PUMP SYSTEM" address="76d66" />
  <table name="(P0413) SECONDARY AIR PUMP A OPEN" address="76d6a" />
  <table name="(P0414) SECONDARY AIR PUMP A SHORTED" address="76d6f" />
  <table name="(P0418) SECONDARY AIR PUMP RELAY A" address="76d6b" />
  <table name="(P0420) CAT EFFICIENCY BELOW THRESHOLD" address="76cf0" />
  <table name="(P0458) EVAP PURGE VALVE CIRCUIT LOW" address="76ce5" />
  <table name="(P0459) EVAP PURGE VALVE CIRCUIT HIGH" address="76ce6" />
  <table name="(P0462) FUEL LEVEL SENSOR LOW INPUT" address="76cca" />
  <table name="(P0463) FUEL LEVEL SENSOR HIGH INPUT" address="76ccb" />
  <table name="(P0500) VEHICLE SPEED SENSOR A" address="76cbf" />
  <table name="(P0512) STARTER REQUEST CIRCUIT" address="76cce" />
  <table name="(P0600) SERIAL COMMUNICATION LINK" address="76d3a" />
  <table name="(P0604) CONTROL MODULE RAM ERROR" address="76cbc" />
  <table name="(P0605) CONTROL MODULE ROM ERROR" address="76d3f" />
  <table name="(P0607) CONTROL MODULE PERFORMANCE" address="76d32" />
  <table name="(P0638) THROTTLE ACTUATOR RANGE/PERF" address="76d31" />
  <table name="(P0851) NEUTRAL SWITCH INPUT LOW" address="76cd2" />
  <table name="(P0852) NEUTRAL SWITCH INPUT HIGH" address="76cd6" />
  <table name="(P1160) ABNORMAL RETURN SPRING" address="76d2c" />
  <table name="(P1410) SECONDARY AIR PUMP VALVE STUCK OPEN" address="76d73" />
  <table name="(P1418) SECONDARY AIR PUMP CIRCUIT SHORTED" address="76d70" />
  <table name="(P1519) IMRC STUCK CLOSED" address="76d7e" />
  <table name="(P1520) IMRC CIRCUIT MALFUNCTION" address="76d7d" />
  <table name="(P1560) BACK-UP VOLTAGE MALFUNCTION" address="76d15" />
  <table name="(P1616) SBDS INTERACTIVE CODES" address="76d7c" />
  <table name="(P2004) TGV - INTAKE MANIFOLD RUNNER 1 STUCK OPEN" address="76d54" />
  <table name="(P2005) TGV - INTAKE MANIFOLD RUNNER 2 STUCK OPEN" address="76d56" />
  <table name="(P2006) TGV - INTAKE MANIFOLD RUNNER 1 STUCK CLOSED" address="76d55" />
  <table name="(P2007) TGV - INTAKE MANIFOLD RUNNER 2 STUCK CLOSED" address="76d57" />
  <table name="(P2008) TGV - INTAKE MANIFOLD RUNNER 1 CIRCUIT OPEN" address="76d62" />
  <table name="(P2009) TGV - INTAKE MANIFOLD RUNNER 1 CIRCUIT LOW" address="76d60" />
  <table name="(P2011) TGV - INTAKE MANIFOLD RUNNER 2 CIRCUIT OPEN" address="76d63" />
  <table name="(P2012) TGV - INTAKE MANIFOLD RUNNER 2 CIRCUIT LOW" address="76d61" />
  <table name="(P2016) TGV - INTAKE MANIFOLD RUNNER 1 POS. SENSOR LOW" address="76d5c" />
  <table name="(P2017) TGV - INTAKE MANIFOLD RUNNER 1 POS. SENSOR HIGH" address="76d5d" />
  <table name="(P2021) TGV - INTAKE MANIFOLD RUNNER 2 POS. SENSOR LOW" address="76d5e" />
  <table name="(P2022) TGV - INTAKE MANIFOLD RUNNER 2 POS. SENSOR HIGH" address="76d5f" />
  <table name="(P2088) OCV SOLENOID A1 CIRCUIT OPEN" address="76d47" />
  <table name="(P2089) OCV SOLENOID A1 CIRCUIT SHORT" address="76d46" />
  <table name="(P2090) OCV SOLENOID B1 CIRCUIT OPEN" address="76d43" />
  <table name="(P2091) OCV SOLENOID B1 CIRCUIT SHORT" address="76d42" />
  <table name="(P2092) OCV SOLENOID A2 CIRCUIT OPEN" address="76d45" />
  <table name="(P2093) OCV SOLENOID A2 CIRCUIT SHORT" address="76d44" />
  <table name="(P2094) OCV SOLENOID B2 CIRCUIT OPEN" address="76d41" />
  <table name="(P2095) OCV SOLENOID B2 CIRCUIT SHORT" address="76d40" />
  <table name="(P2101) THROTTLE ACTUATOR CIRCUIT RANGE/PERF" address="76d2f" />
  <table name="(P2102) THROTTLE ACTUATOR CIRCUIT LOW" address="76d2d" />
  <table name="(P2103) THROTTLE ACTUATOR CIRCUIT HIGH" address="76d2e" />
  <table name="(P2109) TPS A MINIMUM STOP PERF" address="76d29" />
  <table name="(P2122) TPS D CIRCUIT LOW INPUT" address="76d36" />
  <table name="(P2123) TPS D CIRCUIT HIGH INPUT" address="76d37" />
  <table name="(P2127) TPS E CIRCUIT LOW INPUT" address="76d34" />
  <table name="(P2128) TPS E CIRCUIT HIGH INPUT" address="76d35" />
  <table name="(P2135) TPS A/B VOLTAGE" address="76d38" />
  <table name="(P2138) TPS D/E VOLTAGE" address="76d33" />
  <table name="(P2432) SECONDARY AIR PUMP CIRCUIT LOW" address="76d69" />
  <table name="(P2433) SECONDARY AIR PUMP CIRCUIT HIGH" address="76d68" />
  <table name="(P2441) SECONDARY AIR PUMP VALVE 1 STUCK CLOSED" address="76d76" />
  <table name="(P2444) SECONDARY AIR PUMP 1 STUCK ON B1" address="76d64" />
</rom>