<rom>
	<romid>
		<xmlid>DE5F810K</xmlid>
		<internalidaddress>2004</internalidaddress>
		<internalidstring>DE5F810K</internalidstring>
		<ecuid>761b347007</ecuid>
		<make>Subaru</make>
		<market>USDM</market>
		<model>Tribeca</model>
		<submodel>3.6</submodel>
		<transmission>MT</transmission>
		<year>11</year>
		<flashmethod>subarucan</flashmethod>
		<memmodel>SH7058</memmodel>
		<checksummodule>subarudbw</checksummodule>
	</romid>

	<include>32BITBASE</include>
	<scaling name="Retard(degrees)3" units="units" toexpr="(x*.001525879)-45" frexpr="(x+45)/0.001525879" format="%.0f" min="0" max="255" inc="1" storagetype="uint16" endian="big"/>
	<scaling name="ThrottleTip-inEnrichmentCompensation(%)3" units="units" toexpr="x*0.00048828125" frexpr="x/0.00048828125" format="%.0f" min="0" max="255" inc="1" storagetype="uint8" endian="big"/>
	<scaling name="TimingCompensationIntakeTempMapTargetCompensation(%)1" units="units" toexpr="(x*0.00068664551)+100" frexpr="(x-100)/0.00068664551" format="%.0f" min="0" max="255" inc="1" storagetype="uint8" endian="big"/>
	<scaling name="TimingCompensationIntakeTempMapTargetCompensation(%)2" units="units" toexpr="x*0.00068664551" frexpr="x/0.00068664551" format="%.1f" min="0" max="255" inc="1" storagetype="uint16" endian="big"/>
	<scaling name="TimingCompensationIntakeTempMapTargetCompensation(%)3" units="units" toexpr="(x*0.3515625)-45" frexpr="(x+45)/0.3515625" format="%.4f" min="0" max="255" inc="1" storagetype="uint8" endian="big"/>

	<table name="(P0000) PASS CODE (NO DTC DETECTED)" address="8d662"/>

	<table name="(P0161) O2 SENSOR HEATER CIRCUIT MALFUNCTION B2 S2" address="8d6f2"/>

	<table name="Manifold Pressure Sensor Scaling" address="d6b24">
	</table>

	<table name="Manifold Pressure Sensor Limits (CEL)" address="d6a52">
	</table>

	<table name="Manifold Pressure Sensor CEL Delays" address="d6a8e">
	</table>

	<table name="Primary Open Loop Fueling A_" address="cd828">
		<table name="Engine Load" address="cd7b4" elements="15"/>
		<table name="Engine Speed" address="cd7f0" elements="14"/>
	</table>

	<table name="Primary Open Loop Fueling B_" address="cd970">
		<table name="Engine Load" address="cd8fc" elements="15"/>
		<table name="Engine Speed" address="cd938" elements="14"/>
	</table>

	<table name="Minimum Active Primary Open Loop Enrichment" address="caf30">
	</table>

	<table name="Front Oxygen Sensor Scaling" address="d7314">
		<table name="Front Oxygen Sensor" address="d72e0"/>
	</table>

	<table name="Front Oxygen Sensor #1 Scaling" address="d737c">
		<table name="Front Oxygen Sensor" address="d7348"/>
	</table>

	<table name="Front Oxygen Sensor #2 Scaling" address="d73e4">
		<table name="Front Oxygen Sensor" address="d73b0"/>
	</table>

	<table name="Front Oxygen Sensor Rich Limit" address="23224">
	</table>

	<table name="Front Oxygen Sensor Compensation (Atm. Pressure)" address="c3ac4">
		<table name="Atmospheric Pressure" address="c3ab4"/>
	</table>

	<table name="CL Fueling Target Compensation A (Load)" address="cea88">
		<table name="Engine Load" address="cea28"/>
		<table name="Engine Speed" address="cea54" elements="13"/>
	</table>

	<table name="CL Fueling Target Compensation B (Load)" address="cec08">
		<table name="Engine Load" address="ceba8"/>
		<table name="Engine Speed" address="cebd4" elements="13"/>
	</table>

	<table name="CL Fueling Target Compensation C (Load)" address="ced88">
		<table name="Engine Load" address="ced28"/>
		<table name="Engine Speed" address="ced54" elements="13"/>
	</table>

	<table name="CL Fueling Target Compensation D (Load)" address="cef08">
		<table name="Engine Load" address="ceea8"/>
		<table name="Engine Speed" address="ceed4" elements="13"/>
	</table>

	<table name="CL Fueling Target Compensation (ECT)" address="ce9c8">
		<table name="Coolant Temperature" address="cb2e4"/>
		<table name="Engine Load" address="ce9bc"/>
	</table>

	<table name="CL to OL Delay (Atm. Pressure)" address="ccb28">
		<table name="Atmospheric Pressure" address="ccb0c"/>
	</table>

	<table name="CL to OL Transition with Delay (Accelerator)">
		<table name="Engine Speed" elements="2"/>
	</table>

	<table name="CL to OL Transition with Delay A (Throttle)" address="cb898">
		<table name="Engine Speed" address="cb864" elements="13"/>
	</table>

	<table name="CL to OL Transition with Delay Throttle Hysteresis" address="caf34">
	</table>

	<table name="CL to OL Transition with Delay (Base Pulse Width)" address="ccaec" scaling="BasePulseWidth(ms)">
		<table name="Engine Speed" address="ccaac"/>
	</table>

	<table name="CL to OL Transition with Delay BPW Hysteresis" address="caf38">
	</table>

	<table name="CL Delay Minimum (ECT)" address="caf3c">
	</table>

	<table name="CL Delay Maximum Engine Speed A" address="caf40">
	</table>

	<table name="CL Delay Maximum Engine Speed B" address="caf4c">
	</table>

	<table name="CL Delay Engine Speed B Counter Threshold" address="cab4a">
	</table>

	<table name="CL Delay Throttle A Counter Threshold" address="cab48">
	</table>

	<table name="Injector Latency_" address="cf310">
		<table name="Battery Output" address="cf2f0"/>
		<table name="Manifold Pressure" address="cf304"/>
	</table>

	<table name="Injector Flow Scaling_" address="cb270">
	</table>

	<table name="Per Injector Primary Fuel Offset Compensation A">
		<table name="Last Calculated Base Pulse Width" elements="16"/>
	</table>

	<table name="Per Injector Primary Fuel Offset Compensation B">
		<table name="Last Calculated Base Pulse Width" elements="16"/>
	</table>

	<table name="Per Injector Primary Fuel Offset Compensation C">
		<table name="Last Calculated Base Pulse Width" elements="16"/>
	</table>

	<table name="Per Injector Primary Fuel Offset Compensation D">
		<table name="Last Calculated Base Pulse Width" elements="16"/>
	</table>

	<table name="Per Injector Pulse Width Compensation A" address="cdb08">
		<table name="Last Calculated Base Pulse Width" address="cda90" elements="16"/>
		<table name="Engine Speed" address="cdad0" elements="14"/>
	</table>

	<table name="Per Injector Pulse Width Compensation B" address="cdc60">
		<table name="Last Calculated Base Pulse Width" address="cdbe8" elements="16"/>
		<table name="Engine Speed" address="cdc28" elements="14"/>
	</table>

	<table name="Per Injector Pulse Width Compensation C" address="cddb8">
		<table name="Last Calculated Base Pulse Width" address="cdd40" elements="16"/>
		<table name="Engine Speed" address="cdd80" elements="14"/>
	</table>

	<table name="Per Injector Pulse Width Compensation D" address="cdf10">
		<table name="Last Calculated Base Pulse Width" address="cde98" elements="16"/>
		<table name="Engine Speed" address="cded8" elements="14"/>
	</table>

	<table name="Per Injector Pulse Width Compensation E" address="ce068">
		<table name="Last Calculated Base Pulse Width" address="cdff0" elements="16"/>
		<table name="Engine Speed" address="ce030" elements="14"/>
	</table>

	<table name="Per Injector Pulse Width Compensation F" address="ce1c0">
		<table name="Last Calculated Base Pulse Width" address="ce148" elements="16"/>
		<table name="Engine Speed" address="ce188" elements="14"/>
	</table>

	<table name="Cranking Fuel Injector Pulse Width A (ECT)" address="ccf06">
		<table name="Coolant Temperature" address="cb2e4"/>
	</table>

	<table name="Cranking Fuel Injector Pulse Width B (ECT)" address="ccf26">
		<table name="Coolant Temperature" address="cb2e4"/>
	</table>

	<table name="Cranking Fuel Injector Pulse Width C (ECT)" address="ccf46">
		<table name="Coolant Temperature" address="cb2e4"/>
	</table>

	<table name="Cranking Fuel Injector Pulse Width D (ECT)" address="ccf66">
		<table name="Coolant Temperature" address="cb2e4"/>
	</table>

	<table name="Cranking Fuel IPW Compensation A (RPM)" address="ce6a8">
		<table name="Engine Speed" address="ce664"/>
		<table name="Coolant Temperature" address="ce678" elements="12"/>
	</table>

	<table name="Cranking Fuel IPW Compensation B (RPM)" address="ce628">
		<table name="Engine Speed" address="ce5e4"/>
		<table name="Coolant Temperature" address="ce5f8" elements="12"/>
	</table>

	<table name="Cranking Fuel IPW Compensation (MAP)" address="cbb64">
		<table name="Manifold Pressure" address="cbb3c"/>
	</table>

	<table name="Cranking Fuel IPW Compensation (Accelerator)" address="cbb98">
		<table name="Accelerator Pedal Angle" address="cbb70"/>
	</table>

	<table name="Cranking Fuel IPW Compensation (IAT)" address="cbbb8">
		<table name="Intake Temperature" address="cbba4"/>
	</table>

	<table name="Throttle Tip-in Enrichment A" address="cbc4c">
		<table name="Throttle Angle Change" address="cbc30" elements="7"/>
	</table>

	<table name="Throttle Tip-in Enrichment B" address="cbc78">
		<table name="Throttle Angle Change" address="cbc5c" elements="7"/>
	</table>

	<table name="Minimum Tip-in Enrichment Activation" address="cac10">
	</table>

	<table name="Minimum Tip-in Enrichment Activation (Throttle)" address="cac0c">
	</table>

	<table name="Tip-in Enrichment Compensation (RPM)" address="cb3e4">
		<table name="Engine Speed" address="cb3c0"/>
	</table>

	<table name="Tip-in Enrichment Compensation (MRP)" address="cb410">
		<table name="Manifold Pressure" address="cb3f0" elements="8"/>
	</table>

	<table name="Tip-in Enrichment Compensation A (ECT)" address="cbc86" scaling="ThrottleTip-inEnrichmentCompensation(%)2">
		<table name="Coolant Temperature" address="cb2e4"/>
	</table>

	<table name="Tip-in Enrichment Compensation B (ECT)" address="cbca6">
		<table name="Coolant Temperature" address="cb2e4"/>
	</table>

	<table name="Tip-in Enrichment Compensation D (ECT)" address="cbce6" scaling="ThrottleTip-inEnrichmentCompensation(%)3">
		<table name="Coolant Temperature" address="cb324"/>
	</table>

	<table name="Tip-in Enrichment Compensation D (ECT) Activation" address="cac14">
	</table>

	<table name="Tip-in Enrichment Disable Applied Counter Threshold">
	</table>

	<table name="Tip-in Enrichment Disable Applied Counter Threshold A (ECT)" address="cb428">
		<table name="Coolant Temperature" address="cb2e4"/>
	</table>

	<table name="Tip-in Enrichment Disable Applied Counter Threshold B (ECT)" address="cb438">
		<table name="Coolant Temperature" address="cb2e4"/>
	</table>

	<table name="Tip-in Enrichment Applied Counter Reset" address="caacb">
	</table>

	<table name="Tip-in Enrichment Disable Throttle Cumulative Threshold A (ECT)" address="cbd06">
		<table name="Coolant Temperature" address="cb2e4"/>
	</table>

	<table name="Tip-in Enrichment Disable Throttle Cumulative Threshold B (ECT)" address="cbd26">
		<table name="Coolant Temperature" address="cb2e4"/>
	</table>

	<table name="Tip-in Throttle Cumulative Reset" address="caacc">
	</table>

	<table name="Min Primary Base Enrichment 1">
		<table name="Coolant Temperature"/>
	</table>

	<table name="Min Primary Base Enrichment 1 A" address="cd44c">
		<table name="Coolant Temperature" address="cb2e4"/>
		<table name="Engine Load" address="cd420" elements="11"/>
	</table>

	<table name="Min Primary Base Enrichment 1 (Non-Primary OL)_" address="cb4a5">
		<table name="Coolant Temperature" address="cb2e4"/>
	</table>

	<table name="A/F Learning #1 Limits" address="cae18">
	</table>

	<table name="A/F Learning Airflow Ranges" address="cae38">
	</table>

	<table name="MAF Limit (Maximum)" address="c3790">
	</table>

	<table name="MAF Limit (Maximum)_">
		<table name="Engine Speed"/>
	</table>

	<table name="MAF Sensor Scaling" address="d7224">
		<table name="MAF sensor" address="d7168" elements="47"/>
	</table>

	<table name="MAF Compensation (IAT)" address="c3ea4">
		<table name="Intake Temperature" address="c3e70"/>
		<table name="Mass Airflow" address="c3e84"/>
	</table>

	<table name="Engine Load Limit (Maximum)" address="21e1c">
	</table>

	<table name="Engine Load Limit B Maximum (RPM)" address="c39f0">
		<table name="Engine Speed" address="c39b0" elements="16"/>
	</table>

	<table name="Engine Load Compensation (MP)" address="c">
		<table name="Manifold Pressure" elements="16"/>
		<table name="Engine Speed" elements="18"/>
	</table>

	<table name="Engine Load Compensation A (MP)">
		<table name="Manifold Pressure" elements="5"/>
		<table name="Engine Speed" elements="13"/>
	</table>

	<table name="Engine Load Compensation B (MP)" address="c40fc">
		<table name="Manifold Pressure" address="c4074" elements="16"/>
		<table name="Engine Speed" address="c40b4" elements="18"/>
	</table>

	<table name="Base Timing A" address="d177c">
		<table name="Engine Load" address="d16e4"/>
		<table name="Engine Speed" address="d1720" elements="23"/>
	</table>

	<table name="Base Timing B" address="d1970">
		<table name="Engine Load" address="d18d8"/>
		<table name="Engine Speed" address="d1914" elements="23"/>
	</table>

	<table name="Base Timing C" address="d1b8c">
		<table name="Engine Load" address="d1af4"/>
		<table name="Engine Speed" address="d1b30" elements="23"/>
	</table>

	<table name="Base Timing D" address="d1d80">
		<table name="Engine Load" address="d1ce8"/>
		<table name="Engine Speed" address="d1d24" elements="23"/>
	</table>

	<table name="Base Timing E">
		<table name="Engine Load"/>
		<table name="Engine Speed" elements="14"/>
	</table>

	<table name="Base Timing F">
		<table name="Engine Load"/>
		<table name="Engine Speed" elements="14"/>
	</table>

	<table name="Base Timing G">
		<table name="Engine Load"/>
		<table name="Engine Speed" elements="20"/>
	</table>

	<table name="Base Timing H">
		<table name="Engine Load"/>
		<table name="Engine Speed" elements="20"/>
	</table>

	<table name="Base Timing Idle A (In-Gear)(Above Speed Threshold)" address="d0260">
		<table name="Engine Speed" address="d023c"/>
	</table>

	<table name="Base Timing Idle B (In-Gear)(Above Speed Threshold)">
		<table name="Engine Speed"/>
	</table>

	<table name="Base Timing Idle (In-Gear)(Below Speed Threshold)">
		<table name="Engine Speed"/>
	</table>

	<table name="Base Timing Idle A (In-Gear)(Below Speed Threshold)" address="d0230">
		<table name="Engine Speed" address="d020c"/>
	</table>

	<table name="Base Timing Idle Minimum" address="d0290">
		<table name="Engine Speed" address="d026c"/>
	</table>

	<table name="Base Timing Idle Minimum Vehicle Speed Enable" address="cfc20">
	</table>

	<table name="Knock Correction Advance Max A" address="d25f0">
		<table name="Engine Load" address="d2558" elements="15"/>
		<table name="Engine Speed" address="d2594" elements="23"/>
	</table>

	<table name="Timing Compensation A (IAT)" address="d0388">
		<table name="Intake Temperature" address="d0348"/>
	</table>

	<table name="Timing Compensation (IAT) Activation_" address="d27a0" scaling="TimingCompensationIntakeTempMapTargetCompensation(%)2">
		<table name="Engine Speed" address="d2760"/>
		<table name="Engine Load" address="d2780"/>
	</table>

	<table name="Timing Compensation A (ECT)" address="d0307">
		<table name="Coolant Temperature" address="cff4c"/>
	</table>

	<table name="Timing Compensation B (ECT)" address="d0317">
		<table name="Coolant Temperature" address="cff4c"/>
	</table>

	<table name="Timing Compensation Per Cylinder A" address="d222c">
		<table name="Engine Speed" address="d21e0"/>
		<table name="Engine Load" address="d2218" elements="5"/>
	</table>

	<table name="Timing Compensation Per Cylinder B" address="d22c0">
		<table name="Engine Speed" address="d2274"/>
		<table name="Engine Load" address="d22ac" elements="5"/>
	</table>

	<table name="Timing Compensation Per Cylinder C" address="d2354">
		<table name="Engine Speed" address="d2308"/>
		<table name="Engine Load" address="d2340" elements="5"/>
	</table>

	<table name="Timing Compensation Per Cylinder D" address="d23e8">
		<table name="Engine Speed" address="d239c"/>
		<table name="Engine Load" address="d23d4" elements="5"/>
	</table>

	<table name="Timing Compensation Per Cylinder E" address="d247c">
		<table name="Engine Speed" address="d2430"/>
		<table name="Engine Load" address="d2468" elements="5"/>
	</table>

	<table name="Timing Compensation Per Cylinder F" address="d2510">
		<table name="Engine Speed" address="d24c4"/>
		<table name="Engine Load" address="d24fc" elements="5"/>
	</table>

	<table name="Timing Comp Minimum Load (Per Cylinder)" address="cfe54">
	</table>

	<table name="Timing Comp Maximum RPM (Per Cylinder)" address="cfe50">
	</table>

	<table name="Timing Comp Minimum Coolant Temp (Per Cylinder)" address="cfe58">
	</table>

	<table name="Feedback Correction Range (RPM)" address="cfe60">
	</table>

	<table name="Feedback Correction Minimum Load_" address="d0ad0">
		<table name="Engine Speed" address="d0a90" elements="16"/>
	</table>

	<table name="Feedback Correction Retard Value">
	</table>

	<table name="Feedback Correction Retard Value_">
		<table name="Engine Speed" elements="16"/>
	</table>

	<table name="Feedback Correction Retard Limit" address="cfe74">
	</table>

	<table name="Feedback Correction Negative Advance Value" address="cfe78">
	</table>

	<table name="Feedback Correction Negative Advance Delay">
	</table>

	<table name="Feedback Correction Negative Advance Delay_" address="d0b30">
		<table name="Engine Speed" address="d0af0" elements="16"/>
	</table>

	<table name="Fine Correction Range (RPM)" address="cff2c">
	</table>

	<table name="Fine Correction Range (Load)" address="cff3c">
	</table>

	<table name="Fine Correction Rows (RPM)_" address="cfed4">
	</table>

	<table name="Fine Correction Columns (Load)_" address="cfef4">
	</table>

	<table name="Fine Correction Retard Value_" address="d1560">
		<table name="Engine Speed" address="d152c"/>
	</table>

	<table name="Fine Correction Retard Limit" address="cff20">
	</table>

	<table name="Fine Correction Advance Value" address="cff1c">
	</table>

	<table name="Fine Correction Advance Limit" address="cff18">
	</table>

	<table name="Fine Correction Advance Delay" address="cfb12">
	</table>

	<table name="Rough Correction Range (RPM)" address="cfe90">
	</table>

	<table name="Rough Correction Range (Load)" address="cfea0">
	</table>

	<table name="Rough Correction Learning Delay (Increasing)" address="d0b78" scaling="RoughCorrection(IAM)PositiveLearningDelay(counterthreshold)">
		<table name="Engine Speed" address="d0b50"/>
	</table>

	<table name="Advance Multiplier (Initial)" address="cfeb4">
	</table>

	<table name="Advance Multiplier Step Value" address="cfeb8">
	</table>

	<table name="Intake Cam Advance Angle (AVCS)" scaling="Retard(degrees)3">
		<table name="Engine Load" elements="15"/>
	</table>

	<table name="Intake Cam Advance Angle A (AVCS)" address="d8ef4" scaling="Advance(degrees)1">
		<table name="Engine Load" address="d8e70" elements="15"/>
		<table name="Engine Speed" address="d8eac"/>
	</table>

	<table name="Exhaust Cam Retard Angle A (AVCS)" address="d9b34" scaling="Retard(degrees)3">
		<table name="Engine Load" address="d9ab0" elements="15"/>
		<table name="Engine Speed" address="d9aec"/>
	</table>

	<table name="Requested Torque A (Accelerator Pedal)" address="dd608">
		<table name="Accelerator Pedal Angle" address="dd568" elements="20"/>
		<table name="Engine Speed" address="dd5b8" elements="20"/>
	</table>

	<table name="Requested Torque B (Accelerator Pedal)" address="dd9c8">
		<table name="Accelerator Pedal Angle" address="dd928" elements="20"/>
		<table name="Engine Speed" address="dd978" elements="20"/>
	</table>

	<table name="Requested Torque C (Accelerator Pedal)" address="ddd88">
		<table name="Accelerator Pedal Angle" address="ddce8" elements="20"/>
		<table name="Engine Speed" address="ddd38" elements="20"/>
	</table>

	<table name="Requested Torque D (Accelerator Pedal)" address="de148">
		<table name="Accelerator Pedal Angle" address="de0a8" elements="20"/>
		<table name="Engine Speed" address="de0f8" elements="20"/>
	</table>

	<table name="Requested Torque E (Accelerator Pedal)" address="de508">
		<table name="Accelerator Pedal Angle" address="de468" elements="20"/>
		<table name="Engine Speed" address="de4b8" elements="20"/>
	</table>

	<table name="Requested Torque F (Accelerator Pedal)" address="de8c8">
		<table name="Accelerator Pedal Angle" address="de828" elements="20"/>
		<table name="Engine Speed" address="de878" elements="20"/>
	</table>

	<table name="Requested Torque Base (RPM)" address="dc85c">
		<table name="Engine Speed" address="dc81c"/>
	</table>

	<table name="Target Throttle Plate Position Cruise (Requested Torque Ratio)" address="def50">
		<table name="'Requested Torque (Accelerator Pedal)' to 'Requested Torque Base (RPM)'" address="dee94" elements="26"/>
		<table name="Engine Speed" address="deefc" elements="21"/>
	</table>

	<table name="Target Throttle Plate Position Non-Cruise (Requested Torque Ratio)" address="dd0b4">
		<table name="'Requested Torque (Accelerator Pedal)' to 'Requested Torque Base (RPM)'" address="dcff8" elements="26"/>
		<table name="Engine Speed" address="dd060" elements="21"/>
	</table>

	<table name="Target Throttle Plate Position Maximum (Requested Torque Ratio)" address="dcbb4">
		<table name="'Requested Torque (Accelerator Pedal)' to 'Requested Torque Base (RPM)'" address="dcaf8" elements="26"/>
		<table name="Engine Speed" address="dcb60" elements="21"/>
	</table>

	<table name="Target Throttle Plate Position (Requested Torque)">
		<table name="Requested Torque" elements="26"/>
		<table name="Engine Speed" elements="21"/>
	</table>

	<table name="Target Throttle Plate Position A (Requested Torque)">
		<table name="Requested Torque" elements="26"/>
		<table name="Engine Speed" elements="21"/>
	</table>

	<table name="Target Throttle Plate Position B (Requested Torque)">
		<table name="Requested Torque" elements="26"/>
		<table name="Engine Speed" elements="21"/>
	</table>

	<table name="Target Throttle Plate Position Maximum (Requested Torque)">
		<table name="Requested Torque" elements="26"/>
		<table name="Engine Speed" elements="21"/>
	</table>

	<table name="Requested Torque Limit A (Per Gear/Engine Speed)" address="dd518">
		<table name="Engine Speed" address="dd4f8" elements="2"/>
		<table name="Gear" address="dd500"/>
	</table>

	<table name="Requested Torque Limit B (Per Gear/Engine Speed)" address="dd550">
		<table name="Engine Speed" address="dd530" elements="2"/>
		<table name="Gear" address="dd538"/>
	</table>

	<table name="Rev Limit A" address="cb1b4">
	</table>

	<table name="Rev Limit B" address="cb1bc">
	</table>

	<table name="Fuel Temp Sensor Scaling" address="d6d98">
		<table name="Fuel Temp Sensor" address="d6d20"/>
	</table>

	<table name="Intake Temp Sensor Scaling" address="d6ca8">
		<table name="Intake Temp Sensor" address="d6c30"/>
	</table>

	<table name="Coolant Temp Sensor Scaling" address="d6bc0">
		<table name="Coolant Temp Sensor" address="d6b50"/>
	</table>

	<table name="Oil Temp Sensor Scaling" address="d6e8c">
		<table name="Coolant Temp Sensor" address="d6d20"/>
	</table>

	<table name="Fuel Pump Duty" address="4a498">
	</table>

	<table name="Radiator Fan Modes A (ECT)" address="d7624">
	</table>

	<table name="Radiator Fan Modes B (ECT)" address="d7634">
	</table>

	<table name="Radiator Fan Modes C (ECT)" address="d7644">
	</table>

	<table name="Radiator Fan Modes D (ECT)" address="d7654">
	</table>

	<table name="Radiator Fan Modes (Veh. Speed)" address="d7668">
	</table>

	<table name="Gear Determination Thresholds A" address="c3710">
	</table>

	<table name="Gear Determination Thresholds B" address="c3724">
	</table>

	<table name="Idle Speed Target A" address="d37e4">
		<table name="Coolant Temperature" address="d34b4"/>
	</table>

	<table name="Idle Speed Target B" address="d3804">
		<table name="Coolant Temperature" address="d34b4"/>
	</table>

	<table name="Idle Speed Target C" address="d3824">
		<table name="Coolant Temperature" address="d34b4"/>
	</table>

	<table name="Idle Speed Target D" address="d3844">
		<table name="Coolant Temperature" address="d34b4"/>
	</table>

	<table name="Idle Speed Target E" address="d3864">
		<table name="Coolant Temperature" address="d34b4"/>
	</table>

	<table name="Idle Speed Target F" address="d3884">
		<table name="Coolant Temperature" address="d34b4"/>
	</table>

	<table name="Ignition Dwell" address="d746c">
		<table name="Engine Speed" address="d7418"/>
		<table name="Battery" address="d7458"/>
	</table>

	<table name="Checksum Fix" address="ffb80"/>

	<table name="(P0000) PASS CODE (NO DTC DETECTED)" address="8d663"/>

	<table name="(P0011) CAMSHAFT POS. - TIMING OVER-ADVANCED 1" address="8d645"/>

	<table name="(P0014) EXHAUST AVCS SYSTEM 1 RANGE/PERF" address="8d6e0"/>

	<table name="(P0016) CRANKSHAFT/CAMSHAFT CORRELATION 1A" address="8d6d7"/>

	<table name="(P0017) CRANK/CAM TIMING B FAILURE 1" address="8d6ea"/>

	<table name="(P0018) CRANKSHAFT/CAMSHAFT CORRELATION 2A" address="8d6d6"/>

	<table name="(P0019) CRANK/CAM TIMING B FAILURE 2" address="8d6e9"/>

	<table name="(P0021) CAMSHAFT POS. - TIMING OVER-ADVANCED 2" address="8d646"/>

	<table name="(P0024) EXHAUST AVCS SYSTEM 2 RANGE/PERF" address="8d6df"/>

	<table name="(P0030) FRONT O2 SENSOR RANGE/PERF" address="8d687"/>

	<table name="(P0031) FRONT O2 SENSOR LOW INPUT" address="8d671"/>

	<table name="(P0032) FRONT O2 SENSOR HIGH INPUT" address="8d66f"/>

	<table name="(P0037) REAR O2 SENSOR LOW INPUT" address="8d670"/>

	<table name="(P0038) REAR O2 SENSOR HIGH INPUT" address="8d66e"/>

	<table name="(P0050) HO2S CIRCUIT RANGE/PERF B2 S1" address="8d686"/>

	<table name="(P0051) HO2S CIRCUIT LOW B2 S1" address="8d677"/>

	<table name="(P0052) HO2S CIRCUIT HIGH B2 S1" address="8d676"/>

	<table name="(P0057) HO2S CIRCUIT LOW B2 S2" address="8d68a"/>

	<table name="(P0058) HO2S CIRCUIT HIGH B2 S2" address="8d68b"/>

	<table name="(P0068) MAP SENSOR RANGE/PERF" address="8d682"/>

	<table name="(P0101) MAF SENSOR RANGE/PERF" address="8d683"/>

	<table name="(P0102) MAF SENSOR LOW INPUT" address="8d621"/>

	<table name="(P0103) MAF SENSOR HIGH INPUT" address="8d622"/>

	<table name="(P0107) MAP SENSOR LOW INPUT" address="8d672"/>

	<table name="(P0108) MAP SENSOR HIGH INPUT" address="8d673"/>

	<table name="(P0111) IAT SENSOR RANGE/PERF" address="8d66d"/>

	<table name="(P0112) IAT SENSOR LOW INPUT" address="8d66b"/>

	<table name="(P0113) IAT SENSOR HIGH INPUT" address="8d66c"/>

	<table name="(P0117) COOLANT TEMP SENSOR LOW INPUT" address="8d62a"/>

	<table name="(P0118) COOLANT TEMP SENSOR HIGH INPUT" address="8d62b"/>

	<table name="(P0122) TPS A LOW INPUT" address="8d628"/>

	<table name="(P0123) TPS A HIGH INPUT" address="8d629"/>

	<table name="(P0125) INSUFFICIENT COOLANT TEMP (FUELING)" address="8d62d"/>

	<table name="(P0126) INSUFFICIENT COOLANT TEMP (OPERATION)" address="8d6be"/>

	<table name="(P0128) THERMOSTAT MALFUNCTION" address="8d678"/>

	<table name="(P0131) FRONT O2 SENSOR LOW INPUT" address="8d665"/>

	<table name="(P0132) FRONT O2 SENSOR HIGH INPUT" address="8d667"/>

	<table name="(P0133) FRONT O2 SENSOR SLOW RESPONSE" address="8d64f"/>

	<table name="(P0134) FRONT O2 SENSOR NO ACTIVITY" address="8d685"/>

	<table name="(P0137) REAR O2 SENSOR LOW VOLTAGE" address="8d664"/>

	<table name="(P0138) REAR O2 SENSOR HIGH VOLTAGE" address="8d669"/>

	<table name="(P0139) REAR O2 SENSOR SLOW RESPONSE" address="8d650"/>

	<table name="(P0140) REAR O2 SENSOR NO ACTIVITY" address="8d6d1"/>

	<table name="(P0141) REAR O2 SENSOR MALFUNCTION" address="8d64e"/>

	<table name="(P0151) O2 SENSOR CIRCUIT LOW B2 S1" address="8d666"/>

	<table name="(P0152) O2 SENSOR CIRCUIT HIGH B2 S1" address="8d668"/>

	<table name="(P0153) O2 SENSOR CIRCUIT SLOW RESPONSE B2 S1" address="8d66a"/>

	<table name="(P0154) O2 SENSOR CIRCUIT OPEN B2 S1" address="8d684"/>

	<table name="(P0157) O2 SENSOR CIRCUIT LOW B2 S2" address="8d68c"/>

	<table name="(P0158) O2 SENSOR CIRCUIT HIGH B2 S2" address="8d68d"/>

	<table name="(P0159) O2 SENSOR CIRCUIT SLOW RESPONSE B2 S2" address="8d689"/>

	<table name="(P0160) O2 SENSOR NO ACTIVITY B2 S2" address="8d6d2"/>

	<table name="(P0171) SYSTEM TOO LEAN" address="8d659"/>

	<table name="(P0172) SYSTEM TOO RICH" address="8d65a"/>

	<table name="(P0174) SYSTEM TOO LEAN B2" address="8d653"/>

	<table name="(P0175) SYSTEM TOO RICH B2" address="8d654"/>

	<table name="(P0181) FUEL TEMP SENSOR A RANGE/PERF" address="8d639"/>

	<table name="(P0182) FUEL TEMP SENSOR A LOW INPUT" address="8d637"/>

	<table name="(P0183) FUEL TEMP SENSOR A HIGH INPUT" address="8d638"/>

	<table name="(P0196) OIL TEMP SENSOR RANGE/PERF" address="8d6b7"/>

	<table name="(P0197) OIL TEMP SENSOR LOW" address="8d6ad"/>

	<table name="(P0198) OIL TEMP SENSOR HIGH" address="8d6b8"/>

	<table name="(P0222) TPS B LOW INPUT" address="8d68f"/>

	<table name="(P0223) TPS B HIGH INPUT" address="8d690"/>

	<table name="(P0230) FUEL PUMP PRIMARY CIRCUIT" address="8d681"/>

	<table name="(P0301) MISFIRE CYLINDER 1" address="8d65b"/>

	<table name="(P0302) MISFIRE CYLINDER 2" address="8d65c"/>

	<table name="(P0303) MISFIRE CYLINDER 3" address="8d65d"/>

	<table name="(P0304) MISFIRE CYLINDER 4" address="8d65e"/>

	<table name="(P0305) MISFIRE CYLINDER 5" address="8d65f"/>

	<table name="(P0306) MISFIRE CYLINDER 6" address="8d660"/>

	<table name="(P0327) KNOCK SENSOR 1 LOW INPUT" address="8d626"/>

	<table name="(P0328) KNOCK SENSOR 1 HIGH INPUT" address="8d627"/>

	<table name="(P0332) KNOCK SENSOR 2 LOW INPUT" address="8d624"/>

	<table name="(P0333) KNOCK SENSOR 2 HIGH INPUT" address="8d625"/>

	<table name="(P0335) CRANKSHAFT POS. SENSOR A MALFUNCTION" address="8d61c"/>

	<table name="(P0336) CRANKSHAFT POS. SENSOR A RANGE/PERF" address="8d61d"/>

	<table name="(P0340) CAMSHAFT POS. SENSOR A MALFUNCTION" address="8d6a3"/>

	<table name="(P0345) CAMSHAFT POS. SENSOR A BANK 2" address="8d6a2"/>

	<table name="(P0365) CAMSHAFT POS. SENSOR B BANK 1" address="8d6a1"/>

	<table name="(P0390) CAMSHAFT POS. SENSOR B BANK 2" address="8d6a0"/>

	<table name="(P0400) EGR FLOW" address="8d658"/>

	<table name="(P0420) CAT EFFICIENCY BELOW THRESHOLD" address="8d655"/>

	<table name="(P0442) EVAP LEAK DETECTED (SMALL)" address="8d656"/>

	<table name="(P0447) EVAP VENT CONTROL CIRCUIT OPEN" address="8d64c"/>

	<table name="(P0448) EVAP VENT CONTROL CIRCUIT SHORTED" address="8d64d"/>

	<table name="(P0451) EVAP PRESSURE SENSOR RANGE/PERF" address="8d635"/>

	<table name="(P0452) EVAP PRESSURE SENSOR LOW INPUT" address="8d633"/>

	<table name="(P0453) EVAP PRESSURE SENSOR HIGH INPUT" address="8d634"/>

	<table name="(P0456) EVAP LEAK DETECTED (VERY SMALL)" address="8d657"/>

	<table name="(P0457) EVAP LEAK DETECTED (FUEL CAP)" address="8d661"/>

	<table name="(P0458) EVAP PURGE VALVE CIRCUIT LOW" address="8d649"/>

	<table name="(P0459) EVAP PURGE VALVE CIRCUIT HIGH" address="8d64a"/>

	<table name="(P0461) FUEL LEVEL SENSOR RANGE/PERF" address="8d630"/>

	<table name="(P0462) FUEL LEVEL SENSOR LOW INPUT" address="8d62e"/>

	<table name="(P0463) FUEL LEVEL SENSOR HIGH INPUT" address="8d62f"/>

	<table name="(P0464) FUEL LEVEL SENSOR INTERMITTENT" address="8d62c"/>

	<table name="(P0500) VEHICLE SPEED SENSOR A" address="8d623"/>

	<table name="(P0506) IDLE CONTROL RPM LOWER THAN EXPECTED" address="8d643"/>

	<table name="(P0507) IDLE CONTROL RPM HIGH THAN EXPECTED" address="8d644"/>

	<table name="(P0512) STARTER REQUEST CIRCUIT" address="8d632"/>

	<table name="(P0604) CONTROL MODULE RAM ERROR" address="8d620"/>

	<table name="(P0605) CONTROL MODULE ROM ERROR" address="8d6a4"/>

	<table name="(P0607) CONTROL MODULE PERFORMANCE" address="8d697"/>

	<table name="(P0638) THROTTLE ACTUATOR RANGE/PERF" address="8d696"/>

	<table name="(P0700) TRANSMISSION CONTROL SYSTEM" address="8d6b0"/>

	<table name="(P1152) FRONT O2 SENSOR RANGE/PERF LOW B1 S1" address="8d651"/>

	<table name="(P1153) FRONT O2 SENSOR RANGE/PERF HIGH B1 S1" address="8d652"/>

	<table name="(P1154) O2 SENSOR RANGE/PERF LOW B2 S1" address="8d674"/>

	<table name="(P1155) O2 SENSOR RANGE/PERF HIGH B2 S1" address="8d675"/>

	<table name="(P1160) ABNORMAL RETURN SPRING" address="8d691"/>

	<table name="(P1443) VENT CONTROL SOLENOID FUNCTION PROBLEM" address="8d64b"/>

	<table name="(P1492) EGR SOLENOID SIGNAL 1 MALFUNCTION (LOW)" address="8d63b"/>

	<table name="(P1493) EGR SOLENOID SIGNAL 1 MALFUNCTION (HIGH)" address="8d63c"/>

	<table name="(P1494) EGR SOLENOID SIGNAL 2 MALFUNCTION (LOW)" address="8d63d"/>

	<table name="(P1495) EGR SOLENOID SIGNAL 2 MALFUNCTION (HIGH)" address="8d63e"/>

	<table name="(P1496) EGR SIGNAL 3 CIRCUIT LOW" address="8d63f"/>

	<table name="(P1497) EGR SOLENOID SIGNAL 3 MALFUNCTION (HIGH)" address="8d640"/>

	<table name="(P1498) EGR SIGNAL 4 CIRCUIT LOW" address="8d641"/>

	<table name="(P1499) EGR SIGNAL 4 CIRCUIT HIGH" address="8d642"/>

	<table name="(P1518) STARTER SWITCH LOW INPUT" address="8d631"/>

	<table name="(P1519) IMRC STUCK CLOSED" address="8d6e3"/>

	<table name="(P1520) IMRC CIRCUIT MALFUNCTION" address="8d6e2"/>

	<table name="(P1560) BACK-UP VOLTAGE MALFUNCTION" address="8d67a"/>

	<table name="(P1602) CONTROL MODULE PROGRAMMING ERROR" address="8d6d3"/>

	<table name="(P1616) SBDS INTERACTIVE CODES" address="8d6e1"/>

	<table name="(P2088) OCV SOLENOID A1 CIRCUIT OPEN" address="8d6ac"/>

	<table name="(P2089) OCV SOLENOID A1 CIRCUIT SHORT" address="8d6ab"/>

	<table name="(P2090) OCV SOLENOID B1 CIRCUIT OPEN" address="8d6a8"/>

	<table name="(P2091) OCV SOLENOID B1 CIRCUIT SHORT" address="8d6a7"/>

	<table name="(P2092) OCV SOLENOID A2 CIRCUIT OPEN" address="8d6aa"/>

	<table name="(P2093) OCV SOLENOID A2 CIRCUIT SHORT" address="8d6a9"/>

	<table name="(P2094) OCV SOLENOID B2 CIRCUIT OPEN" address="8d6a6"/>

	<table name="(P2095) OCV SOLENOID B2 CIRCUIT SHORT" address="8d6a5"/>

	<table name="(P2096) POST CATALYST TOO LEAN B1" address="8d695"/>

	<table name="(P2097) POST CATALYST TOO RICH B1" address="8d69e"/>

	<table name="(P2098) POST CATALYST TOO LEAN B2" address="8d6af"/>

	<table name="(P2099) POST CATALYST TOO RICH B2" address="8d6ae"/>

	<table name="(P2101) THROTTLE ACTUATOR CIRCUIT RANGE/PERF" address="8d694"/>

	<table name="(P2102) THROTTLE ACTUATOR CIRCUIT LOW" address="8d692"/>

	<table name="(P2103) THROTTLE ACTUATOR CIRCUIT HIGH" address="8d693"/>

	<table name="(P2109) TPS A MINIMUM STOP PERF" address="8d68e"/>

	<table name="(P2122) TPS D CIRCUIT LOW INPUT" address="8d69b"/>

	<table name="(P2123) TPS D CIRCUIT HIGH INPUT" address="8d69c"/>

	<table name="(P2127) TPS E CIRCUIT LOW INPUT" address="8d699"/>

	<table name="(P2128) TPS E CIRCUIT HIGH INPUT" address="8d69a"/>

	<table name="(P2135) TPS A/B VOLTAGE" address="8d69d"/>

	<table name="(P2138) TPS D/E VOLTAGE" address="8d698"/>

	<table name="(P2227) BARO. PRESSURE CIRCUIT RANGE/PERF" address="8d6bd"/>

	<table name="(P2228) BARO. PRESSURE CIRCUIT LOW INPUT" address="8d6c0"/>

	<table name="(P2229) BARO. PRESSURE CIRCUIT HIGH INPUT" address="8d6bf"/>

	<table name="(U0073) CAN COMMUNICATION BUS A OFF" address="8d6f1"/>

	<table name="(U0101) CAN LOST COMMUNICATION WITH TCM" address="8d6ee"/>

	<table name="(U0122) CAN LOST COMMUNICATION WITH VDC" address="8d6f0"/>

	<table name="(U0140) CAN LOST COMMUNICATION WITH BIU" address="8d6ec"/>

	<table name="(U0402) CAN INVALID DATA RECEIVED FROM TCM" address="8d6ed"/>

	<table name="(U0416) CAN INVALID DATA RECEIVED FROM VDC" address="8d6ef"/>

	<table name="(U0422) CAN INVALID DATA RECEIVED FROM BIU" address="8d6eb"/>

</rom>
