<rom>
 <romid>
   <xmlid>D2ZS002D</xmlid>
   <internalidaddress>2000</internalidaddress>
   <internalidstring>D2ZS002D</internalidstring>
   <ecuid>2F5A356006</ecuid>
   <make>Subaru</make>
   <market>ADM</market>
    <model>Outback</model>
   <submodel>3.0R</submodel>
   <transmission>AT</transmission>
   <year>04</year>
   <memmodel>SH7055</memmodel>
   <flashmethod>sti04</flashmethod>
   <checksummodule>subarudbw</checksummodule>
  </romid>
  <include>32BITBASE</include>
  <table name="Manifold Pressure Sensor Scaling" address="6f45c" />
  <table name="Manifold Pressure Sensor Limits (CEL)" address="77418" />
  <table name="Manifold Pressure Sensor CEL Delays" address="7168e" />
  <table name="Primary Open Loop Fueling" address="742b0">
    <table name="X" address="7424c" elements="14" />
    <table name="Y" address="74284" elements="11" />
  </table>
  <table name="Primary Open Loop Fueling (Failsafe)" address="741b0">
    <table name="X" address="7414c" elements="14" />
    <table name="Y" address="74184" elements="11" />
  </table>
  <table name="Front Oxygen Sensor #1 Scaling" address="7785c">
    <table name="Y" address="77828" />
  </table>
  <table name="Front Oxygen Sensor #2 Scaling" address="778c4">
    <table name="Y" address="77890" />
  </table>
  <table name="Front Oxygen Sensor Rich Limit" address="189d0" />
  <table name="Front Oxygen Sensor Compensation (Atm. Pressure)" address="70930">
    <table name="Y" address="70920" />
  </table>
  <table name="CL Fueling Target Compensation A (Load)" address="74428">
    <table name="X" address="743d0" elements="9" />
    <table name="Y" address="743f4" elements="13" />
  </table>
  <table name="CL Fueling Target Compensation (ECT)_" address="737cc">
    <table name="Y" address="72de8" />
  </table>
  <table name="CL Fueling Target Compensation (ECT) Disable" address="729d8" />
  <table name="CL to OL Delay (Atm. Pressure)" address="73b54">
    <table name="Y" address="73b38" />
  </table>
  <table name="CL to OL Transition with Delay (Throttle)" address="7327c">
    <table name="Y" address="7323c" />
  </table>
  <table name="CL to OL Transition with Delay Throttle Hysteresis" address="72b40" />
  <table name="CL to OL Transition with Delay (Base Pulse Width)" address="73ba4">
    <table name="Y" address="73b64" />
  </table>
  <table name="CL to OL Transition with Delay BPW Hysteresis" address="72b44" />
  <table name="CL Delay Minimum (ECT)" address="72b48" />
  <table name="CL Delay Maximum Engine Speed A" address="72b4c" />
  <table name="CL Delay Maximum Engine Speed B" address="72b58" />
  <table name="CL Delay Engine Speed B Counter Threshold" address="7283c" />
  <table name="CL Delay Maximum (Throttle) A" address="72b54" />
  <table name="CL Delay Throttle A Counter Threshold" address="7283a" />
  <table name="Injector Latency" address="774c8">
    <table name="Y" address="774b4" />
  </table>
  <table name="Injector Flow Scaling_" address="72900" />
  <table name="Cranking Fuel Injector Pulse Width A (ECT)" address="733da">
    <table name="Y" address="72de8" />
  </table>
  <table name="Cranking Fuel Injector Pulse Width B (ECT)" address="733fa">
    <table name="Y" address="72de8" />
  </table>
  <table name="Cranking Fuel Injector Pulse Width C (ECT)" address="7341a">
    <table name="Y" address="72de8" />
  </table>
  <table name="Cranking Fuel Injector Pulse Width D (ECT)" address="7343a">
    <table name="Y" address="72de8" />
  </table>
  <table name="Cranking Fuel IPW Compensation (RPM)" address="74010">
    <table name="X" address="73fcc" />
    <table name="Y" address="73fe0" elements="12" />
  </table>
  <table name="Cranking Fuel IPW Compensation (MAP)" address="72f10">
    <table name="Y" address="72ee8" />
  </table>
  <table name="Cranking Fuel IPW Compensation (Accelerator)" address="72f34">
    <table name="Y" address="72f1c" />
  </table>
  <table name="Throttle Tip-in Enrichment A" address="73c1c">
    <table name="Y" address="73c08" elements="5" />
  </table>
  <table name="Throttle Tip-in Enrichment B" address="73c3c">
    <table name="Y" address="73c28" elements="5" />
  </table>
  <table name="Minimum Tip-in Enrichment Activation" address="72cb0" />
  <table name="Minimum Tip-in Enrichment Activation (Throttle)" address="72cac" />
  <table name="Tip-in Enrichment Compensation (RPM)" address="732f0">
    <table name="Y" address="732cc" />
  </table>
  <table name="Tip-in Enrichment Compensation (MRP)" address="7331c">
    <table name="Y" address="732fc" elements="8" />
  </table>
  <table name="Tip-in Enrichment Compensation A (ECT)" address="73324">
    <table name="Y" address="72de8" />
  </table>
  <table name="Tip-in Enrichment Compensation B (ECT)" address="73c46">
    <table name="Y" address="72de8" />
  </table>
  <table name="Tip-in Enrichment Compensation D (ECT)" address="73c66">
    <table name="Y" address="72e28" />
  </table>
  <table name="Tip-in Enrichment Compensation D (ECT) Activation" address="72cb8" />
  <table name="Tip-in Enrichment Disable Applied Counter Threshold" address="727e4" />
  <table name="Tip-in Enrichment Applied Counter Reset" address="727e5" />
  <table name="Tip-in Enrichment Disable Throttle Cumulative Threshold" address="72cb4" />
  <table name="Tip-in Throttle Cumulative Reset" address="727e6" />
  <table name="A/F Learning Airflow Ranges" address="72a58" />
  <table name="MAF Limit (Maximum)_" address="70850">
    <table name="Y" address="70848" />
  </table>
  <table name="MAF Sensor Scaling" address="77718">
    <table name="Y" address="77668" elements="44" />
  </table>
  <table name="MAF Compensation (IAT)" address="70fa4">
    <table name="X" address="70f70" />
    <table name="Y" address="70f84" />
  </table>
  <table name="Engine Load Limit (Maximum)" address="17190" />
  <table name="Engine Load Compensation (MP)" address="70f04">
    <table name="X" address="70eb0" elements="9" />
    <table name="Y" address="70ed4" elements="12" />
  </table>
  <table name="Base Timing A" address="75688">
    <table name="X" address="74afc" />
    <table name="Y" address="75650" elements="14" />
  </table>
  <table name="Base Timing B" address="75794">
    <table name="X" address="74afc" />
    <table name="Y" address="7575c" elements="14" />
  </table>
  <table name="Base Timing C" address="75866">
    <table name="X" address="74afc" />
    <table name="Y" address="74b38" elements="21" />
  </table>
  <table name="Base Timing Idle" address="74e68">
    <table name="Y" address="74ad8" elements="9" />
  </table>
  <table name="Base Timing Idle (Below Speed Threshold)_" address="74e5f">
    <table name="Y" address="74ad8" />
  </table>
  <table name="Base Timing Idle (Above Speed Threshold)" address="74e56">
    <table name="Y" address="74ad8" />
  </table>
  <table name="Base Timing Idle Vehicle Speed Threshold" address="749b0" />
  <table name="Knock Correction Advance Max A" address="753b0">
    <table name="X" address="7533c" elements="15" />
    <table name="Y" address="75378" elements="14" />
  </table>
  <table name="Knock Correction Advance Max B" address="75514">
    <table name="X" address="75484" elements="15" />
    <table name="Y" address="754c0" elements="21" />
  </table>
  <table name="Timing Compensation (IAT)" address="74f44">
    <table name="Y" address="74f04" />
  </table>
  <table name="Timing Comp Min Load (IAT)" address="749ec" />
  <table name="Timing Compensation A (ECT)" address="74ec3">
    <table name="Y" address="74b8c" />
  </table>
  <table name="Timing Compensation B (ECT)" address="74ed3">
    <table name="Y" address="74b8c" />
  </table>
  <table name="Timing Compensation C (ECT)" address="74ee3">
    <table name="Y" address="74b8c" />
  </table>
  <table name="Timing Compensation D (ECT)" address="74ef3">
    <table name="Y" address="74b8c" />
  </table>
  <table name="Feedback Correction Range (RPM)" address="7485c" />
  <table name="Feedback Correction Minimum Load_" address="75248">
    <table name="Y" address="75240" elements="2" />
  </table>
  <table name="Feedback Correction Retard Value" address="74848" />
  <table name="Feedback Correction Retard Limit" address="74844" />
  <table name="Feedback Correction Negative Advance Value" address="7484c" />
  <table name="Feedback Correction Negative Advance Delay" address="74806" />
  <table name="Fine Correction Range (RPM)" address="748d0" />
  <table name="Fine Correction Range (Load)" address="748e0" />
  <table name="Fine Correction Rows (RPM)_" address="7490c" />
  <table name="Fine Correction Columns (Load)_" address="748f0" />
  <table name="Fine Correction Retard Value_" address="75308">
    <table name="Y" address="752d4" />
  </table>
  <table name="Fine Correction Retard Limit" address="748c8" />
  <table name="Fine Correction Advance Value" address="748cc" />
  <table name="Fine Correction Advance Limit" address="748c4" />
  <table name="Fine Correction Advance Delay" address="7480e" />
  <table name="Rough Correction Range (RPM)" address="7487c" />
  <table name="Rough Correction Range (Load)" address="7488c" />
  <table name="Rough Correction Minimum KC Advance Map Value" address="7489c" />
  <table name="Rough Correction Learning Delay (Increasing)" address="74de4">
    <table name="Y" address="74dbc" />
  </table>
  <table name="Advance Multiplier (Initial)" address="74878" />
  <table name="Advance Multiplier Step Value" address="748a0" />
  <table name="Requested Torque A (Accelerator Pedal)" address="76bdc">
    <table name="X" address="76b40" elements="19" />
    <table name="Y" address="76b8c" elements="20" />
  </table>
  <table name="Target Throttle Plate Position A (Requested Torque)" address="768e8">
    <table name="X" address="7685c" elements="15" />
    <table name="Y" address="76898" elements="20" />
  </table>
  <table name="Rev Limit A" address="72d0c" />
  <table name="Intake Temp Sensor Scaling" address="6f630">
    <table name="Y" address="6f5b8" />
  </table>
  <table name="Coolant Temp Sensor Scaling" address="6f548">
    <table name="Y" address="6f4d8" />
  </table>
  <table name="Radiator Fan Modes A (ECT)" address="77eec" />
  <table name="Radiator Fan Modes B (ECT)" address="77efc" />
  <table name="Radiator Fan Modes C (ECT)" address="77f0c" />
  <table name="Radiator Fan Modes D (ECT)" address="77f1c" />
  <table name="Radiator Fan Modes (Veh. Speed)" address="77ea8" />
  <table name="Idle Speed Target A" address="760e4">
    <table name="Y" address="75e28" />
  </table>
  <table name="Idle Speed Target B" address="76104">
    <table name="Y" address="75e28" />
  </table>
  <table name="Idle Speed Target C" address="76124">
    <table name="Y" address="75e28" />
  </table>
  <table name="Idle Speed Target D" address="76144">
    <table name="Y" address="75e28" />
  </table>
  <table name="Idle Speed Target E" address="76164">
    <table name="Y" address="75e28" />
  </table>
  <table name="Idle Speed Target F" address="76184">
    <table name="Y" address="75e28" />
  </table>
  <table name="Force Pass Readiness Monitors" address="4b346" />
  <table name="(P0000) PASS CODE (NO DTC DETECTED)" address="59cab" />
  <table name="(P0000) PASS CODE (NO DTC DETECTED)_" address="59cac" />
  <table name="(P0011) CAMSHAFT POS. - TIMING OVER-ADVANCED 1" address="59c8f" />
  <table name="(P0021) CAMSHAFT POS. - TIMING OVER-ADVANCED 2" address="59c90" />
  <table name="(P0031) FRONT O2 SENSOR LOW INPUT" address="59cba" />
  <table name="(P0032) FRONT O2 SENSOR HIGH INPUT" address="59cb8" />
  <table name="(P0037) REAR O2 SENSOR LOW INPUT" address="59cb9" />
  <table name="(P0038) REAR O2 SENSOR HIGH INPUT" address="59cb7" />
  <table name="(P0051) HO2S CIRCUIT LOW B2 S1" address="59cc2" />
  <table name="(P0052) HO2S CIRCUIT HIGH B2 S1" address="59cc1" />
  <table name="(P0057) HO2S CIRCUIT LOW B2 S2" address="59cd1" />
  <table name="(P0058) HO2S CIRCUIT HIGH B2 S2" address="59cd2" />
  <table name="(P0076) INTAKE VALVE CIRCUIT LOW (BANK 1)" address="59cf5" />
  <table name="(P0077) INTAKE VALVE CONTROL HIGH (BANK 1)" address="59cf4" />
  <table name="(P0082) INTAKE VALVE CONTROL LOW (BANK 2)" address="59cf3" />
  <table name="(P0083) INTAKE VALVE CONTROL HIGH (BANK 2)" address="59cf2" />
  <table name="(P0102) MAF SENSOR LOW INPUT" address="59c67" />
  <table name="(P0103) MAF SENSOR HIGH INPUT" address="59c68" />
  <table name="(P0107) MAP SENSOR LOW INPUT" address="59cbd" />
  <table name="(P0108) MAP SENSOR HIGH INPUT" address="59cbe" />
  <table name="(P0112) IAT SENSOR LOW INPUT" address="59cb4" />
  <table name="(P0113) IAT SENSOR HIGH INPUT" address="59cb5" />
  <table name="(P0117) COOLANT TEMP SENSOR LOW INPUT" address="59c70" />
  <table name="(P0118) COOLANT TEMP SENSOR HIGH INPUT" address="59c71" />
  <table name="(P0122) TPS A LOW INPUT" address="59c6e" />
  <table name="(P0123) TPS A HIGH INPUT" address="59c6f" />
  <table name="(P0131) FRONT O2 SENSOR LOW INPUT" address="59cae" />
  <table name="(P0132) FRONT O2 SENSOR HIGH INPUT" address="59cb0" />
  <table name="(P0134) FRONT O2 SENSOR NO ACTIVITY" address="59ccd" />
  <table name="(P0137) REAR O2 SENSOR LOW VOLTAGE" address="59cad" />
  <table name="(P0138) REAR O2 SENSOR HIGH VOLTAGE" address="59cb2" />
  <table name="(P0151) O2 SENSOR CIRCUIT LOW B2 S1" address="59caf" />
  <table name="(P0152) O2 SENSOR CIRCUIT HIGH B2 S1" address="59cb1" />
  <table name="(P0154) O2 SENSOR CIRCUIT OPEN B2 S1" address="59ccc" />
  <table name="(P0157) O2 SENSOR CIRCUIT LOW B2 S2" address="59cd3" />
  <table name="(P0158) O2 SENSOR CIRCUIT HIGH B2 S2" address="59cd4" />
  <table name="(P0171) SYSTEM TOO LEAN" address="59ca2" />
  <table name="(P0172) SYSTEM TOO RICH" address="59ca3" />
  <table name="(P0174) SYSTEM TOO LEAN B2" address="59c9c" />
  <table name="(P0175) SYSTEM TOO RICH B2" address="59c9d" />
  <table name="(P0197) OIL TEMP SENSOR LOW" address="59cee" />
  <table name="(P0198) OIL TEMP SENSOR HIGH" address="59cf7" />
  <table name="(P0222) TPS B LOW INPUT" address="59cd6" />
  <table name="(P0223) TPS B HIGH INPUT" address="59cd7" />
  <table name="(P0230) FUEL PUMP PRIMARY CIRCUIT" address="59cc7" />
  <table name="(P0301) MISFIRE CYLINDER 1" address="59ca4" />
  <table name="(P0302) MISFIRE CYLINDER 2" address="59ca5" />
  <table name="(P0303) MISFIRE CYLINDER 3" address="59ca6" />
  <table name="(P0304) MISFIRE CYLINDER 4" address="59ca7" />
  <table name="(P0305) MISFIRE CYLINDER 5" address="59ca8" />
  <table name="(P0306) MISFIRE CYLINDER 6" address="59ca9" />
  <table name="(P0327) KNOCK SENSOR 1 LOW INPUT" address="59c6c" />
  <table name="(P0328) KNOCK SENSOR 1 HIGH INPUT" address="59c6d" />
  <table name="(P0332) KNOCK SENSOR 2 LOW INPUT" address="59c6a" />
  <table name="(P0333) KNOCK SENSOR 2 HIGH INPUT" address="59c6b" />
  <table name="(P0335) CRANKSHAFT POS. SENSOR A MALFUNCTION" address="59c64" />
  <table name="(P0340) CAMSHAFT POS. SENSOR A MALFUNCTION" address="59ce8" />
  <table name="(P0345) CAMSHAFT POS. SENSOR A BANK 2" address="59ce7" />
  <table name="(P0458) EVAP PURGE VALVE CIRCUIT LOW" address="59c93" />
  <table name="(P0459) EVAP PURGE VALVE CIRCUIT HIGH" address="59c94" />
  <table name="(P0462) FUEL LEVEL SENSOR LOW INPUT" address="59c74" />
  <table name="(P0463) FUEL LEVEL SENSOR HIGH INPUT" address="59c75" />
  <table name="(P0500) VEHICLE SPEED SENSOR A" address="59c69" />
  <table name="(P0512) STARTER REQUEST CIRCUIT" address="59c78" />
  <table name="(P0519) IDLE CONTROL MALFUNCTION (FAIL-SAFE)" address="59cca" />
  <table name="(P0600) SERIAL COMMUNICATION LINK" address="59ce6" />
  <table name="(P0604) CONTROL MODULE RAM ERROR" address="59c66" />
  <table name="(P0605) CONTROL MODULE ROM ERROR" address="59ce9" />
  <table name="(P0607) CONTROL MODULE PERFORMANCE" address="59cde" />
  <table name="(P0638) THROTTLE ACTUATOR RANGE/PERF" address="59cdd" />
  <table name="(P0700) TRANSMISSION CONTROL SYSTEM" address="59cf1" />
  <table name="(P1026) VVL SYSTEMS 1 PERFORMANCE" address="59cf9" />
  <table name="(P1028) VVL SYSTEMS 2 PERFORMANCE" address="59cf8" />
  <table name="(P1160) ABNORMAL RETURN SPRING" address="59cd8" />
  <table name="(P1518) STARTER SWITCH LOW INPUT" address="59c77" />
  <table name="(P1560) BACK-UP VOLTAGE MALFUNCTION" address="59cc4" />
  <table name="(P2088) OCV SOLENOID A1 CIRCUIT OPEN" address="59ced" />
  <table name="(P2089) OCV SOLENOID A1 CIRCUIT SHORT" address="59cec" />
  <table name="(P2092) OCV SOLENOID A2 CIRCUIT OPEN" address="59ceb" />
  <table name="(P2093) OCV SOLENOID A2 CIRCUIT SHORT" address="59cea" />
  <table name="(P2101) THROTTLE ACTUATOR CIRCUIT RANGE/PERF" address="59cdb" />
  <table name="(P2102) THROTTLE ACTUATOR CIRCUIT LOW" address="59cd9" />
  <table name="(P2103) THROTTLE ACTUATOR CIRCUIT HIGH" address="59cda" />
  <table name="(P2109) TPS A MINIMUM STOP PERF" address="59cd5" />
  <table name="(P2122) TPS D CIRCUIT LOW INPUT" address="59ce2" />
  <table name="(P2123) TPS D CIRCUIT HIGH INPUT" address="59ce3" />
  <table name="(P2127) TPS E CIRCUIT LOW INPUT" address="59ce0" />
  <table name="(P2128) TPS E CIRCUIT HIGH INPUT" address="59ce1" />
  <table name="(P2135) TPS A/B VOLTAGE" address="59ce4" />
  <table name="(P2138) TPS D/E VOLTAGE" address="59cdf" />
</rom>
