<rom>
	<romid>
		<xmlid>D2ZX004B</xmlid>
		<internalidaddress>2000</internalidaddress>
		<internalidstring>D2ZX004B</internalidstring>
		<ecuid>2f1a355006</ecuid>
		<make>Subaru</make>
		<market>USDM</market>
		<model>Outback</model>
		<submodel>3.0R</submodel>
		<transmission>AT</transmission>
		<year>05</year>
		<flashmethod>subarucan</flashmethod>
		<memmodel>SH7058</memmodel>
		<checksummodule>subarudbw</checksummodule>
	</romid>

	<include>32BITBASE</include>

	<table name="Manifold Pressure Sensor Scaling" address="c00a8">
	</table>

	<table name="Manifold Pressure Sensor Limits (CEL)" address="ca23c">
	</table>

	<table name="Manifold Pressure Sensor CEL Delays" address="c241a">
	</table>

	<table name="Primary Open Loop Fueling A_" address="c6600">
		<table name="Engine Load" address="c6600" elements="14"/>
		<table name="Engine Speed" address="c65d4" elements="11"/>
	</table>

	<table name="Primary Open Loop Fueling B_" address="c6600">
		<table name="Engine Load" address="c669c" elements="14"/>
		<table name="Engine Speed" address="c66d4" elements="11"/>
	</table>

	<table name="Minimum Active Primary Open Loop Enrichment" address="c4f48">
	</table>

	<table name="Front Oxygen Sensor #1 Scaling" address="ca664">
		<table name="Front Oxygen Sensor" address="ca630"/>
	</table>

	<table name="Front Oxygen Sensor #2 Scaling" address="ca6cc">
		<table name="Front Oxygen Sensor" address="ca698"/>
	</table>

	<table name="Front Oxygen Sensor Rich Limit" address="19ed8">
	</table>

	<table name="CL to OL Transition with Delay (Throttle)" address="c56b8">
		<table name="Engine Speed" address="c56b0" elements="2"/>
	</table>

	<table name="CL to OL Transition with Delay Throttle Hysteresis" address="c4f4c">
	</table>

	<table name="CL to OL Transition with Delay BPW Hysteresis" address="c4f50">
	</table>

	<table name="CL Delay Maximum Engine Speed A" address="c4f58">
	</table>

	<table name="CL Delay Maximum Engine Speed B" address="c4f64">
	</table>

	<table name="Injector Latency" address="ca2d0">
		<table name="Battery Output" address="ca2bc"/>
	</table>

	<table name="Injector Flow Scaling_" address="c4ce8">
	</table>

	<table name="Throttle Tip-in Enrichment A" address="c608c">
		<table name="Throttle Angle Change" address="c6078" elements="5"/>
	</table>

	<table name="Throttle Tip-in Enrichment B" address="c60ac">
		<table name="Throttle Angle Change" address="c6098" elements="5"/>
	</table>

	<table name="Minimum Tip-in Enrichment Activation" address="c5080">
	</table>

	<table name="Minimum Tip-in Enrichment Activation (Throttle)" address="c507c">
	</table>

	<table name="Tip-in Enrichment Compensation (RPM)" address="c570c">
		<table name="Engine Speed" address="c56e8"/>
	</table>

	<table name="A/F Learning #1/#2 Limits" address="c4e28">
	</table>

	<table name="A/F Learning Airflow Ranges" address="c4e44">
	</table>

	<table name="MAF Limit (Maximum)_" address="c1444">
		<table name="Engine Speed" address="c143c"/>
	</table>

	<table name="MAF Sensor Scaling" address="ca520">
		<table name="MAF sensor" address="ca470" elements="44"/>
	</table>

	<table name="Engine Load Limit (Maximum)" address="18774">
	</table>

	<table name="Engine Load Compensation (MP)" address="c19a4">
		<table name="Manifold Pressure" address="c1950" elements="9"/>
		<table name="Engine Speed" address="c1974" elements="12"/>
	</table>

	<table name="Base Timing A" address="c7764">
		<table name="Engine Load" address="c6eec"/>
		<table name="Engine Speed" address="c772c" elements="14"/>
	</table>

	<table name="Base Timing B" address="c7870">
		<table name="Engine Load" address="c6eec"/>
		<table name="Engine Speed" address="c7838" elements="14"/>
	</table>

	<table name="Base Timing C" address="c7942">
		<table name="Engine Load" address="c6eec"/>
		<table name="Engine Speed" address="c6f28" elements="21"/>
	</table>

	<table name="Feedback Correction Range (RPM)" address="c6dc0">
	</table>

	<table name="Feedback Correction Minimum Load_" address="c76c0">
		<table name="Engine Speed" address="c76b8" elements="2"/>
	</table>

	<table name="Feedback Correction Retard Value" address="c6dac">
	</table>

	<table name="Feedback Correction Retard Limit" address="c6da8">
	</table>

	<table name="Feedback Correction Negative Advance Value" address="c6db0">
	</table>

	<table name="Fine Correction Range (RPM)" address="c6e34">
	</table>

	<table name="Fine Correction Range (Load)" address="c6e44">
	</table>

	<table name="Fine Correction Rows (RPM)_" address="c6e70">
	</table>

	<table name="Fine Correction Columns (Load)_" address="c6e54">
	</table>

	<table name="Fine Correction Retard Value" address="c6e94">
	</table>

	<table name="Fine Correction Retard Limit" address="c6e2c">
	</table>

	<table name="Fine Correction Advance Value" address="c6e30">
	</table>

	<table name="Fine Correction Advance Limit" address="c6e28">
	</table>

	<table name="Fine Correction Advance Delay" address="c6c18">
	</table>

	<table name="Rough Correction Range (RPM)" address="c6de0">
	</table>

	<table name="Rough Correction Range (Load)" address="c6df0">
	</table>

	<table name="Rough Correction Learning Delay (Increasing)" address="c758c">
		<table name="Engine Speed" address="c7564"/>
	</table>

	<table name="Advance Multiplier (Initial)" address="c6e04">
	</table>

	<table name="Advance Multiplier Step Value" address="c6ddc">
	</table>

	<table name="Intake Cam Advance Angle A (AVCS)" address="cb5dc">
		<table name="Engine Load" address="cb578"/>
		<table name="Engine Speed" address="cb5b0" elements="11"/>
	</table>

	<table name="Intake Cam Advance Angle B (AVCS)" address="cb790">
		<table name="Engine Load" address="cb710"/>
		<table name="Engine Speed" address="cb748"/>
	</table>

	<table name="Requested Torque A (Accelerator Pedal)" address="c96f8">
		<table name="Accelerator Pedal Angle" address="c9664" elements="17"/>
		<table name="Engine Speed" address="c96a8" elements="20"/>
	</table>

	<table name="Requested Torque B (Accelerator Pedal)" address="c9a34">
		<table name="Accelerator Pedal Angle" address="c99a0" elements="17"/>
		<table name="Engine Speed" address="c99e4" elements="20"/>
	</table>

	<table name="Target Throttle Plate Position (Requested Torque)" address="c8d20">
		<table name="Requested Torque" address="c8c64" elements="26"/>
		<table name="Engine Speed" address="c8ccc" elements="21"/>
	</table>

	<table name="Target Throttle Plate Position Maximum (Requested Torque)" address="c9220">
		<table name="Requested Torque" address="c9164" elements="26"/>
		<table name="Engine Speed" address="c91cc" elements="21"/>
	</table>

	<table name="Rev Limit A" address="c50e4">
	</table>

	<table name="Fuel Temp Sensor Scaling" address="ca378">
		<table name="Fuel Temp Sensor" address="ca300"/>
	</table>

	<table name="Intake Temp Sensor Scaling" address="c026c">
		<table name="Intake Temp Sensor" address="c01f4"/>
	</table>

	<table name="Coolant Temp Sensor Scaling" address="c0184">
		<table name="Coolant Temp Sensor" address="c0114" elements="28"/>
	</table>

	<table name="Oil Temp Sensor Scaling" address="ca77c">
		<table name="Coolant Temp Sensor" address="ca700"/>
	</table>

	<table name="Fuel Pump Duty" address="2ba04">
	</table>

	<table name="Radiator Fan Modes A (ECT)" address="cad08">
	</table>

	<table name="Radiator Fan Modes B (ECT)" address="cad18">
	</table>

	<table name="Radiator Fan Modes C (ECT)" address="cad28">
	</table>

	<table name="Radiator Fan Modes (Veh. Speed)" address="cacc4">
	</table>

	<table name="Ignition Dwell" address="cabe8">
		<table name="Engine Speed" address="cab98" elements="15"/>
		<table name="Battery" address="cabd4"/>
	</table>

	<table name="(P0000) PASS CODE (NO DTC DETECTED)" address="5fa80"/>

	<table name="(P0011) CAMSHAFT POS. - TIMING OVER-ADVANCED 1" address="5fa63"/>

	<table name="(P0021) CAMSHAFT POS. - TIMING OVER-ADVANCED 2" address="5fa64"/>

	<table name="(P0026) OSV SOLENOID VALVE CIRCUIT RANGE/PERF B1" address="5fac4"/>

	<table name="(P0028) OSV SOLENOID VALVE CIRCUIT RANGE/PERF B2" address="5fac1"/>

	<table name="(P0030) FRONT O2 SENSOR RANGE/PERF" address="5fa9e"/>

	<table name="(P0031) FRONT O2 SENSOR LOW INPUT" address="5fa8e"/>

	<table name="(P0032) FRONT O2 SENSOR HIGH INPUT" address="5fa8c"/>

	<table name="(P0037) REAR O2 SENSOR LOW INPUT" address="5fa8d"/>

	<table name="(P0038) REAR O2 SENSOR HIGH INPUT" address="5fa8b"/>

	<table name="(P0050) HO2S CIRCUIT RANGE/PERF B2 S1" address="5fa9d"/>

	<table name="(P0051) HO2S CIRCUIT LOW B2 S1" address="5fa94"/>

	<table name="(P0052) HO2S CIRCUIT HIGH B2 S1" address="5fa93"/>

	<table name="(P0057) HO2S CIRCUIT LOW B2 S2" address="5faa0"/>

	<table name="(P0058) HO2S CIRCUIT HIGH B2 S2" address="5faa1"/>

	<table name="(P0068) MAP SENSOR RANGE/PERF" address="5fa98"/>

	<table name="(P0076) INTAKE VALVE CIRCUIT LOW (BANK 1)" address="5fac6"/>

	<table name="(P0077) INTAKE VALVE CONTROL HIGH (BANK 1)" address="5fac5"/>

	<table name="(P0082) INTAKE VALVE CONTROL LOW (BANK 2)" address="5fac3"/>

	<table name="(P0083) INTAKE VALVE CONTROL HIGH (BANK 2)" address="5fac2"/>

	<table name="(P0101) MAF SENSOR RANGE/PERF" address="5fa9a"/>

	<table name="(P0102) MAF SENSOR LOW INPUT" address="5fa3b"/>

	<table name="(P0103) MAF SENSOR HIGH INPUT" address="5fa3c"/>

	<table name="(P0107) MAP SENSOR LOW INPUT" address="5fa8f"/>

	<table name="(P0108) MAP SENSOR HIGH INPUT" address="5fa90"/>

	<table name="(P0111) IAT SENSOR RANGE/PERF" address="5fa8a"/>

	<table name="(P0112) IAT SENSOR LOW INPUT" address="5fa88"/>

	<table name="(P0113) IAT SENSOR HIGH INPUT" address="5fa89"/>

	<table name="(P0117) COOLANT TEMP SENSOR LOW INPUT" address="5fa44"/>

	<table name="(P0118) COOLANT TEMP SENSOR HIGH INPUT" address="5fa45"/>

	<table name="(P0122) TPS A LOW INPUT" address="5fa42"/>

	<table name="(P0123) TPS A HIGH INPUT" address="5fa43"/>

	<table name="(P0125) INSUFFICIENT COOLANT TEMP (FUELING)" address="5fa47"/>

	<table name="(P0126) INSUFFICIENT COOLANT TEMP (OPERATION)" address="5facc"/>

	<table name="(P0128) THERMOSTAT MALFUNCTION" address="5fa95"/>

	<table name="(P0131) FRONT O2 SENSOR LOW INPUT" address="5fa82"/>

	<table name="(P0132) FRONT O2 SENSOR HIGH INPUT" address="5fa84"/>

	<table name="(P0133) FRONT O2 SENSOR SLOW RESPONSE" address="5fa6c"/>

	<table name="(P0134) FRONT O2 SENSOR NO ACTIVITY" address="5fa9c"/>

	<table name="(P0137) REAR O2 SENSOR LOW VOLTAGE" address="5fa81"/>

	<table name="(P0138) REAR O2 SENSOR HIGH VOLTAGE" address="5fa86"/>

	<table name="(P0139) REAR O2 SENSOR SLOW RESPONSE" address="5fa6d"/>

	<table name="(P0151) O2 SENSOR CIRCUIT LOW B2 S1" address="5fa83"/>

	<table name="(P0152) O2 SENSOR CIRCUIT HIGH B2 S1" address="5fa85"/>

	<table name="(P0153) O2 SENSOR CIRCUIT SLOW RESPONSE B2 S1" address="5fa87"/>

	<table name="(P0154) O2 SENSOR CIRCUIT OPEN B2 S1" address="5fa9b"/>

	<table name="(P0157) O2 SENSOR CIRCUIT LOW B2 S2" address="5faa2"/>

	<table name="(P0158) O2 SENSOR CIRCUIT HIGH B2 S2" address="5faa3"/>

	<table name="(P0159) O2 SENSOR CIRCUIT SLOW RESPONSE B2 S2" address="5fa9f"/>

	<table name="(P0171) SYSTEM TOO LEAN" address="5fa76"/>

	<table name="(P0172) SYSTEM TOO RICH" address="5fa77"/>

	<table name="(P0174) SYSTEM TOO LEAN B2" address="5fa70"/>

	<table name="(P0175) SYSTEM TOO RICH B2" address="5fa71"/>

	<table name="(P0181) FUEL TEMP SENSOR A RANGE/PERF" address="5fa52"/>

	<table name="(P0182) FUEL TEMP SENSOR A LOW INPUT" address="5fa50"/>

	<table name="(P0183) FUEL TEMP SENSOR A HIGH INPUT" address="5fa51"/>

	<table name="(P0196) OIL TEMP SENSOR RANGE/PERF" address="5fac7"/>

	<table name="(P0197) OIL TEMP SENSOR LOW" address="5fabd"/>

	<table name="(P0198) OIL TEMP SENSOR HIGH" address="5fac8"/>

	<table name="(P0222) TPS B LOW INPUT" address="5faa5"/>

	<table name="(P0223) TPS B HIGH INPUT" address="5faa6"/>

	<table name="(P0230) FUEL PUMP PRIMARY CIRCUIT" address="5fa97"/>

	<table name="(P0301) MISFIRE CYLINDER 1" address="5fa78"/>

	<table name="(P0302) MISFIRE CYLINDER 2" address="5fa79"/>

	<table name="(P0303) MISFIRE CYLINDER 3" address="5fa7a"/>

	<table name="(P0304) MISFIRE CYLINDER 4" address="5fa7b"/>

	<table name="(P0305) MISFIRE CYLINDER 5" address="5fa7c"/>

	<table name="(P0306) MISFIRE CYLINDER 6" address="5fa7d"/>

	<table name="(P0327) KNOCK SENSOR 1 LOW INPUT" address="5fa40"/>

	<table name="(P0328) KNOCK SENSOR 1 HIGH INPUT" address="5fa41"/>

	<table name="(P0332) KNOCK SENSOR 2 LOW INPUT" address="5fa3e"/>

	<table name="(P0333) KNOCK SENSOR 2 HIGH INPUT" address="5fa3f"/>

	<table name="(P0335) CRANKSHAFT POS. SENSOR A MALFUNCTION" address="5fa38"/>

	<table name="(P0336) CRANKSHAFT POS. SENSOR A RANGE/PERF" address="5fa39"/>

	<table name="(P0340) CAMSHAFT POS. SENSOR A MALFUNCTION" address="5fab7"/>

	<table name="(P0345) CAMSHAFT POS. SENSOR A BANK 2" address="5fab6"/>

	<table name="(P0420) CAT EFFICIENCY BELOW THRESHOLD" address="5fa72"/>

	<table name="(P0442) EVAP LEAK DETECTED (SMALL)" address="5fa73"/>

	<table name="(P0447) EVAP VENT CONTROL CIRCUIT OPEN" address="5fa6a"/>

	<table name="(P0448) EVAP VENT CONTROL CIRCUIT SHORTED" address="5fa6b"/>

	<table name="(P0451) EVAP PRESSURE SENSOR RANGE/PERF" address="5fa4f"/>

	<table name="(P0452) EVAP PRESSURE SENSOR LOW INPUT" address="5fa4d"/>

	<table name="(P0453) EVAP PRESSURE SENSOR HIGH INPUT" address="5fa4e"/>

	<table name="(P0456) EVAP LEAK DETECTED (VERY SMALL)" address="5fa74"/>

	<table name="(P0457) EVAP LEAK DETECTED (FUEL CAP)" address="5fa7e"/>

	<table name="(P0458) EVAP PURGE VALVE CIRCUIT LOW" address="5fa67"/>

	<table name="(P0459) EVAP PURGE VALVE CIRCUIT HIGH" address="5fa68"/>

	<table name="(P0461) FUEL LEVEL SENSOR RANGE/PERF" address="5fa4a"/>

	<table name="(P0462) FUEL LEVEL SENSOR LOW INPUT" address="5fa48"/>

	<table name="(P0463) FUEL LEVEL SENSOR HIGH INPUT" address="5fa49"/>

	<table name="(P0464) FUEL LEVEL SENSOR INTERMITTENT" address="5fa46"/>

	<table name="(P0483) RADIATOR FAN RATIONALITY CHECK" address="5fa62"/>

	<table name="(P0500) VEHICLE SPEED SENSOR A" address="5fa3d"/>

	<table name="(P0506) IDLE CONTROL RPM LOWER THAN EXPECTED" address="5fa5d"/>

	<table name="(P0507) IDLE CONTROL RPM HIGH THAN EXPECTED" address="5fa5e"/>

	<table name="(P0512) STARTER REQUEST CIRCUIT" address="5fa4c"/>

	<table name="(P0519) IDLE CONTROL MALFUNCTION (FAIL-SAFE)" address="5fa99"/>

	<table name="(P0600) SERIAL COMMUNICATION LINK" address="5fab5"/>

	<table name="(P0604) CONTROL MODULE RAM ERROR" address="5fa3a"/>

	<table name="(P0605) CONTROL MODULE ROM ERROR" address="5fab8"/>

	<table name="(P0607) CONTROL MODULE PERFORMANCE" address="5faad"/>

	<table name="(P0638) THROTTLE ACTUATOR RANGE/PERF" address="5faac"/>

	<table name="(P0691) RADIATOR FAN CIRCUIT LOW" address="5fa60"/>

	<table name="(P0692) RADIATOR FAN CIRCUIT HIGH" address="5fa61"/>

	<table name="(P0700) TRANSMISSION CONTROL SYSTEM" address="5fac0"/>

	<table name="(P1152) FRONT O2 SENSOR RANGE/PERF LOW B1 S1" address="5fa6e"/>

	<table name="(P1153) FRONT O2 SENSOR RANGE/PERF HIGH B1 S1" address="5fa6f"/>

	<table name="(P1154) O2 SENSOR RANGE/PERF LOW B2 S1" address="5fa91"/>

	<table name="(P1155) O2 SENSOR RANGE/PERF HIGH B2 S1" address="5fa92"/>

	<table name="(P1160) ABNORMAL RETURN SPRING" address="5faa7"/>

	<table name="(P1400) FUEL TANK PRESSURE SOL. LOW" address="5fa65"/>

	<table name="(P1420) FUEL TANK PRESSURE SOL. HIGH INPUT" address="5fa66"/>

	<table name="(P1443) VENT CONTROL SOLENOID FUNCTION PROBLEM" address="5fa69"/>

	<table name="(P1446) FUEL TANK SENSOR CONTROL CIRCUIT LOW" address="5fa5b"/>

	<table name="(P1447) FUEL TANK SENSOR CONTROL CIRCUIT HIGH" address="5fa5c"/>

	<table name="(P1448) FUEL TANK SENSOR CONTROL RANGE/PERF" address="5fa5f"/>

	<table name="(P1518) STARTER SWITCH LOW INPUT" address="5fa4b"/>

	<table name="(P1560) BACK-UP VOLTAGE MALFUNCTION" address="5fa96"/>

	<table name="(P2088) OCV SOLENOID A1 CIRCUIT OPEN" address="5fabc"/>

	<table name="(P2089) OCV SOLENOID A1 CIRCUIT SHORT" address="5fabb"/>

	<table name="(P2092) OCV SOLENOID A2 CIRCUIT OPEN" address="5faba"/>

	<table name="(P2093) OCV SOLENOID A2 CIRCUIT SHORT" address="5fab9"/>

	<table name="(P2096) POST CATALYST TOO LEAN B1" address="5faab"/>

	<table name="(P2097) POST CATALYST TOO RICH B1" address="5fab4"/>

	<table name="(P2098) POST CATALYST TOO LEAN B2" address="5fabf"/>

	<table name="(P2099) POST CATALYST TOO RICH B2" address="5fabe"/>

	<table name="(P2101) THROTTLE ACTUATOR CIRCUIT RANGE/PERF" address="5faaa"/>

	<table name="(P2102) THROTTLE ACTUATOR CIRCUIT LOW" address="5faa8"/>

	<table name="(P2103) THROTTLE ACTUATOR CIRCUIT HIGH" address="5faa9"/>

	<table name="(P2109) TPS A MINIMUM STOP PERF" address="5faa4"/>

	<table name="(P2122) TPS D CIRCUIT LOW INPUT" address="5fab1"/>

	<table name="(P2123) TPS D CIRCUIT HIGH INPUT" address="5fab2"/>

	<table name="(P2127) TPS E CIRCUIT LOW INPUT" address="5faaf"/>

	<table name="(P2128) TPS E CIRCUIT HIGH INPUT" address="5fab0"/>

	<table name="(P2135) TPS A/B VOLTAGE" address="5fab3"/>

	<table name="(P2138) TPS D/E VOLTAGE" address="5faae"/>

	<table name="(P2227) BARO. PRESSURE CIRCUIT RANGE/PERF" address="5facb"/>

	<table name="(P2228) BARO. PRESSURE CIRCUIT LOW INPUT" address="5face"/>

	<table name="(P2229) BARO. PRESSURE CIRCUIT HIGH INPUT" address="5facd"/>

	<table name="(P2503) CHARGING SYSTEM VOLTAGE LOW" address="5faca"/>

	<table name="(P2504) CHARGING SYSTEM VOLTAGE HIGH" address="5fac9"/>

</rom>
