<rom>
	<romid>
		<xmlid>EP5I200F</xmlid>
		<internalidaddress>2004</internalidaddress>
		<internalidstring>EP5I200F</internalidstring>
		<ecuid>8424385107</ecuid>
		<make>Subaru</make>
		<market>ADM</market>
		<model>Impreza</model>
		<submodel>2.0 FB</submodel>
		<transmission>MT</transmission>
		<year>13</year>
		<flashmethod>subarucan</flashmethod>
		<memmodel>SH7058</memmodel>
		<checksummodule>subarudbw</checksummodule>
	</romid>

	<include>32BITBASE</include>

	<table name="(P014C) O2 SENSOR SLOW RESPONSE RICH TO LEAN B1 S1" address="a51b2"/>

	<table name="(P014D) O2 SENSOR SLOW RESPONSE LEAN TO RICH B1 S1" address="a51b1"/>

	<table name="(P015A) O2 SENSOR DELAYED RESPONSE RICH TO LEAN B1 S1" address="a51ae"/>

	<table name="(P015B) O2 SENSOR DELAYED RESPONSE LEAN TO RICH B1 S1" address="a51ad"/>

	<table name="Manifold Pressure Sensor Scaling_" address="dc6c8">
	</table>

	<table name="Manifold Pressure Sensor Limits (CEL)" address="dc684">
	</table>

	<table name="Manifold Pressure Sensor CEL Delays" address="dc62b">
	</table>

	<table name="Primary Open Loop Fueling A_" address="d1c04">
		<table name="Engine Load" address="d1bb8" elements="12"/>
		<table name="Engine Speed" address="d1be8" elements="7"/>
	</table>

	<table name="Primary Open Loop Fueling B_" address="d1cc0">
		<table name="Engine Load" address="d1c58" elements="12"/>
		<table name="Engine Speed" address="d1c88" elements="14"/>
	</table>

	<table name="Minimum Active Primary Open Loop Enrichment" address="cee00">
	</table>

	<table name="Front Oxygen Sensor Scaling" address="dc98c">
		<table name="Front Oxygen Sensor" address="dc958"/>
	</table>

	<table name="Front Oxygen Sensor Rich Limit" address="266ac">
	</table>

	<table name="Front Oxygen Sensor Compensation (Atm. Pressure)" address="c406c">
		<table name="Atmospheric Pressure" address="c405c"/>
	</table>

	<table name="CL Fueling Target Compensation A (Load)" address="d3b20">
		<table name="Engine Load" address="d3aa0"/>
		<table name="Engine Speed" address="d3acc" elements="21"/>
	</table>

	<table name="CL Fueling Target Compensation B (Load)" address="d3fc0">
		<table name="Engine Load" address="d3f40"/>
		<table name="Engine Speed" address="d3f6c" elements="21"/>
	</table>

	<table name="CL Fueling Target Compensation Imm. Cruise (ECT)" address="d3784">
		<table name="Coolant Temperature" address="cf138"/>
		<table name="Engine Load" address="d3778"/>
	</table>

	<table name="CL Fueling Target Compensation Imm. Non-Cruise (ECT)" address="d37f0">
		<table name="Coolant Temperature" address="cf138"/>
		<table name="Engine Load" address="d37e4"/>
	</table>

	<table name="CL Fueling Target Compensation (ECT) Disable" address="cec30">
	</table>

	<table name="CL to OL Delay_" address="cea16">
	</table>

	<table name="CL to OL Delay A (Atm. Pressure)" address="d0958">
		<table name="Atmospheric Pressure" address="d0950" elements="2"/>
	</table>

	<table name="CL to OL Delay B (Atm. Pressure)" address="d0964">
		<table name="Atmospheric Pressure" address="d095c" elements="2"/>
	</table>

	<table name="CL to OL Transition with Delay (Accelerator)" address="cf7a0">
		<table name="Engine Speed" address="cf760"/>
	</table>

	<table name="CL to OL Transition with Delay Throttle Hysteresis" address="cee04">
	</table>

	<table name="CL to OL Transition with Delay (Base Pulse Width)" address="d0930">
		<table name="Engine Speed" address="d08f0"/>
	</table>

	<table name="CL to OL Transition with Delay BPW Hysteresis" address="cee08">
	</table>

	<table name="CL Delay Minimum (ECT)" address="cee0c">
	</table>

	<table name="CL Delay Maximum Engine Speed A" address="cee14">
	</table>

	<table name="CL Delay Maximum Engine Speed B" address="cee18">
	</table>

	<table name="CL Delay Engine Speed B Counter Threshold" address="ce9fa">
	</table>

	<table name="CL Delay Maximum (Throttle) A" address="cee10">
	</table>

	<table name="CL Delay Throttle A Counter Threshold">
	</table>

	<table name="CL Delay Maximum (Throttle) B (ECT)" address="cf7b8">
		<table name="Coolant Temperature" address="cf7b0" elements="2"/>
	</table>

	<table name="Injector Latency_" address="d2ac8">
		<table name="Battery Output" address="d2aac"/>
		<table name="Manifold Pressure" address="d2ac0" elements="2"/>
	</table>

	<table name="Injector Flow Scaling" address="ceaf4">
	</table>

	<table name="Per Injector Pulse Width Compensation A" address="d1e00">
		<table name="Last Calculated Base Pulse Width" address="d1db4" elements="12"/>
		<table name="Engine Speed" address="d1de4" elements="7"/>
	</table>

	<table name="Per Injector Pulse Width Compensation B" address="d1ea0">
		<table name="Last Calculated Base Pulse Width" address="d1e54" elements="12"/>
		<table name="Engine Speed" address="d1e84" elements="7"/>
	</table>

	<table name="Per Injector Pulse Width Compensation C" address="d1f40">
		<table name="Last Calculated Base Pulse Width" address="d1ef4" elements="12"/>
		<table name="Engine Speed" address="d1f24" elements="7"/>
	</table>

	<table name="Per Injector Pulse Width Compensation D" address="d1fe0">
		<table name="Last Calculated Base Pulse Width" address="d1f94" elements="12"/>
		<table name="Engine Speed" address="d1fc4" elements="7"/>
	</table>

	<table name="Cranking Fuel Injector Pulse Width A (ECT)" address="d26f8">
		<table name="Coolant Temperature" address="d26ec" elements="3"/>
	</table>

	<table name="Cranking Fuel Injector Pulse Width B (ECT)" address="d2764">
		<table name="Coolant Temperature" address="d2758" elements="3"/>
	</table>

	<table name="Cranking Fuel Injector Pulse Width C (ECT)" address="d27cc">
		<table name="Coolant Temperature" address="d27c4" elements="2"/>
	</table>

	<table name="Cranking Fuel Injector Pulse Width D (ECT)" address="d2814">
		<table name="Coolant Temperature" address="d280c" elements="2"/>
	</table>

	<table name="Cranking Fuel Injector Pulse Width E (ECT)" address="d285c">
		<table name="Coolant Temperature" address="d2854" elements="2"/>
	</table>

	<table name="Cranking Fuel Injector Pulse Width F (ECT)" address="d28a4">
		<table name="Coolant Temperature" address="d289c" elements="2"/>
	</table>

	<table name="Cranking Fuel IPW Compensation A (RPM)" address="d17bc">
		<table name="Engine Speed" address="d179c"/>
		<table name="Coolant Temperature" address="d17b0" elements="3"/>
	</table>

	<table name="Cranking Fuel IPW Compensation B (RPM)" address="d178c">
		<table name="Engine Speed" address="d176c"/>
		<table name="Coolant Temperature" address="d1780" elements="3"/>
	</table>

	<table name="Cranking Fuel IPW Compensation (MAP)" address="cf374">
		<table name="Manifold Pressure" address="cf34c"/>
	</table>

	<table name="Cranking Fuel IPW Compensation (Accelerator)" address="cf3a8">
		<table name="Accelerator Pedal Angle" address="cf380" elements="10"/>
	</table>

	<table name="Cranking Fuel IPW Compensation (IAT)" address="cf3e8">
		<table name="Intake Temperature" address="cf3d4"/>
	</table>

	<table name="Throttle Tip-in Enrichment A" address="d0c7c">
		<table name="Throttle Angle Change" address="d0c34"/>
	</table>

	<table name="Throttle Tip-in Enrichment B" address="d0ce8">
		<table name="Throttle Angle Change" address="d0ca0"/>
	</table>

	<table name="Minimum Tip-in Enrichment Activation" address="cefe4">
	</table>

	<table name="Minimum Tip-in Enrichment Activation (Throttle)" address="cefe0">
	</table>

	<table name="Tip-in Enrichment Compensation (RPM)" address="cf958">
		<table name="Engine Speed" address="cf934"/>
	</table>

	<table name="Tip-in Enrichment Compensation (MRP)" address="cf988">
		<table name="Manifold Pressure" address="cf964"/>
	</table>

	<table name="Tip-in Enrichment Compensation A (ECT)" address="cf991">
		<table name="Coolant Temperature" address="cf138"/>
	</table>

	<table name="Tip-in Enrichment Compensation B (ECT)" address="d0d0c">
		<table name="Coolant Temperature" address="cf138"/>
	</table>

	<table name="Tip-in Enrichment Compensation C (ECT)" address="d0d2c">
		<table name="Coolant Temperature" address="cf138"/>
	</table>

	<table name="Tip-in Enrichment Compensation D (ECT)" address="d0d6c">
		<table name="Coolant Temperature" address="cf178"/>
	</table>

	<table name="Tip-in Enrichment Compensation D (ECT) Activation" address="cefe8">
	</table>

	<table name="Tip-in Enrichment Disable Applied Counter Threshold A (ECT)" address="cf9a1">
		<table name="Coolant Temperature" address="cf138"/>
	</table>

	<table name="Tip-in Enrichment Disable Applied Counter Threshold B (ECT)" address="cf9b1">
		<table name="Coolant Temperature" address="cf138"/>
	</table>

	<table name="Tip-in Enrichment Applied Counter Reset" address="ce9a2">
	</table>

	<table name="Tip-in Enrichment Disable Throttle Cumulative Threshold A (ECT)" address="d0d8c">
		<table name="Coolant Temperature" address="cf138"/>
	</table>

	<table name="Tip-in Enrichment Disable Throttle Cumulative Threshold B (ECT)" address="d0dac">
		<table name="Coolant Temperature" address="cf138"/>
	</table>

	<table name="Tip-in Throttle Cumulative Reset" address="ce9a3">
	</table>

	<table name="A/F Learning #1 Limits" address="cecf0">
	</table>

	<table name="A/F Learning #1 Airflow Ranges" address="ced10">
	</table>

	<table name="MAF Limit (Maximum)" address="c378c">
	</table>

	<table name="MAF Sensor Scaling" address="dc898">
		<table name="MAF sensor" address="dc7d8" elements="48"/>
	</table>

	<table name="MAF Compensation (IAT)" address="c47fc">
		<table name="Intake Temperature" address="c47c8"/>
		<table name="Mass Airflow" address="c47dc"/>
	</table>

	<table name="Engine Load Limit (Maximum)" address="23c58">
	</table>

	<table name="Engine Load Compensation A (MP)" address="c49e4">
		<table name="Manifold Pressure" address="c4958" elements="13"/>
		<table name="Engine Speed" address="c498c" elements="22"/>
	</table>

	<table name="Engine Load Compensation B (MP)" address="c4894">
		<table name="Manifold Pressure" address="c4824" elements="13"/>
		<table name="Engine Speed" address="c4858" elements="15"/>
	</table>

	<table name="Base Timing A" address="d7c1c">
		<table name="Engine Load" address="d7ba4" elements="13"/>
		<table name="Engine Speed" address="d7bd8" elements="17"/>
	</table>

	<table name="Base Timing B" address="d7ac4">
		<table name="Engine Load" address="d7a4c" elements="13"/>
		<table name="Engine Speed" address="d7a80" elements="17"/>
	</table>

	<table name="Base Timing Idle (In-Gear)(Above Speed Threshold)" address="d5884">
		<table name="Engine Speed" address="d5844" elements="9"/>
	</table>

	<table name="Base Timing Idle (In-Gear)(Below Speed Threshold)" address="d589d">
		<table name="Engine Speed" address="d55a0"/>
	</table>

	<table name="Base Timing Idle (Neutral)" address="d58fc">
		<table name="Engine Speed" address="d58d8"/>
	</table>

	<table name="Base Timing Idle Vehicle Speed Threshold" address="d52a4">
	</table>

	<table name="Knock Correction Advance Max A" address="d7210">
		<table name="Engine Load" address="d7198" elements="13"/>
		<table name="Engine Speed" address="d71cc" elements="17"/>
	</table>

	<table name="Knock Correction Advance Max B" address="d7368">
		<table name="Engine Load" address="d72f0" elements="13"/>
		<table name="Engine Speed" address="d7324" elements="17"/>
	</table>

	<table name="Timing Compensation (IAT)" address="d5b10">
		<table name="Intake Temperature" address="d5ad0"/>
	</table>

	<table name="Timing Compensation (IAT) Activation" address="d83d4">
		<table name="Engine Speed" address="d83bc" elements="2"/>
		<table name="Engine Load" address="d83c4" elements="4"/>
	</table>

	<table name="Timing Compensation A (ECT)" address="d5a9f">
		<table name="Coolant Temperature" address="d5520"/>
	</table>

	<table name="Timing Compensation B (ECT)" address="d5abf">
		<table name="Coolant Temperature" address="d5520"/>
	</table>

	<table name="Timing Compensation Per Cylinder A" address="d6e54">
		<table name="Engine Speed" address="d6e00"/>
		<table name="Engine Load" address="d6e38" elements="7"/>
	</table>

	<table name="Timing Compensation Per Cylinder B" address="d6f0c">
		<table name="Engine Speed" address="d6eb8"/>
		<table name="Engine Load" address="d6ef0" elements="7"/>
	</table>

	<table name="Timing Compensation Per Cylinder C" address="d6fc4">
		<table name="Engine Speed" address="d6f70"/>
		<table name="Engine Load" address="d6fa8" elements="7"/>
	</table>

	<table name="Timing Compensation Per Cylinder D" address="d707c">
		<table name="Engine Speed" address="d7028"/>
		<table name="Engine Load" address="d7060" elements="7"/>
	</table>

	<table name="Timing Comp Minimum Load (Per Cylinder)" address="d50bc">
	</table>

	<table name="Timing Comp Maximum RPM (Per Cylinder)" address="d50b8">
	</table>

	<table name="Timing Comp Minimum Coolant Temp (Per Cylinder)" address="d50c0">
	</table>

	<table name="Feedback Correction Range (RPM)" address="d50c8">
	</table>

	<table name="Feedback Correction Minimum Load_" address="d6130">
		<table name="Engine Speed" address="d6120"/>
	</table>

	<table name="Feedback Correction Retard Value_" address="d685c">
		<table name="Engine Speed" address="d6828"/>
	</table>

	<table name="Feedback Correction Retard Limit" address="d50e0">
	</table>

	<table name="Feedback Correction Negative Advance Value" address="d50e4">
	</table>

	<table name="Feedback Correction Negative Advance Delay_" address="d616c">
		<table name="Engine Speed" address="d6138"/>
	</table>

	<table name="Fine Correction Range (RPM)" address="d519c">
	</table>

	<table name="Fine Correction Range (Load)" address="d51ac">
	</table>

	<table name="Fine Correction Rows (RPM)_" address="d5144">
	</table>

	<table name="Fine Correction Columns (Load)_" address="d5164">
	</table>

	<table name="Fine Correction Retard Value_" address="d68c4">
		<table name="Engine Speed" address="d6890"/>
	</table>

	<table name="Fine Correction Retard Limit" address="d5190">
	</table>

	<table name="Fine Correction Advance Value" address="d518c">
	</table>

	<table name="Fine Correction Advance Limit" address="d5188">
	</table>

	<table name="Fine Correction Advance Delay" address="d500c">
	</table>

	<table name="Rough Correction Range (RPM)" address="d5100">
	</table>

	<table name="Rough Correction Range (Load)" address="d5110">
	</table>

	<table name="Rough Correction Minimum KC Advance Map Value" address="d5120">
	</table>

	<table name="Rough Correction Learning Delay (Increasing)_" address="d61b0">
		<table name="Engine Speed" address="d6188"/>
	</table>

	<table name="Advance Multiplier (Initial)" address="d5124">
	</table>

	<table name="Advance Multiplier Step Value" address="d5128">
	</table>

	<table name="Intake Cam Advance Angle A (AVCS)">
		<table name="Engine Load" elements="11"/>
		<table name="Engine Speed" elements="10"/>
	</table>

	<table name="Intake Cam Advance Angle Cruise (AVCS)__" address="de7fc">
		<table name="Engine Load" address="de7a8"/>
		<table name="Engine Speed" address="de7d4"/>
	</table>

	<table name="Intake Cam Advance Angle Non-Cruise (AVCS)__" address="de8e8">
		<table name="Engine Load" address="de86c"/>
		<table name="Engine Speed" address="de8a0"/>
	</table>

	<table name="Exhaust Cam Retard Angle Cruise (AVCS)__" address="deb08">
		<table name="Engine Load" address="deab4"/>
		<table name="Engine Speed" address="deae0"/>
	</table>

	<table name="Exhaust Cam Retard Angle Non-Cruise (AVCS)__" address="debf4">
		<table name="Engine Load" address="deb78"/>
		<table name="Engine Speed" address="debac"/>
	</table>

	<table name="Requested Torque A (Accelerator Pedal)" address="fa08c">
		<table name="Accelerator Pedal Angle" address="f9ff4" elements="20"/>
		<table name="Engine Speed" address="fa044" elements="18"/>
	</table>

	<table name="Target Throttle Plate Position A (Requested Torque)" address="f923c">
		<table name="Requested Torque" address="f9144" elements="50"/>
		<table name="Engine Speed" address="f920c" elements="12"/>
	</table>

	<table name="Target Throttle Plate Position Maximum (Requested Torque)" address="faef0">
		<table name="Requested Torque" address="faddc" elements="50"/>
		<table name="Engine Speed" address="faea4" elements="19"/>
	</table>

	<table name="Rev Limit (Fuel Cut)" address="cf068">
	</table>

	<table name="Rev Limit Fuel Resume (MP)" address="cf078">
	</table>

	<table name="Speed Limiting Enable (Fuel Cut)" address="cf080">
	</table>

	<table name="Speed Limiting Disable (Fuel Cut)" address="cf088">
	</table>

	<table name="Speed Limiting A (Throttle)" address="f8e44">
	</table>

	<table name="Speed Limiting B (Throttle)" address="f8e50">
	</table>

	<table name="Intake Temp Sensor Scaling" address="dcb18">
		<table name="Intake Temp Sensor" address="dcaa0"/>
	</table>

	<table name="Coolant Temp Sensor Scaling" address="dca30">
		<table name="Coolant Temp Sensor" address="dc9c0"/>
	</table>

	<table name="Radiator Fan Modes A (ECT)" address="dd0c0">
	</table>

	<table name="Radiator Fan Modes B (ECT)" address="dd0d0">
	</table>

	<table name="Radiator Fan Modes (Veh. Speed)" address="dd0e0">
	</table>

	<table name="Gear Determination Thresholds A" address="c3aec">
	</table>

	<table name="Gear Determination Thresholds B" address="c3b00">
	</table>

	<table name="Idle Speed Target A" address="d9994">
		<table name="Coolant Temperature" address="d92cc"/>
	</table>

	<table name="Idle Speed Target B" address="d99b4">
		<table name="Coolant Temperature" address="d92cc"/>
	</table>

	<table name="Idle Speed Target C" address="d99d4">
		<table name="Coolant Temperature" address="d92cc"/>
	</table>

	<table name="Idle Speed Target D" address="d99f4">
		<table name="Coolant Temperature" address="d92cc"/>
	</table>

	<table name="Idle Speed Target E" address="d9a14">
		<table name="Coolant Temperature" address="d92cc"/>
	</table>

	<table name="(P0000) PASS CODE (NO DTC DETECTED)" address="a5140"/>

	<table name="(P0000) PASS CODE (NO DTC DETECTED)_" address="a5141"/>

	<table name="(P0011) CAMSHAFT POS. - TIMING OVER-ADVANCED 1" address="a512c"/>

	<table name="(P0014) EXHAUST AVCS SYSTEM 1 RANGE/PERF" address="a518e"/>

	<table name="(P0016) CRANKSHAFT/CAMSHAFT CORRELATION 1A" address="a518c"/>

	<table name="(P0017) CRANK/CAM TIMING B FAILURE 1" address="a5196"/>

	<table name="(P0018) CRANKSHAFT/CAMSHAFT CORRELATION 2A" address="a518b"/>

	<table name="(P0019) CRANK/CAM TIMING B FAILURE 2" address="a5195"/>

	<table name="(P0021) CAMSHAFT POS. - TIMING OVER-ADVANCED 2" address="a512d"/>

	<table name="(P0024) EXHAUST AVCS SYSTEM 2 RANGE/PERF" address="a518d"/>

	<table name="(P0030) FRONT O2 SENSOR RANGE/PERF" address="a5156"/>

	<table name="(P0031) FRONT O2 SENSOR LOW INPUT" address="a514c"/>

	<table name="(P0032) FRONT O2 SENSOR HIGH INPUT" address="a514a"/>

	<table name="(P0037) REAR O2 SENSOR LOW INPUT" address="a514b"/>

	<table name="(P0038) REAR O2 SENSOR HIGH INPUT" address="a5149"/>

	<table name="(P0068) MAP SENSOR RANGE/PERF" address="a5153"/>

	<table name="(P0101) MAF SENSOR RANGE/PERF" address="a5154"/>

	<table name="(P0102) MAF SENSOR LOW INPUT" address="a5113"/>

	<table name="(P0103) MAF SENSOR HIGH INPUT" address="a5114"/>

	<table name="(P0107) MAP SENSOR LOW INPUT" address="a514d"/>

	<table name="(P0108) MAP SENSOR HIGH INPUT" address="a514e"/>

	<table name="(P0111) IAT SENSOR RANGE/PERF" address="a5148"/>

	<table name="(P0112) IAT SENSOR LOW INPUT" address="a5146"/>

	<table name="(P0113) IAT SENSOR HIGH INPUT" address="a5147"/>

	<table name="(P0117) COOLANT TEMP SENSOR LOW INPUT" address="a511a"/>

	<table name="(P0118) COOLANT TEMP SENSOR HIGH INPUT" address="a511b"/>

	<table name="(P0122) TPS A LOW INPUT" address="a5118"/>

	<table name="(P0123) TPS A HIGH INPUT" address="a5119"/>

	<table name="(P0125) INSUFFICIENT COOLANT TEMP (FUELING)" address="a511c"/>

	<table name="(P0128) THERMOSTAT MALFUNCTION" address="a514f"/>

	<table name="(P0131) FRONT O2 SENSOR LOW INPUT" address="a5143"/>

	<table name="(P0132) FRONT O2 SENSOR HIGH INPUT" address="a5144"/>

	<table name="(P0134) FRONT O2 SENSOR NO ACTIVITY" address="a5155"/>

	<table name="(P0137) REAR O2 SENSOR LOW VOLTAGE" address="a5142"/>

	<table name="(P0138) REAR O2 SENSOR HIGH VOLTAGE" address="a5145"/>

	<table name="(P013A) O2 SENSOR SLOW RESPONSE RICH TO LEAN B1 S2" address="a51c3"/>

	<table name="(P013B) O2 SENSOR SLOW RESPONSE LEAN TO RICH B1 S2" address="a51c2"/>

	<table name="(P013E) O2 SENSOR DELAYED RESPONSE RICH TO LEAN B1 S2" address="a51bf"/>

	<table name="(P013F) O2 SENSOR DELAYED RESPONSE LEAN TO RICH B1 S2" address="a51be"/>

	<table name="(P0140) REAR O2 SENSOR NO ACTIVITY" address="a5189"/>

	<table name="(P0141) REAR O2 SENSOR MALFUNCTION" address="a5130"/>

	<table name="(P0171) SYSTEM TOO LEAN" address="a5138"/>

	<table name="(P0172) SYSTEM TOO RICH" address="a5139"/>

	<table name="(P0196) OIL TEMP SENSOR RANGE/PERF" address="a5178"/>

	<table name="(P0197) OIL TEMP SENSOR LOW" address="a5174"/>

	<table name="(P0198) OIL TEMP SENSOR HIGH" address="a5179"/>

	<table name="(P0201) INJECTOR CIRCUIT MALFUNCTION CYLINDER 1" address="a5197"/>

	<table name="(P0202) INJECTOR CIRCUIT MALFUNCTION CYLINDER 2" address="a519a"/>

	<table name="(P0203) INJECTOR CIRCUIT MALFUNCTION CYLINDER 3" address="a5199"/>

	<table name="(P0204) INJECTOR CIRCUIT MALFUNCTION CYLINDER 4" address="a5198"/>

	<table name="(P0222) TPS B LOW INPUT" address="a5158"/>

	<table name="(P0223) TPS B HIGH INPUT" address="a5159"/>

	<table name="(P0301) MISFIRE CYLINDER 1" address="a513a"/>

	<table name="(P0302) MISFIRE CYLINDER 2" address="a513b"/>

	<table name="(P0303) MISFIRE CYLINDER 3" address="a513c"/>

	<table name="(P0304) MISFIRE CYLINDER 4" address="a513d"/>

	<table name="(P0327) KNOCK SENSOR 1 LOW INPUT" address="a5116"/>

	<table name="(P0328) KNOCK SENSOR 1 HIGH INPUT" address="a5117"/>

	<table name="(P0335) CRANKSHAFT POS. SENSOR A MALFUNCTION" address="a5110"/>

	<table name="(P0336) CRANKSHAFT POS. SENSOR A RANGE/PERF" address="a5111"/>

	<table name="(P0340) CAMSHAFT POS. SENSOR A MALFUNCTION" address="a516a"/>

	<table name="(P0341) CAMSHAFT POS. SENSOR A RANGE/PERF" address="a51e4"/>

	<table name="(P0345) CAMSHAFT POS. SENSOR A BANK 2" address="a5169"/>

	<table name="(P0351) IGNITION COIL A PRIMARY/SECONDARY CIRCUIT MALFUNCTION" address="a51cb"/>

	<table name="(P0352) IGNITION COIL B PRIMARY/SECONDARY CIRCUIT MALFUNCTION" address="a51ca"/>

	<table name="(P0353) IGNITION COIL C PRIMARY/SECONDARY CIRCUIT MALFUNCTION" address="a51c9"/>

	<table name="(P0354) IGNITION COIL D PRIMARY/SECONDARY CIRCUIT MALFUNCTION" address="a51c8"/>

	<table name="(P0365) CAMSHAFT POS. SENSOR B BANK 1" address="a5168"/>

	<table name="(P0390) CAMSHAFT POS. SENSOR B BANK 2" address="a5167"/>

	<table name="(P0400) EGR FLOW" address="a5137"/>

	<table name="(P0420) CAT EFFICIENCY BELOW THRESHOLD" address="a5134"/>

	<table name="(P0441) EVAP INCORRECT PURGE FLOW" address="a51b7"/>

	<table name="(P0451) EVAP PRESSURE SENSOR RANGE/PERF" address="a51b6"/>

	<table name="(P0452) EVAP PRESSURE SENSOR LOW INPUT" address="a51aa"/>

	<table name="(P0453) EVAP PRESSURE SENSOR HIGH INPUT" address="a51a9"/>

	<table name="(P0455) EVAP EMISSION CONTROL SYSTEM LEAK DETECTED (GROSS LEAK)" address="a51b5"/>

	<table name="(P0456) EVAP LEAK DETECTED (VERY SMALL)" address="a5136"/>

	<table name="(P0458) EVAP PURGE VALVE CIRCUIT LOW" address="a512e"/>

	<table name="(P0459) EVAP PURGE VALVE CIRCUIT HIGH" address="a512f"/>

	<table name="(P0461) FUEL LEVEL SENSOR RANGE/PERF" address="a511f"/>

	<table name="(P0462) FUEL LEVEL SENSOR LOW INPUT" address="a511d"/>

	<table name="(P0463) FUEL LEVEL SENSOR HIGH INPUT" address="a511e"/>

	<table name="(P0500) VEHICLE SPEED SENSOR A" address="a5115"/>

	<table name="(P0506) IDLE CONTROL RPM LOWER THAN EXPECTED" address="a512a"/>

	<table name="(P0507) IDLE CONTROL RPM HIGH THAN EXPECTED" address="a512b"/>

	<table name="(P050A) COLD START IDLE AIR CONTROL SYSTEM PERFORMANCE" address="a51a4"/>

	<table name="(P050B) COLD START IGNITION TIMING PERFORMANCE" address="a51a3"/>

	<table name="(P0512) STARTER REQUEST CIRCUIT" address="a51d4"/>

	<table name="(P0562) SYSTEM VOLTAGE LOW" address="a5150"/>

	<table name="(P0563) SYSTEM VOLTAGE HIGH" address="a5151"/>

	<table name="(P0604) CONTROL MODULE RAM ERROR" address="a5112"/>

	<table name="(P0605) CONTROL MODULE ROM ERROR" address="a516b"/>

	<table name="(P0700) TRANSMISSION CONTROL SYSTEM" address="a5177"/>

	<table name="(P0851) NEUTRAL SWITCH INPUT LOW" address="a5120"/>

	<table name="(P0852) NEUTRAL SWITCH INPUT HIGH" address="a5121"/>

	<table name="(P1160) ABNORMAL RETURN SPRING" address="a515a"/>

	<table name="(P1449) EVAPORATIVE EMISSION CONT. SYS. AIR FILTER CLOG" address="a51b4"/>

	<table name="(P1451) EVAPORATIVE EMISSION CONT. SYS." address="a51b3"/>

	<table name="(P1492) EGR SOLENOID SIGNAL 1 MALFUNCTION (LOW)" address="a5122"/>

	<table name="(P1493) EGR SOLENOID SIGNAL 1 MALFUNCTION (HIGH)" address="a5123"/>

	<table name="(P1494) EGR SOLENOID SIGNAL 2 MALFUNCTION (LOW)" address="a5124"/>

	<table name="(P1495) EGR SOLENOID SIGNAL 2 MALFUNCTION (HIGH)" address="a5125"/>

	<table name="(P1496) EGR SIGNAL 3 CIRCUIT LOW" address="a5126"/>

	<table name="(P1497) EGR SOLENOID SIGNAL 3 MALFUNCTION (HIGH)" address="a5127"/>

	<table name="(P1498) EGR SIGNAL 4 CIRCUIT LOW" address="a5128"/>

	<table name="(P1499) EGR SIGNAL 4 CIRCUIT HIGH" address="a5129"/>

	<table name="(P2004) TGV - INTAKE MANIFOLD RUNNER 1 STUCK OPEN" address="a517a"/>

	<table name="(P2005) TGV - INTAKE MANIFOLD RUNNER 2 STUCK OPEN" address="a517c"/>

	<table name="(P2006) TGV - INTAKE MANIFOLD RUNNER 1 STUCK CLOSED" address="a517b"/>

	<table name="(P2007) TGV - INTAKE MANIFOLD RUNNER 2 STUCK CLOSED" address="a517d"/>

	<table name="(P2009) TGV - INTAKE MANIFOLD RUNNER 1 CIRCUIT LOW" address="a5185"/>

	<table name="(P2012) TGV - INTAKE MANIFOLD RUNNER 2 CIRCUIT LOW" address="a5186"/>

	<table name="(P2088) OCV SOLENOID A1 CIRCUIT OPEN" address="a5173"/>

	<table name="(P2089) OCV SOLENOID A1 CIRCUIT SHORT" address="a5172"/>

	<table name="(P2090) OCV SOLENOID B1 CIRCUIT OPEN" address="a516f"/>

	<table name="(P2091) OCV SOLENOID B1 CIRCUIT SHORT" address="a516e"/>

	<table name="(P2092) OCV SOLENOID A2 CIRCUIT OPEN" address="a5171"/>

	<table name="(P2093) OCV SOLENOID A2 CIRCUIT SHORT" address="a5170"/>

	<table name="(P2094) OCV SOLENOID B2 CIRCUIT OPEN" address="a516d"/>

	<table name="(P2095) OCV SOLENOID B2 CIRCUIT SHORT" address="a516c"/>

	<table name="(P2096) POST CATALYST TOO LEAN B1" address="a515e"/>

	<table name="(P2097) POST CATALYST TOO RICH B1" address="a5166"/>

	<table name="(P2101) THROTTLE ACTUATOR CIRCUIT RANGE/PERF" address="a515d"/>

	<table name="(P2102) THROTTLE ACTUATOR CIRCUIT LOW" address="a515b"/>

	<table name="(P2103) THROTTLE ACTUATOR CIRCUIT HIGH" address="a515c"/>

	<table name="(P2109) TPS A MINIMUM STOP PERF" address="a5157"/>

	<table name="(P2122) TPS D CIRCUIT LOW INPUT" address="a5163"/>

	<table name="(P2123) TPS D CIRCUIT HIGH INPUT" address="a5164"/>

	<table name="(P2127) TPS E CIRCUIT LOW INPUT" address="a5161"/>

	<table name="(P2128) TPS E CIRCUIT HIGH INPUT" address="a5162"/>

	<table name="(P2135) TPS A/B VOLTAGE" address="a5165"/>

	<table name="(P2138) TPS D/E VOLTAGE" address="a5160"/>

	<table name="(P219A) BANK 1 AFR IMBALANCE" address="a51b9"/>

	<table name="(P2401) EVAP LEAK DETECTION PUMP CONTROL CIRCUIT LOW" address="a51a8"/>

	<table name="(P2402) EVAP LEAK DETECTION PUMP CONTROL CIRCUIT HIGH" address="a51bb"/>

	<table name="(P2404) EVAP LEAK DETECTION PUMP SENSE CIRCUIT RANGE/PERF" address="a51ba"/>

	<table name="(P2419) EVAP SWITCHING VALVE LOW" address="a51a7"/>

	<table name="(P2420) EVAP SWITCHING VALVE HIGH" address="a51a6"/>

	<table name="(P2610) ECM/PCM INTERNAL ENGINE OFF TIMER PERFORMANCE" address="a51a5"/>

	<table name="(U0073) CAN COMMUNICATION BUS A OFF" address="a51a1"/>

	<table name="(U0101) CAN LOST COMMUNICATION WITH TCM" address="a519e"/>

	<table name="(U0122) CAN LOST COMMUNICATION WITH VDC" address="a51a0"/>

	<table name="(U0402) CAN INVALID DATA RECEIVED FROM TCM" address="a519d"/>

	<table name="(U0416) CAN INVALID DATA RECEIVED FROM VDC" address="a519f"/>

</rom>
