<rom>
  <romid>
    <xmlid>A2WC521N</xmlid>
    <internalidaddress>2000</internalidaddress>
    <internalidstring>A2WC521N</internalidstring>
    <ecuid>2F12785506</ecuid>
    <year>05</year>
    <market>USDM</market>
    <make>Subaru</make>
    <model>Legacy</model>
    <submodel>GT</submodel>
    <transmission>MT</transmission>
    <memmodel>SH7058</memmodel>
    <flashmethod>sti05</flashmethod>
    <checksummodule>subarudbw</checksummodule>
  </romid>
  <include>32BITBASE</include>

  <!-- Fuel Consumption Tables -->

  <table name="Cluster Display Fuel Consumption Correction" address="C1428"/>

  <!-- Low pulse width injector tables -->

    <table name="Low Pulse Width Fuel Injector Compensation" address="C7850">
      <table name="Y" address="C7830"/>
   </table>
   
      <table name="Low pulse width fuel injector compensation maximum RPM" address="C7228"/>

   <table name="Low pulse width fuel injector compensation maximum IPW" address="C722C"/>

  
  	<!-- Alpha Fuel pump duty tables -->
	
	<table name="Fuel Pump Duty" address="3AD04"/>
  
    <!-- A/F #1 Learning Min/Max Thresholds -->
	
	<table name="A/F #1 Learning Max Threshold" address="C7090"/>
	<table name="A/F #1 Learning Min Threshold" address="C7080"/>
  		
	<!-- AF 3 CL Target Compensation Limits -->
	
	<table name="AF 3 CL Target Compensation Limits" address="2C91C">
		<table name="X">
			<data>Low</data>
			<data>High</data>
		</table>
	</table>

	<!-- AF 3 Correction Limits -->
  
	<table name="AF 3 Correction Limits" address="2DF2C"/>
	
	<!-- Transient Fueling Tables -->
	
	<table name="Tau Input A Falling Load Activation" address="C7BDE">
      <table name="Y" address="C7470"/>
   </table>

	<table name="Tau Input A Rising Load Activation" address="C9110">
		<table name="X" address="C7470"/>
		<table name="Y" address="C9104"/>
	</table>
  
	<table name="Tau Input B Activation (Engine Load)" address="C7CC0">
		<table name="Y" address="C7C94"/>
	</table>
	
	<!-- Stable tables -->
	
  <table name="Target Boost A" address="c11d4">
    <table name="X" address="c1184" />
    <table name="Y" address="c11a4" />
  </table>
  <table name="Target Boost B" address="c12e4">
    <table name="X" address="c1294" />
    <table name="Y" address="c12b4" />
  </table>
  <table name="Target Boost Compensation (ECT)" address="c0774">
    <table name="Y" address="c05c4" />
  </table>
  <table name="Target Boost Compensation (1st Gear)" address="c05c0" />
  <table name="Target Boost Compensation (1st Gear) Speed Disable" address="c05b8" />
  <table name="Target Boost Compensation (Atm. Pressure) Multiplier" address="c087c">
    <table name="Y" address="c086c" />
  </table>
  <table name="Target Boost Compensation (Atm. Pressure) Multiplier Offset" address="c07a8">
    <table name="Y" address="c0798" />
  </table>
  <table name="Boost Limit (Fuel Cut)" address="c8168">
    <table name="Y" address="c8150" />
  </table>
  <table name="Boost Control Disable (IAM)" address="c0598" />
  <table name="Boost Control Disable (Fine Correction)" address="c0594" />
  <table name="Boost Control Disable Delay (Fine Correction)" address="c0535" />
  <table name="Initial Wastegate Duty A" address="c0bc0">
    <table name="X" address="c0b74" />
    <table name="Y" address="c0b94" elements="11" />
  </table>
  <table name="Initial Wastegate Duty B" address="c0cbc">
    <table name="X" address="c0c70" />
    <table name="Y" address="c0c90" elements="11" />
  </table>
  <table name="Max Wastegate Duty" address="c0eb4">
    <table name="X" address="c0e68" />
    <table name="Y" address="c0e88" elements="11" />
  </table>
  <table name="Max Wastegate Duty Alternate (RPM)" address="c0898">
    <table name="Y" address="c0884" />
  </table>
  <table name="Wastegate Duty Ramping Fix" address="c0588" />
  <table name="Max Wastegate Duty Alternate Fix" address="c0534" />
  <table name="Max Wastegate Duty Limit Post-Compensation" address="15618" />
  <table name="Initial/Max Wastegate Duty Compensation (IAT)" address="c0694">
    <table name="Y" address="c0654" />
  </table>
  <table name="Initial/Max Wastegate Duty Alternate Compensation (IAT)" address="c0734">
    <table name="Y" address="c06f4" />
  </table>
  <table name="Initial/Max Wastegate Duty Compensation (ECT)" address="c0754">
    <table name="Y" address="c05c4" />
  </table>
  <table name="Initial/Max Wastegate Duty Compensation (Atm. Pressure)" address="c0964">
    <table name="X" address="c093c" />
    <table name="Y" address="c0954" />
  </table>
  <table name="Turbo Dynamics Proportional" address="c07d0">
    <table name="Y" address="c07ac" />
  </table>
  <table name="Turbo Dynamics Integral Positive" address="c0840">
    <table name="Y" address="c081c" />
  </table>
  <table name="Turbo Dynamics Integral Negative" address="c0808">
    <table name="Y" address="c07e4" />
  </table>
  <table name="TD Activation Thresholds (RPM)" address="c0574" />
  <table name="TD Activation Thresholds (Target Boost)" address="c0548" />
  <table name="TD Integral Cumulative Range (WGDC Correction)" address="c057c" />
  <table name="TD Integral Negative Activation (Boost Error)" address="c0554" />
  <table name="TD Integral Positive Activation (Boost Error)" address="c055c" />
  <table name="TD Integral Positive Activation (Wastegate Duty)" address="c0560" />
  <table name="Manifold Pressure Sensor Scaling" address="c00c0" />
  <table name="Manifold Pressure Sensor Limits (CEL)" address="cca62" />
  <table name="Manifold Pressure Sensor CEL Delays" address="c310f" />
  <table name="Primary Open Loop Fueling" address="c88f8">
    <table name="X" address="c8870" elements="16" />
    <table name="Y" address="c88b0" />
  </table>
  <table name="Primary Open Loop Fueling (Failsafe)" address="c8ab4">
    <table name="X" address="c8a2c" elements="16" />
    <table name="Y" address="c8a6c" />
  </table>
  <table name="Primary Open Loop Fuel Map Switch (IAM)" address="c714c" />
  <table name="Minimum Active Primary Open Loop Enrichment" address="c70b0" />
  <table name="Minimum Primary Open Loop Enrichment (Throttle)" address="c77e8">
    <table name="Y" address="c77d0" />
  </table>
  <table name="Primary Open Loop Fueling Compensation (ECT)" address="c7fb4">
    <table name="Y" address="c7470" />
  </table>
  <table name="Primary Open Loop Fueling Compensation (Timing Compensation)" address="c7808">
    <table name="Y" address="c77f0" />
  </table>
  <table name="Front Oxygen Sensor Scaling" address="cd0d4">
    <table name="Y" address="cd0a0" />
  </table>
  <table name="Front Oxygen Sensor Rich Limit" address="22eb8" />
  <table name="Front Oxygen Sensor Compensation (Atm. Pressure)" address="c27f4">
    <table name="Y" address="c27e4" />
  </table>
  <table name="CL Fueling Target Compensation (Load)" address="c936c">
    <table name="X" address="c9314" elements="11" />
    <table name="Y" address="c9340" elements="11" />
  </table>
  <table name="CL Fueling Target Compensation A (ECT)" address="c91c4">
    <table name="X" address="c7470" />
    <table name="Y" address="c91b8" />
  </table>
  <table name="CL Fueling Target Compensation B (ECT)" address="c927c">
    <table name="X" address="c7470" />
    <table name="Y" address="c926c" elements="4" />
  </table>
  <table name="CL to OL Delay" address="c6cf8" />
  <table name="CL to OL Transition with Delay A (Throttle)" address="c7720">
    <table name="Y" address="c76e0" />
  </table>
  <table name="CL to OL Transition with Delay B (Throttle)" address="c7770">
    <table name="Y" address="c7730" />
  </table>
  <table name="CL to OL Transition with Delay C (Throttle)" address="c77c0">
    <table name="Y" address="c7780" />
  </table>
  <table name="CL to OL Transition with Delay Throttle Hysteresis" address="c70b4" />
  <table name="CL to OL Transition with Delay A (Base Pulse Width)" address="c7ed4">
    <table name="Y" address="c7e94" />
  </table>
  <table name="CL to OL Transition with Delay B (Base Pulse Width)" address="c7f34">
    <table name="Y" address="c7ef4" />
  </table>
  <table name="CL to OL Transition with Delay C (Base Pulse Width)" address="c7f94">
    <table name="Y" address="c7f54" />
  </table>
  <table name="CL to OL Transition with Delay BPW Hysteresis" address="c70b8" />
  <table name="CL Delay Maximum (EGT)" address="c7134" />
  <table name="CL Delay Maximum (Throttle)" address="c7128" />
  <table name="CL Delay Maximum (Vehicle Speed)" address="c712c" />
  <table name="CL Delay Minimum (ECT)" address="c70bc" />
  <table name="CL Delay Maximum Engine Speed (Per Gear)" address="c70e8" />
  <table name="CL Delay Maximum Engine Speed (Neutral)" address="c7110" />
  <table name="Injector Latency" address="ccb54">
    <table name="Y" address="ccb40" />
  </table>
  <table name="Injector Flow Scaling" address="c6e48" />
  <table name="Per Injector Primary Fuel Offset Compensation A" address="c8c2c">
    <table name="X" address="c8bd4" />
    <table name="Y" address="c8bf4" />
  </table>
  <table name="Per Injector Primary Fuel Offset Compensation B" address="c8cf4">
    <table name="X" address="c8c9c" />
    <table name="Y" address="c8cbc" />
  </table>
  <table name="Per Injector Primary Fuel Offset Compensation C" address="c8dbc">
    <table name="X" address="c8d64" />
    <table name="Y" address="c8d84" />
  </table>
  <table name="Per Injector Primary Fuel Offset Compensation D" address="c8e84">
    <table name="X" address="c8e2c" />
    <table name="Y" address="c8e4c" />
  </table>
  <table name="Cranking Fuel Injector Pulse Width A (ECT)" address="c79de">
    <table name="Y" address="c7470" />
  </table>
  <table name="Cranking Fuel Injector Pulse Width B (ECT)" address="c79fe">
    <table name="Y" address="c7470" />
  </table>
  <table name="Cranking Fuel Injector Pulse Width C (ECT)" address="c7a1e">
    <table name="Y" address="c7470" />
  </table>
  <table name="Cranking Fuel Injector Pulse Width D (ECT)" address="c7a3e">
    <table name="Y" address="c7470" />
  </table>
  <table name="Cranking Fuel IPW Compensation (RPM)" address="c872c">
    <table name="X" address="c86fc" />
    <table name="Y" address="c8710" />
  </table>
  <table name="Cranking Fuel IPW Compensation (Accelerator)" address="c756c">
    <table name="Y" address="c7554" />
  </table>
  <table name="Throttle Tip-in Enrichment" address="c80bc">
    <table name="Y" address="c8074" />
  </table>
  <table name="Minimum Tip-in Enrichment Activation" address="c723c" />
  <table name="Minimum Tip-in Enrichment Activation (Throttle)" address="c7238" />
  <table name="Tip-in Enrichment Compensation (Boost Error)" address="c787c">
    <table name="Y" address="c7858" />
  </table>
  <table name="Tip-in Enrichment Compensation (ECT)" address="c80e0">
    <table name="Y" address="c7470" />
  </table>
  <table name="Tip-in Enrichment Disable Applied Counter Threshold" address="c6cc1" />
  <table name="Tip-in Enrichment Applied Counter Reset" address="c6cc2" />
  <table name="Tip-in Enrichment Disable Throttle Cumulative Threshold" address="c7240" />
  <table name="Tip-in Throttle Cumulative Reset" address="c6cc3" />
  <table name="Min Primary Base Enrichment 1" address="c75c2">
    <table name="Y" address="c7470" />
  </table>
  <table name="Min Primary Base Enrichment 1 (Non-Primary OL)" address="c8844">
    <table name="X" address="c8818" elements="8" />
    <table name="Y" address="c8838" />
  </table>
  <table name="Min Primary Base Enrich 2 Initial Start 1A" address="c7ade">
    <table name="Y" address="c7470" />
  </table>
  <table name="Min Primary Base Enrich 2 Initial Start 1B" address="c7b1e">
    <table name="Y" address="c7470" />
  </table>
  <table name="Min Primary Base Enrich 2 Initial Start 2A" address="c7afe">
    <table name="Y" address="c7470" />
  </table>
  <table name="Min Primary Base Enrich 2 Initial Start 2B" address="c7b3e">
    <table name="Y" address="c7470" />
  </table>
  <table name="Min Primary Base Enrich 2 Decay Step 1" address="c7b5e">
    <table name="Y" address="c7470" />
  </table>
  <table name="Min Primary Base Enrich 2 Decay Step 2" address="c7b7e">
    <table name="Y" address="c7470" />
  </table>
  <table name="Min Primary Base Enrich 3 Initial Start 1A" address="c7a5e">
    <table name="Y" address="c7470" />
  </table>
  <table name="Min Primary Base Enrich 3 Initial Start 1B" address="c7a7e">
    <table name="Y" address="c7470" />
  </table>
  <table name="Min Primary Base Enrich 3 Initial Start 2A" address="c7a9e">
    <table name="Y" address="c7470" />
  </table>
  <table name="Min Primary Base Enrich 3 Initial Start 2B" address="c7abe">
    <table name="Y" address="c7470" />
  </table>
  <table name="Min Primary Base Enrich 3 Decay Delay A" address="c7582">
    <table name="Y" address="c7470" />
  </table>
  <table name="Min Primary Base Enrich 3 Decay Delay B" address="c7592">
    <table name="Y" address="c7470" />
  </table>
  <table name="Min Primary Base Enrich 3 Decay Multiplier" address="c6e4c" />
  <table name="A/F Learning #1 Limits" address="c7078" />
  <table name="A/F Learning #1 Airflow Ranges" address="c7084" />
  <table name="MAF Limit (Maximum)" address="c23a0" />
  <table name="MAF Sensor Scaling" address="cced8">
    <table name="Y" address="cce00" />
  </table>
  <table name="MAF Compensation (IAT)" address="c2bb8">
    <table name="X" address="c2b84" />
    <table name="Y" address="c2b98" />
  </table>
  <table name="Engine Load Limit (Maximum)" address="20f90" />
  <table name="Engine Load Compensation (MP)" address="c2b2c">
    <table name="X" address="c2ae0" />
    <table name="Y" address="c2b0c" elements="8" />
  </table>
  <table name="Base Timing" address="ca150">
    <table name="X" address="ca0c8" elements="16" />
    <table name="Y" address="ca108" />
  </table>
  <table name="Base Timing Idle" address="c99a9">
    <table name="Y" address="c984c" />
  </table>
  <table name="Base Timing Idle Minimum" address="c99a0">
    <table name="Y" address="c997c" />
  </table>
  <table name="Base Timing Idle Minimum Vehicle Speed Enable" address="c9594" />
  <table name="Knock Correction Advance Max" address="ca6b4">
    <table name="X" address="ca62c" />
    <table name="Y" address="ca66c" />
  </table>
  <table name="Timing Compensation A (IAT)" address="c9a1c">
    <table name="Y" address="c99dc" />
  </table>
  <table name="Timing Compensation A (IAT) Activation" address="ca2b0">
    <table name="X" address="ca270" />
    <table name="Y" address="ca290" />
  </table>
  <table name="Timing Compensation B (IAT)" address="c9d94">
    <table name="Y" address="c9d54" />
  </table>
  <table name="Timing Compensation B (IAT) IAM Activation" address="c9848" />
  <table name="Timing Compensation B (IAT) Max Additive" address="c982c" />
  <table name="Timing Compensation (ECT)" address="c99c9">
    <table name="Y" address="c984c" />
  </table>
  <table name="Timing Compensation (MRP)" address="ca808">
    <table name="X" address="ca7e8" />
    <table name="Y" address="ca7fc" />
  </table>
  <table name="Timing Compensation Per Cylinder A" address="ca440">
    <table name="X" address="ca3f8" />
    <table name="Y" address="ca430" />
  </table>
  <table name="Timing Compensation Per Cylinder B" address="ca4c0">
    <table name="X" address="ca478" />
    <table name="Y" address="ca4b0" />
  </table>
  <table name="Timing Compensation Per Cylinder C" address="ca540">
    <table name="X" address="ca4f8" />
    <table name="Y" address="ca530" />
  </table>
  <table name="Timing Compensation Per Cylinder D" address="ca5c0">
    <table name="X" address="ca578" />
    <table name="Y" address="ca5b0" />
  </table>
  <table name="Timing Comp Minimum Load (Per Cylinder)" address="c96a8" />
  <table name="Timing Comp Maximum RPM (Per Cylinder)" address="c96a4" />
  <table name="Timing Comp Minimum Coolant Temp (Per Cylinder)" address="c96ac" />
  <table name="Feedback Correction Range (RPM)" address="c96e0" />
  <table name="Feedback Correction Minimum Load" address="c96f0" />
  <table name="Feedback Correction Retard Value" address="c96c0" />
  <table name="Feedback Correction Retard Limit" address="c96bc" />
  <table name="Feedback Correction Negative Advance Value" address="c96c8" />
  <table name="Feedback Correction Negative Advance Delay" address="c94c0" />
  <table name="Extended Feedback Correction High RPM Compensation" address="c96f8" />
  <table name="Fine Correction Range (RPM)" address="c97d8" />
  <table name="Fine Correction Range (Load)" address="c97e8" />
  <table name="Fine Correction Rows (RPM)" address="c9808" />
  <table name="Fine Correction Columns (Load)" address="c97f8" />
  <table name="Fine Correction Retard Value" address="c9820" />
  <table name="Fine Correction Retard Limit" address="c97d0" />
  <table name="Fine Correction Advance Value" address="c97d4" />
  <table name="Fine Correction Advance Limit" address="c97cc" />
  <table name="Fine Correction Advance Delay" address="c94ce" />
  <table name="Rough Correction Range (RPM)" address="c9770" />
  <table name="Rough Correction Range (Load)" address="c9780" />
  <table name="Rough Correction Minimum KC Advance Map Value" address="c9790" />
  <table name="Rough Correction Learning Delay (Increasing)" address="c9d48">
    <table name="Y" address="c9d20" />
  </table>
  <table name="Advance Multiplier (Initial)" address="c976c" />
  <table name="Advance Multiplier Step Value" address="c9794" />
  <table name="Intake Cam Advance Angle (AVCS)" address="ce414">
    <table name="X" address="ce3c4" elements="10" />
    <table name="Y" address="ce3ec" elements="10" />
  </table>
  <table name="Requested Torque (Accelerator Pedal)" address="cc0f8">
    <table name="X" address="cc080" />
    <table name="Y" address="cc0bc" elements="15" />
  </table>
  <table name="Target Throttle Plate Position (Requested Torque)" address="cbe60">
    <table name="X" address="cbddc" />
    <table name="Y" address="cbe20" />
  </table>
  <table name="Rev Limit (Fuel Cut)" address="c7290" />
  <table name="Rev Limit Fuel Resume (Boost)" address="c7298" />
  <table name="Speed Limiting Enable (Fuel Cut)" address="c72e0" />
  <table name="Speed Limiting Disable (Fuel Cut)" address="c72e8" />
  <table name="Speed Limiting (Throttle)" address="c2658" />
  <table name="EGT Sensor Scaling" address="cd028">
    <table name="Y" address="ccfb0" />
  </table>
  <table name="Fuel Temp Sensor Scaling" address="ccd88">
    <table name="Y" address="ccd10" />
  </table>
  <table name="Intake Temp Sensor Scaling" address="8595c">
    <table name="Y" address="858e4" />
  </table>
  <table name="Coolant Temp Sensor Scaling" address="85874">
    <table name="Y" address="85804" />
  </table>
  <table name="Atmospheric Pressure Sensor Scaling" address="c0070" />
  <table name="Radiator Fan Modes (ECT)" address="cd830" />
  <table name="Radiator Fan Modes (Veh. Speed)" address="cd840" />
  <table name="Gear Determination Thresholds A" address="c25d4" />
  <table name="Gear Determination Thresholds B" address="c25e8" />
  <table name="Idle Speed Target A" address="cb3a0">
    <table name="Y" address="cadcc" />
  </table>
  <table name="Idle Speed Target B" address="cb3e0">
    <table name="Y" address="cadcc" />
  </table>
  <table name="Idle Speed Target C" address="cb420">
    <table name="Y" address="cadcc" />
  </table>
  <table name="Force Pass Readiness Monitors" address="78252" />
  <table name="(P0000) PASS CODE (NO DTC DETECTED)" address="74fa3" />
  <table name="(P0000) PASS CODE (NO DTC DETECTED)_" address="74fa4" />
  <table name="(P0011) CAMSHAFT POS. - TIMING OVER-ADVANCED 1" address="74f89" />
  <table name="(P0021) CAMSHAFT POS. - TIMING OVER-ADVANCED 2" address="74f8a" />
  <table name="(P0030) FRONT O2 SENSOR RANGE/PERF" address="74fc8" />
  <table name="(P0031) FRONT O2 SENSOR LOW INPUT" address="74faf" />
  <table name="(P0032) FRONT O2 SENSOR HIGH INPUT" address="74fad" />
  <table name="(P0037) REAR O2 SENSOR LOW INPUT" address="74fae" />
  <table name="(P0038) REAR O2 SENSOR HIGH INPUT" address="74fac" />
  <table name="(P0068) MAP SENSOR RANGE/PERF" address="74fc4" />
  <table name="(P0101) MAF SENSOR RANGE/PERF" address="74fc6" />
  <table name="(P0102) MAF SENSOR LOW INPUT" address="74f65" />
  <table name="(P0103) MAF SENSOR HIGH INPUT" address="74f66" />
  <table name="(P0107) MAP SENSOR LOW INPUT" address="74fb0" />
  <table name="(P0108) MAP SENSOR HIGH INPUT" address="74fb1" />
  <table name="(P0111) IAT SENSOR RANGE/PERF" address="74fab" />
  <table name="(P0112) IAT SENSOR LOW INPUT" address="74fa9" />
  <table name="(P0113) IAT SENSOR HIGH INPUT" address="74faa" />
  <table name="(P0117) COOLANT TEMP SENSOR LOW INPUT" address="74f6d" />
  <table name="(P0118) COOLANT TEMP SENSOR HIGH INPUT" address="74f6e" />
  <table name="(P0122) TPS A LOW INPUT" address="74f6a" />
  <table name="(P0123) TPS A HIGH INPUT" address="74f6b" />
  <table name="(P0125) INSUFFICIENT COOLANT TEMP (FUELING)" address="74f70" />
  <table name="(P0126) INSUFFICIENT COOLANT TEMP (OPERATION)" address="74ff1" />
  <table name="(P0128) THERMOSTAT MALFUNCTION" address="74fb2" />
  <table name="(P0131) FRONT O2 SENSOR LOW INPUT" address="74fa6" />
  <table name="(P0132) FRONT O2 SENSOR HIGH INPUT" address="74fa7" />
  <table name="(P0133) FRONT O2 SENSOR SLOW RESPONSE" address="74f94" />
  <table name="(P0134) FRONT O2 SENSOR NO ACTIVITY" address="74fc7" />
  <table name="(P0137) REAR O2 SENSOR LOW VOLTAGE" address="74fa5" />
  <table name="(P0138) REAR O2 SENSOR HIGH VOLTAGE" address="74fa8" />
  <table name="(P0139) REAR O2 SENSOR SLOW RESPONSE" address="74f95" />
  <table name="(P0171) SYSTEM TOO LEAN" address="74f9b" />
  <table name="(P0172) SYSTEM TOO RICH" address="74f9c" />
  <table name="(P0181) FUEL TEMP SENSOR A RANGE/PERF" address="74f7d" />
  <table name="(P0182) FUEL TEMP SENSOR A LOW INPUT" address="74f7b" />
  <table name="(P0183) FUEL TEMP SENSOR A HIGH INPUT" address="74f7c" />
  <table name="(P0222) TPS B LOW INPUT" address="74fcb" />
  <table name="(P0223) TPS B HIGH INPUT" address="74fcc" />
  <table name="(P0230) FUEL PUMP PRIMARY CIRCUIT" address="74fc3" />
  <table name="(P0244) WASTEGATE SOLENOID A RANGE/PERF" address="74fb9" />
  <table name="(P0245) WASTEGATE SOLENOID A LOW" address="74fb7" />
  <table name="(P0246) WASTEGATE SOLENOID A HIGH" address="74fb8" />
  <table name="(P0301) MISFIRE CYLINDER 1" address="74f9d" />
  <table name="(P0302) MISFIRE CYLINDER 2" address="74f9e" />
  <table name="(P0303) MISFIRE CYLINDER 3" address="74f9f" />
  <table name="(P0304) MISFIRE CYLINDER 4" address="74fa0" />
  <table name="(P0327) KNOCK SENSOR 1 LOW INPUT" address="74f68" />
  <table name="(P0328) KNOCK SENSOR 1 HIGH INPUT" address="74f69" />
  <table name="(P0335) CRANKSHAFT POS. SENSOR A MALFUNCTION" address="74f60" />
  <table name="(P0336) CRANKSHAFT POS. SENSOR A RANGE/PERF" address="74f61" />
  <table name="(P0340) CAMSHAFT POS. SENSOR A MALFUNCTION_" address="74fdf" />
  <table name="(P0345) CAMSHAFT POS. SENSOR A BANK 2" address="74fde" />
  <table name="(P0420) CAT EFFICIENCY BELOW THRESHOLD" address="74f98" />
  <table name="(P0442) EVAP LEAK DETECTED (SMALL)" address="74f99" />
  <table name="(P0447) EVAP VENT CONTROL CIRCUIT OPEN" address="74f92" />
  <table name="(P0448) EVAP VENT CONTROL CIRCUIT SHORTED" address="74f93" />
  <table name="(P0451) EVAP PRESSURE SENSOR RANGE/PERF" address="74f79" />
  <table name="(P0452) EVAP PRESSURE SENSOR LOW INPUT" address="74f77" />
  <table name="(P0453) EVAP PRESSURE SENSOR HIGH INPUT" address="74f78" />
  <table name="(P0456) EVAP LEAK DETECTED (VERY SMALL)" address="74f9a" />
  <table name="(P0457) EVAP LEAK DETECTED (FUEL CAP)" address="74fa2" />
  <table name="(P0458) EVAP PURGE VALVE CIRCUIT LOW" address="74f8d" />
  <table name="(P0459) EVAP PURGE VALVE CIRCUIT HIGH" address="74f8e" />
  <table name="(P0461) FUEL LEVEL SENSOR RANGE/PERF" address="74f73" />
  <table name="(P0462) FUEL LEVEL SENSOR LOW INPUT" address="74f71" />
  <table name="(P0463) FUEL LEVEL SENSOR HIGH INPUT" address="74f72" />
  <table name="(P0464) FUEL LEVEL SENSOR INTERMITTENT" address="74f6f" />
  <table name="(P0483) RADIATOR FAN RATIONALITY CHECK" address="74f85" />
  <table name="(P0500) VEHICLE SPEED SENSOR A" address="74f67" />
  <table name="(P0506) IDLE CONTROL RPM LOWER THAN EXPECTED" address="74f81" />
  <table name="(P0507) IDLE CONTROL RPM HIGH THAN EXPECTED" address="74f82" />
  <table name="(P0512) STARTER REQUEST CIRCUIT" address="74f76" />
  <table name="(P0519) IDLE CONTROL MALFUNCTION (FAIL-SAFE)" address="74fc5" />
  <table name="(P0545) EGT SENSOR CIRCUIT LOW" address="74fbe" />
  <table name="(P0546) EGT SENSOR CIRCUIT HIGH" address="74fbf" />
  <table name="(P0600) SERIAL COMMUNICATION LINK" address="74fdb" />
  <table name="(P0604) CONTROL MODULE RAM ERROR" address="74f64" />
  <table name="(P0605) CONTROL MODULE ROM ERROR" address="74fe0" />
  <table name="(P0607) CONTROL MODULE PERFORMANCE" address="74fd3" />
  <table name="(P0638) THROTTLE ACTUATOR RANGE/PERF" address="74fd2" />
  <table name="(P0691) RADIATOR FAN CIRCUIT LOW" address="74f83" />
  <table name="(P0692) RADIATOR FAN CIRCUIT HIGH" address="74f84" />
  <table name="(P0700) TRANSMISSION CONTROL SYSTEM" address="74fe9" />
  <table name="(P0851) NEUTRAL SWITCH INPUT LOW" address="74f7a" />
  <table name="(P0852) NEUTRAL SWITCH INPUT HIGH" address="74f7e" />
  <table name="(P1152) FRONT O2 SENSOR RANGE/PERF LOW B1 S1" address="74f96" />
  <table name="(P1153) FRONT O2 SENSOR RANGE/PERF HIGH B1 S1" address="74f97" />
  <table name="(P1160) ABNORMAL RETURN SPRING" address="74fcd" />
  <table name="(P1301) MISFIRE (HIGH TEMP EXHAUST GAS)" address="74fa1" />
  <table name="(P1312) EGT SENSOR MALFUNCTION" address="74fc0" />
  <table name="(P1400) FUEL TANK PRESSURE SOL. LOW" address="74f8b" />
  <table name="(P1420) FUEL TANK PRESSURE SOL. HIGH INPUT" address="74f8c" />
  <table name="(P1443) VENT CONTROL SOLENOID FUNCTION PROBLEM" address="74f91" />
  <table name="(P1491) PCV (BLOWBY) FUNCTION PROBLEM" address="74fb3" />
  <table name="(P1518) STARTER SWITCH LOW INPUT" address="74f75" />
  <table name="(P1544) EGT TOO HIGH" address="74fc1" />
  <table name="(P1560) BACK-UP VOLTAGE MALFUNCTION" address="74fb4" />
  <table name="(P2004) TGV - INTAKE MANIFOLD RUNNER 1 STUCK OPEN" address="74fec" />
  <table name="(P2005) TGV - INTAKE MANIFOLD RUNNER 2 STUCK OPEN" address="74fee" />
  <table name="(P2006) TGV - INTAKE MANIFOLD RUNNER 1 STUCK CLOSED" address="74fed" />
  <table name="(P2007) TGV - INTAKE MANIFOLD RUNNER 2 STUCK CLOSED" address="74fef" />
  <table name="(P2008) TGV - INTAKE MANIFOLD RUNNER 1 CIRCUIT OPEN" address="74ffa" />
  <table name="(P2009) TGV - INTAKE MANIFOLD RUNNER 1 CIRCUIT LOW" address="74ff8" />
  <table name="(P2011) TGV - INTAKE MANIFOLD RUNNER 2 CIRCUIT OPEN" address="74ffb" />
  <table name="(P2012) TGV - INTAKE MANIFOLD RUNNER 2 CIRCUIT LOW" address="74ff9" />
  <table name="(P2016) TGV - INTAKE MANIFOLD RUNNER 1 POS. SENSOR LOW" address="74ff4" />
  <table name="(P2017) TGV - INTAKE MANIFOLD RUNNER 1 POS. SENSOR HIGH" address="74ff5" />
  <table name="(P2021) TGV - INTAKE MANIFOLD RUNNER 2 POS. SENSOR LOW" address="74ff6" />
  <table name="(P2022) TGV - INTAKE MANIFOLD RUNNER 2 POS. SENSOR HIGH" address="74ff7" />
  <table name="(P2088) OCV SOLENOID A1 CIRCUIT OPEN" address="74fe8" />
  <table name="(P2089) OCV SOLENOID A1 CIRCUIT SHORT" address="74fe7" />
  <table name="(P2092) OCV SOLENOID A2 CIRCUIT OPEN" address="74fe6" />
  <table name="(P2093) OCV SOLENOID A2 CIRCUIT SHORT" address="74fe5" />
  <table name="(P2096) POST CATALYST TOO LEAN B1" address="74fd1" />
  <table name="(P2097) POST CATALYST TOO RICH B1" address="74fda" />
  <table name="(P2101) THROTTLE ACTUATOR CIRCUIT RANGE/PERF" address="74fd0" />
  <table name="(P2102) THROTTLE ACTUATOR CIRCUIT LOW" address="74fce" />
  <table name="(P2103) THROTTLE ACTUATOR CIRCUIT HIGH" address="74fcf" />
  <table name="(P2109) TPS A MINIMUM STOP PERF" address="74fca" />
  <table name="(P2122) TPS D CIRCUIT LOW INPUT" address="74fd7" />
  <table name="(P2123) TPS D CIRCUIT HIGH INPUT" address="74fd8" />
  <table name="(P2127) TPS E CIRCUIT LOW INPUT" address="74fd5" />
  <table name="(P2128) TPS E CIRCUIT HIGH INPUT" address="74fd6" />
  <table name="(P2135) TPS A/B VOLTAGE" address="74fd9" />
  <table name="(P2138) TPS D/E VOLTAGE" address="74fd4" />
  <table name="(P2227) BARO. PRESSURE CIRCUIT RANGE/PERF" address="74ff0" />
  <table name="(P2228) BARO. PRESSURE CIRCUIT LOW INPUT" address="74ff3" />
  <table name="(P2229) BARO. PRESSURE CIRCUIT HIGH INPUT" address="74ff2" />
</rom>