<rom>
  <romid>
    <xmlid>A2WC510N</xmlid>
    <internalidaddress>2000</internalidaddress>
    <internalidstring>A2WC510N</internalidstring>
    <ecuid>2F12785206</ecuid>
    <year>05</year>
    <market>USDM</market>
    <make>Subaru</make>
    <model>Legacy</model>
    <submodel>GT</submodel>
    <transmission>MT</transmission>
    <memmodel>SH7058</memmodel>
    <flashmethod>sti05</flashmethod>
    <checksummodule>subarudbw</checksummodule>
  </romid>
  <include>32BITBASE</include>
  
  <table name="Ignition Dwell" address="cd630">
    <table name="Engine Speed" address="cd5dc"/>
    <table name="Battery Volts" address="cd61c"/>
  </table>
  
  <table name="Front AF Sensor Smoothing Table" address="cd6f0">
    <table name="Smoothed MAF" address="cd6d0"/>
    <table name="Engine Load" address="cd6e0"/>
  </table>

  <table name="Idle Speed Stability A" address="cc258">
    <table name="Idle Speed Error" address="cc1f8" elements="17"/>
    <table name="Engine Speed Delta" address="cc23c" elements="7"/>
  </table>


	<!-- Alpha hot start tables: -->
      
	<table name="Hotstart Enrichment Decay Delay" address="C6CFE"/>
	
	<table name="Hotstart Enrichment Decay Step" address="C7160"/>
	
	<table name="Initial Hotstart Enrichment (High)" address="C7154"/>
	
	<table name="Hotstart High Enrichment Activation Threshold (Coolant Temperature)" address="C7144"/>
	
	<table name="Hotstart High Enrichment Activation Threshold (Intake Air Temperature)" address="C7148"/>

	<table name="Initial Hotstart Enrichment (Low)" address="C7158"/>

	<table name="Hotstart Low Enrichment Activation Threshold (Coolant Temperature)" address="C714C"/>

	<table name="Hotstart Low Enrichment Activation Threshold (Minimum Intake Air Temperature)" address="C7150"/>

	<!-- missing: <table name="Maximum Non-Idle Hotstart Enrichment (Post Delay)" address=""/> -->
	
	<table name="Hotstart Maximum Non-Idle Enrichment Delay" address="C6D02"/>
	
	<table name="Hotstart Minimum Enrichment Limit Runtime" address="C6D00"/>

	<table name="Hotstart Minimum Enrichment (During Delay and Runtime)" address="C715C"/>
  	
	<!-- Alpha Fuel pump duty tables -->
	
	<table name="Fuel Pump Duty" address="3ABF8"/>
	
  <table name="Target Boost A" address="c11c8">
    <table name="X" address="c1178" />
    <table name="Y" address="c1198" />
  </table>
  <table name="Target Boost B" address="c12d8">
    <table name="X" address="c1288" />
    <table name="Y" address="c12a8" />
  </table>
  <table name="Target Boost Compensation (ECT)" address="c0768">
    <table name="Y" address="c05b8" />
  </table>
  <table name="Target Boost Compensation (1st Gear)" address="c05b4" />
  <table name="Target Boost Compensation (1st Gear) Speed Disable" address="c05ac" />
  <table name="Target Boost Compensation (Atm. Pressure) Multiplier" address="c0870">
    <table name="Y" address="c0860" />
  </table>
  <table name="Target Boost Compensation (Atm. Pressure) Multiplier Offset" address="c079c">
    <table name="Y" address="c078c" />
  </table>
  <table name="Boost Limit (Fuel Cut)" address="c815c">
    <table name="Y" address="c8144" />
  </table>
  <table name="Boost Control Disable (IAM)" address="c058c" />
  <table name="Boost Control Disable (Fine Correction)" address="c0588" />
  <table name="Boost Control Disable Delay (Fine Correction)" address="c0535" />
  <table name="Initial Wastegate Duty A" address="c0bb4">
    <table name="X" address="c0b68" />
    <table name="Y" address="c0b88" elements="11" />
  </table>
  <table name="Initial Wastegate Duty B" address="c0cb0">
    <table name="X" address="c0c64" />
    <table name="Y" address="c0c84" elements="11" />
  </table>
  <table name="Max Wastegate Duty" address="c0ea8">
    <table name="X" address="c0e5c" />
    <table name="Y" address="c0e7c" elements="11" />
  </table>
  <table name="Max Wastegate Duty Alternate (RPM)" address="c088c">
    <table name="Y" address="c0878" />
  </table>
  <table name="Max Wastegate Duty Alternate Fix" address="c0534" />
  <table name="Max Wastegate Duty Limit Post-Compensation" address="155fc" />
  <table name="Initial/Max Wastegate Duty Compensation (IAT)" address="c0688">
    <table name="Y" address="c0648" />
  </table>
  <table name="Initial/Max Wastegate Duty Alternate Compensation (IAT)" address="c0728">
    <table name="Y" address="c06e8" />
  </table>
  <table name="Initial/Max Wastegate Duty Compensation (ECT)" address="c0748">
    <table name="Y" address="c05b8" />
  </table>
  <table name="Initial/Max Wastegate Duty Compensation (Atm. Pressure)" address="c0958">
    <table name="X" address="c0930" />
    <table name="Y" address="c0948" />
  </table>
  <table name="Turbo Dynamics Proportional" address="c07c4">
    <table name="Y" address="c07a0" />
  </table>
  <table name="Turbo Dynamics Integral Positive" address="c0834">
    <table name="Y" address="c0810" />
  </table>
  <table name="Turbo Dynamics Integral Negative" address="c07fc">
    <table name="Y" address="c07d8" />
  </table>
  <table name="TD Activation Thresholds (RPM)" address="c0574" />
  <table name="TD Activation Thresholds (Target Boost)" address="c0548" />
  <table name="TD Integral Cumulative Range (WGDC Correction)" address="c057c" />
  <table name="TD Integral Negative Activation (Boost Error)" address="c0554" />
  <table name="TD Integral Positive Activation (Boost Error)" address="c055c" />
  <table name="TD Integral Positive Activation (Wastegate Duty)" address="c0560" />
  <table name="Manifold Pressure Sensor Scaling" address="c00c0" />
  <table name="Manifold Pressure Sensor Limits (CEL)" address="cc986" />
  <table name="Manifold Pressure Sensor CEL Delays" address="c3103" />
  <table name="Primary Open Loop Fueling" address="c88ec">
    <table name="X" address="c8864" elements="16" />
    <table name="Y" address="c88a4" />
  </table>
  <table name="Primary Open Loop Fueling (Failsafe)" address="c8aa8">
    <table name="X" address="c8a20" elements="16" />
    <table name="Y" address="c8a60" />
  </table>
  <table name="Primary Open Loop Fuel Map Switch (IAM)" address="c7140" />
  <table name="Minimum Active Primary Open Loop Enrichment" address="c70a4" />
  <table name="Minimum Primary Open Loop Enrichment (Throttle)" address="c77dc">
    <table name="Y" address="c77c4" />
  </table>
  <table name="Primary Open Loop Fueling Compensation (ECT)" address="c7fa8">
    <table name="Y" address="c7464" />
  </table>
  <table name="Primary Open Loop Fueling Compensation (Timing Compensation)" address="c77fc">
    <table name="Y" address="c77e4" />
  </table>
  <table name="Front Oxygen Sensor Scaling" address="ccff8">
    <table name="Y" address="ccfc4" />
  </table>
  <table name="Front Oxygen Sensor Rich Limit" address="22db4" />
  <table name="Front Oxygen Sensor Compensation (Atm. Pressure)" address="c27e8">
    <table name="Y" address="c27d8" />
  </table>
  <table name="CL Fueling Target Compensation (Load)" address="c9360">
    <table name="X" address="c9308" elements="11" />
    <table name="Y" address="c9334" elements="11" />
  </table>
  <table name="CL Fueling Target Compensation A (ECT)" address="c91b8">
    <table name="X" address="c7464" />
    <table name="Y" address="c91ac" />
  </table>
  <table name="CL Fueling Target Compensation B (ECT)" address="c9270">
    <table name="X" address="c7464" />
    <table name="Y" address="c9260" elements="4" />
  </table>
  <table name="CL to OL Delay" address="c6cec" />
  <table name="CL to OL Transition with Delay A (Throttle)" address="c7714">
    <table name="Y" address="c76d4" />
  </table>
  <table name="CL to OL Transition with Delay B (Throttle)" address="c7764">
    <table name="Y" address="c7724" />
  </table>
  <table name="CL to OL Transition with Delay C (Throttle)" address="c77b4">
    <table name="Y" address="c7774" />
  </table>
  <table name="CL to OL Transition with Delay Throttle Hysteresis" address="c70a8" />
  <table name="CL to OL Transition with Delay A (Base Pulse Width)" address="c7ec8">
    <table name="Y" address="c7e88" />
  </table>
  <table name="CL to OL Transition with Delay B (Base Pulse Width)" address="c7f28">
    <table name="Y" address="c7ee8" />
  </table>
  <table name="CL to OL Transition with Delay C (Base Pulse Width)" address="c7f88">
    <table name="Y" address="c7f48" />
  </table>
  <table name="CL to OL Transition with Delay BPW Hysteresis" address="c70ac" />
  <table name="CL Delay Maximum (EGT)" address="c7128" />
  <table name="CL Delay Maximum (Throttle)" address="c711c" />
  <table name="CL Delay Maximum (Vehicle Speed)" address="c7120" />
  <table name="CL Delay Minimum (ECT)" address="c70b0" />
  <table name="CL Delay Maximum Engine Speed (Per Gear)" address="c70dc" />
  <table name="CL Delay Maximum Engine Speed (Neutral)" address="c7104" />
  <table name="Injector Latency" address="cca78">
    <table name="Y" address="cca64" />
  </table>
  <table name="Injector Flow Scaling" address="c6e3c" />
  <table name="Per Injector Primary Fuel Offset Compensation A" address="c8c20">
    <table name="X" address="c8bc8" />
    <table name="Y" address="c8be8" />
  </table>
  <table name="Per Injector Primary Fuel Offset Compensation B" address="c8ce8">
    <table name="X" address="c8c90" />
    <table name="Y" address="c8cb0" />
  </table>
  <table name="Per Injector Primary Fuel Offset Compensation C" address="c8db0">
    <table name="X" address="c8d58" />
    <table name="Y" address="c8d78" />
  </table>
  <table name="Per Injector Primary Fuel Offset Compensation D" address="c8e78">
    <table name="X" address="c8e20" />
    <table name="Y" address="c8e40" />
  </table>
  <table name="Cranking Fuel Injector Pulse Width A (ECT)" address="c79d2">
    <table name="Y" address="c7464" />
  </table>
  <table name="Cranking Fuel Injector Pulse Width B (ECT)" address="c79f2">
    <table name="Y" address="c7464" />
  </table>
  <table name="Cranking Fuel Injector Pulse Width C (ECT)" address="c7a12">
    <table name="Y" address="c7464" />
  </table>
  <table name="Cranking Fuel Injector Pulse Width D (ECT)" address="c7a32">
    <table name="Y" address="c7464" />
  </table>
  <table name="Cranking Fuel IPW Compensation (RPM)" address="c8720">
    <table name="X" address="c86f0" />
    <table name="Y" address="c8704" />
  </table>
  <table name="Cranking Fuel IPW Compensation (Accelerator)" address="c7560">
    <table name="Y" address="c7548" />
  </table>
  <table name="Throttle Tip-in Enrichment" address="c80b0">
    <table name="Y" address="c8068" />
  </table>
  <table name="Minimum Tip-in Enrichment Activation" address="c7230" />
  <table name="Minimum Tip-in Enrichment Activation (Throttle)" address="c722c" />
  <table name="Tip-in Enrichment Compensation (Boost Error)" address="c7870">
    <table name="Y" address="c784c" />
  </table>
  <table name="Tip-in Enrichment Compensation (ECT)" address="c80d4">
    <table name="Y" address="c7464" />
  </table>
  <table name="Tip-in Enrichment Disable Applied Counter Threshold" address="c6cb5" />
  <table name="Tip-in Enrichment Applied Counter Reset" address="c6cb6" />
  <table name="Tip-in Enrichment Disable Throttle Cumulative Threshold" address="c7234" />
  <table name="Tip-in Throttle Cumulative Reset" address="c6cb7" />
  <table name="Min Primary Base Enrichment 1" address="c75b6">
    <table name="Y" address="c7464" />
  </table>
  <table name="Min Primary Base Enrichment 1 (Non-Primary OL)" address="c8838">
    <table name="X" address="c880c" elements="8" />
    <table name="Y" address="c882c" />
  </table>
  <table name="Min Primary Base Enrich 2 Initial Start 1A" address="c7ad2">
    <table name="Y" address="c7464" />
  </table>
  <table name="Min Primary Base Enrich 2 Initial Start 1B" address="c7b12">
    <table name="Y" address="c7464" />
  </table>
  <table name="Min Primary Base Enrich 2 Initial Start 2A" address="c7af2">
    <table name="Y" address="c7464" />
  </table>
  <table name="Min Primary Base Enrich 2 Initial Start 2B" address="c7b32">
    <table name="Y" address="c7464" />
  </table>
  <table name="Min Primary Base Enrich 2 Decay Step 1" address="c7b52">
    <table name="Y" address="c7464" />
  </table>
  <table name="Min Primary Base Enrich 2 Decay Step 2" address="c7b72">
    <table name="Y" address="c7464" />
  </table>
  <table name="Min Primary Base Enrich 3 Initial Start 1A" address="c7a52">
    <table name="Y" address="c7464" />
  </table>
  <table name="Min Primary Base Enrich 3 Initial Start 1B" address="c7a72">
    <table name="Y" address="c7464" />
  </table>
  <table name="Min Primary Base Enrich 3 Initial Start 2A" address="c7a92">
    <table name="Y" address="c7464" />
  </table>
  <table name="Min Primary Base Enrich 3 Initial Start 2B" address="c7ab2">
    <table name="Y" address="c7464" />
  </table>
  <table name="Min Primary Base Enrich 3 Decay Delay A" address="c7576">
    <table name="Y" address="c7464" />
  </table>
  <table name="Min Primary Base Enrich 3 Decay Delay B" address="c7586">
    <table name="Y" address="c7464" />
  </table>
  <table name="Min Primary Base Enrich 3 Decay Multiplier" address="c6e40" />
  <table name="A/F Learning #1 Limits" address="c706c" />
  <table name="A/F Learning #1 Airflow Ranges" address="c7078" />
  <table name="MAF Limit (Maximum)" address="c2394" />
  <table name="MAF Sensor Scaling" address="ccdfc">
    <table name="Y" address="ccd24" />
  </table>
  <table name="MAF Compensation (IAT)" address="c2bac">
    <table name="X" address="c2b78" />
    <table name="Y" address="c2b8c" />
  </table>
  <table name="Engine Load Limit (Maximum)" address="20e8c" />
  <table name="Engine Load Compensation (MP)" address="c2b20">
    <table name="X" address="c2ad4" />
    <table name="Y" address="c2b00" elements="8" />
  </table>
  <table name="Base Timing" address="ca274">
    <table name="X" address="ca1ec" elements="16" />
    <table name="Y" address="ca22c" />
  </table>
  <table name="Base Timing Idle" address="c999d">
    <table name="Y" address="c9840" />
  </table>
  <table name="Base Timing Idle Minimum" address="c9994">
    <table name="Y" address="c9970" />
  </table>
  <table name="Base Timing Idle Minimum Vehicle Speed Enable" address="c9588" />
  <table name="Knock Correction Advance Max" address="ca5d8">
    <table name="X" address="ca550" />
    <table name="Y" address="ca590" />
  </table>
  <table name="Timing Compensation A (IAT)" address="c9a10">
    <table name="Y" address="c99d0" />
  </table>
  <table name="Timing Compensation A (IAT) Activation" address="ca3d4">
    <table name="X" address="ca394" />
    <table name="Y" address="ca3b4" />
  </table>
  <table name="Timing Compensation B (IAT)" address="c9eb8">
    <table name="Y" address="c9e78" />
  </table>
  <table name="Timing Compensation B (IAT) IAM Activation" address="c983c" />
  <table name="Timing Compensation B (IAT) Max Additive" address="c9820" />
  <table name="Timing Compensation (ECT)" address="c99bd">
    <table name="Y" address="c9840" />
  </table>
  <table name="Timing Compensation (MRP)" address="ca72c">
    <table name="X" address="ca70c" />
    <table name="Y" address="ca720" />
  </table>
  <table name="Timing Compensation Per Cylinder A__" address="c9d50">
    <table name="Y" address="c9d14" elements="15" />
  </table>
  <table name="Timing Compensation Per Cylinder B__" address="c9d9c">
    <table name="Y" address="c9d60" elements="15" />
  </table>
  <table name="Timing Compensation Per Cylinder C__" address="c9de8">
    <table name="Y" address="c9dac" elements="15" />
  </table>
  <table name="Timing Compensation Per Cylinder D__" address="c9e34">
    <table name="Y" address="c9df8" elements="15" />
  </table>
  <table name="Timing Comp Minimum Load (Per Cylinder)" address="c969c" />
  <table name="Timing Comp Maximum RPM (Per Cylinder)" address="c9698" />
  <table name="Timing Comp Minimum Coolant Temp (Per Cylinder)" address="c96a0" />
  <table name="Feedback Correction Range (RPM)" address="c96d4" />
  <table name="Feedback Correction Minimum Load" address="c96e4" />
  <table name="Feedback Correction Retard Value" address="c96b4" />
  <table name="Feedback Correction Retard Limit" address="c96b0" />
  <table name="Feedback Correction Negative Advance Value" address="c96bc" />
  <table name="Feedback Correction Negative Advance Delay" address="c94b4" />
  <table name="Extended Feedback Correction High RPM Compensation" address="c96ec" />
  <table name="Fine Correction Range (RPM)" address="c97cc" />
  <table name="Fine Correction Range (Load)" address="c97dc" />
  <table name="Fine Correction Rows (RPM)" address="c97fc" />
  <table name="Fine Correction Columns (Load)" address="c97ec" />
  <table name="Fine Correction Retard Value" address="c9814" />
  <table name="Fine Correction Retard Limit" address="c97c4" />
  <table name="Fine Correction Advance Value" address="c97c8" />
  <table name="Fine Correction Advance Limit" address="c97c0" />
  <table name="Fine Correction Advance Delay" address="c94c2" />
  <table name="Rough Correction Range (RPM)" address="c9764" />
  <table name="Rough Correction Range (Load)" address="c9774" />
  <table name="Rough Correction Minimum KC Advance Map Value" address="c9784" />
  <table name="Rough Correction Learning Delay (Increasing)" address="c9e6c">
    <table name="Y" address="c9e44" />
  </table>
  <table name="Advance Multiplier (Initial)" address="c9760" />
  <table name="Advance Multiplier Step Value" address="c9788" />
  <table name="Intake Cam Advance Angle (AVCS)" address="ce338">
    <table name="X" address="ce2e8" elements="10" />
    <table name="Y" address="ce310" elements="10" />
  </table>
  <table name="Requested Torque (Accelerator Pedal)" address="cc01c">
    <table name="X" address="cbfa4" />
    <table name="Y" address="cbfe0" elements="15" />
  </table>
  <table name="Target Throttle Plate Position (Requested Torque)" address="cbd84">
    <table name="X" address="cbd00" />
    <table name="Y" address="cbd44" />
  </table>
  <table name="Rev Limit (Fuel Cut)" address="c7284" />
  <table name="Rev Limit Fuel Resume (Boost)" address="c728c" />
  <table name="Speed Limiting Enable (Fuel Cut)" address="c72d4" />
  <table name="Speed Limiting Disable (Fuel Cut)" address="c72dc" />
  <table name="Speed Limiting (Throttle)" address="c264c" />
  <table name="EGT Sensor Scaling" address="ccf4c">
    <table name="Y" address="cced4" />
  </table>
  <table name="Fuel Temp Sensor Scaling" address="cccac">
    <table name="Y" address="ccc34" />
  </table>
  <table name="Intake Temp Sensor Scaling" address="85830">
    <table name="Y" address="857b8" />
  </table>
  <table name="Coolant Temp Sensor Scaling" address="85748">
    <table name="Y" address="856d8" />
  </table>
  <table name="Atmospheric Pressure Sensor Scaling" address="c0070" />
  <table name="Radiator Fan Modes (ECT)" address="cd754" />
  <table name="Radiator Fan Modes (Veh. Speed)" address="cd764" />
  <table name="Gear Determination Thresholds A" address="c25c8" />
  <table name="Gear Determination Thresholds B" address="c25dc" />
  <table name="Idle Speed Target A" address="cb2c4">
    <table name="Y" address="cacf0" />
  </table>
  <table name="Idle Speed Target B" address="cb304">
    <table name="Y" address="cacf0" />
  </table>
  <table name="Idle Speed Target C" address="cb344">
    <table name="Y" address="cacf0" />
  </table>
  <table name="Force Pass Readiness Monitors" address="78146" />
  <table name="(P0000) PASS CODE (NO DTC DETECTED)" address="74e97" />
  <table name="(P0000) PASS CODE (NO DTC DETECTED)_" address="74e98" />
  <table name="(P0011) CAMSHAFT POS. - TIMING OVER-ADVANCED 1" address="74e7d" />
  <table name="(P0021) CAMSHAFT POS. - TIMING OVER-ADVANCED 2" address="74e7e" />
  <table name="(P0030) FRONT O2 SENSOR RANGE/PERF" address="74ebc" />
  <table name="(P0031) FRONT O2 SENSOR LOW INPUT" address="74ea3" />
  <table name="(P0032) FRONT O2 SENSOR HIGH INPUT" address="74ea1" />
  <table name="(P0037) REAR O2 SENSOR LOW INPUT" address="74ea2" />
  <table name="(P0038) REAR O2 SENSOR HIGH INPUT" address="74ea0" />
  <table name="(P0068) MAP SENSOR RANGE/PERF" address="74eb8" />
  <table name="(P0101) MAF SENSOR RANGE/PERF" address="74eba" />
  <table name="(P0102) MAF SENSOR LOW INPUT" address="74e59" />
  <table name="(P0103) MAF SENSOR HIGH INPUT" address="74e5a" />
  <table name="(P0107) MAP SENSOR LOW INPUT" address="74ea4" />
  <table name="(P0108) MAP SENSOR HIGH INPUT" address="74ea5" />
  <table name="(P0111) IAT SENSOR RANGE/PERF" address="74e9f" />
  <table name="(P0112) IAT SENSOR LOW INPUT" address="74e9d" />
  <table name="(P0113) IAT SENSOR HIGH INPUT" address="74e9e" />
  <table name="(P0117) COOLANT TEMP SENSOR LOW INPUT" address="74e61" />
  <table name="(P0118) COOLANT TEMP SENSOR HIGH INPUT" address="74e62" />
  <table name="(P0122) TPS A LOW INPUT" address="74e5e" />
  <table name="(P0123) TPS A HIGH INPUT" address="74e5f" />
  <table name="(P0125) INSUFFICIENT COOLANT TEMP (FUELING)" address="74e64" />
  <table name="(P0126) INSUFFICIENT COOLANT TEMP (OPERATION)" address="74ee5" />
  <table name="(P0128) THERMOSTAT MALFUNCTION" address="74ea6" />
  <table name="(P0131) FRONT O2 SENSOR LOW INPUT" address="74e9a" />
  <table name="(P0132) FRONT O2 SENSOR HIGH INPUT" address="74e9b" />
  <table name="(P0133) FRONT O2 SENSOR SLOW RESPONSE" address="74e88" />
  <table name="(P0134) FRONT O2 SENSOR NO ACTIVITY" address="74ebb" />
  <table name="(P0137) REAR O2 SENSOR LOW VOLTAGE" address="74e99" />
  <table name="(P0138) REAR O2 SENSOR HIGH VOLTAGE" address="74e9c" />
  <table name="(P0139) REAR O2 SENSOR SLOW RESPONSE" address="74e89" />
  <table name="(P0171) SYSTEM TOO LEAN" address="74e8f" />
  <table name="(P0172) SYSTEM TOO RICH" address="74e90" />
  <table name="(P0181) FUEL TEMP SENSOR A RANGE/PERF" address="74e71" />
  <table name="(P0182) FUEL TEMP SENSOR A LOW INPUT" address="74e6f" />
  <table name="(P0183) FUEL TEMP SENSOR A HIGH INPUT" address="74e70" />
  <table name="(P0222) TPS B LOW INPUT" address="74ebf" />
  <table name="(P0223) TPS B HIGH INPUT" address="74ec0" />
  <table name="(P0230) FUEL PUMP PRIMARY CIRCUIT" address="74eb7" />
  <table name="(P0244) WASTEGATE SOLENOID A RANGE/PERF" address="74ead" />
  <table name="(P0245) WASTEGATE SOLENOID A LOW" address="74eab" />
  <table name="(P0246) WASTEGATE SOLENOID A HIGH" address="74eac" />
  <table name="(P0301) MISFIRE CYLINDER 1" address="74e91" />
  <table name="(P0302) MISFIRE CYLINDER 2" address="74e92" />
  <table name="(P0303) MISFIRE CYLINDER 3" address="74e93" />
  <table name="(P0304) MISFIRE CYLINDER 4" address="74e94" />
  <table name="(P0327) KNOCK SENSOR 1 LOW INPUT" address="74e5c" />
  <table name="(P0328) KNOCK SENSOR 1 HIGH INPUT" address="74e5d" />
  <table name="(P0335) CRANKSHAFT POS. SENSOR A MALFUNCTION" address="74e54" />
  <table name="(P0336) CRANKSHAFT POS. SENSOR A RANGE/PERF" address="74e55" />
  <table name="(P0340) CAMSHAFT POS. SENSOR A MALFUNCTION_" address="74ed3" />
  <table name="(P0345) CAMSHAFT POS. SENSOR A BANK 2" address="74ed2" />
  <table name="(P0420) CAT EFFICIENCY BELOW THRESHOLD" address="74e8c" />
  <table name="(P0442) EVAP LEAK DETECTED (SMALL)" address="74e8d" />
  <table name="(P0447) EVAP VENT CONTROL CIRCUIT OPEN" address="74e86" />
  <table name="(P0448) EVAP VENT CONTROL CIRCUIT SHORTED" address="74e87" />
  <table name="(P0451) EVAP PRESSURE SENSOR RANGE/PERF" address="74e6d" />
  <table name="(P0452) EVAP PRESSURE SENSOR LOW INPUT" address="74e6b" />
  <table name="(P0453) EVAP PRESSURE SENSOR HIGH INPUT" address="74e6c" />
  <table name="(P0456) EVAP LEAK DETECTED (VERY SMALL)" address="74e8e" />
  <table name="(P0457) EVAP LEAK DETECTED (FUEL CAP)" address="74e96" />
  <table name="(P0458) EVAP PURGE VALVE CIRCUIT LOW" address="74e81" />
  <table name="(P0459) EVAP PURGE VALVE CIRCUIT HIGH" address="74e82" />
  <table name="(P0461) FUEL LEVEL SENSOR RANGE/PERF" address="74e67" />
  <table name="(P0462) FUEL LEVEL SENSOR LOW INPUT" address="74e65" />
  <table name="(P0463) FUEL LEVEL SENSOR HIGH INPUT" address="74e66" />
  <table name="(P0464) FUEL LEVEL SENSOR INTERMITTENT" address="74e63" />
  <table name="(P0483) RADIATOR FAN RATIONALITY CHECK" address="74e79" />
  <table name="(P0500) VEHICLE SPEED SENSOR A" address="74e5b" />
  <table name="(P0506) IDLE CONTROL RPM LOWER THAN EXPECTED" address="74e75" />
  <table name="(P0507) IDLE CONTROL RPM HIGH THAN EXPECTED" address="74e76" />
  <table name="(P0512) STARTER REQUEST CIRCUIT" address="74e6a" />
  <table name="(P0519) IDLE CONTROL MALFUNCTION (FAIL-SAFE)" address="74eb9" />
  <table name="(P0545) EGT SENSOR CIRCUIT LOW" address="74eb2" />
  <table name="(P0546) EGT SENSOR CIRCUIT HIGH" address="74eb3" />
  <table name="(P0600) SERIAL COMMUNICATION LINK" address="74ecf" />
  <table name="(P0604) CONTROL MODULE RAM ERROR" address="74e58" />
  <table name="(P0605) CONTROL MODULE ROM ERROR" address="74ed4" />
  <table name="(P0607) CONTROL MODULE PERFORMANCE" address="74ec7" />
  <table name="(P0638) THROTTLE ACTUATOR RANGE/PERF" address="74ec6" />
  <table name="(P0691) RADIATOR FAN CIRCUIT LOW" address="74e77" />
  <table name="(P0692) RADIATOR FAN CIRCUIT HIGH" address="74e78" />
  <table name="(P0700) TRANSMISSION CONTROL SYSTEM" address="74edd" />
  <table name="(P0851) NEUTRAL SWITCH INPUT LOW" address="74e6e" />
  <table name="(P0852) NEUTRAL SWITCH INPUT HIGH" address="74e72" />
  <table name="(P1152) FRONT O2 SENSOR RANGE/PERF LOW B1 S1" address="74e8a" />
  <table name="(P1153) FRONT O2 SENSOR RANGE/PERF HIGH B1 S1" address="74e8b" />
  <table name="(P1160) ABNORMAL RETURN SPRING" address="74ec1" />
  <table name="(P1301) MISFIRE (HIGH TEMP EXHAUST GAS)" address="74e95" />
  <table name="(P1312) EGT SENSOR MALFUNCTION" address="74eb4" />
  <table name="(P1400) FUEL TANK PRESSURE SOL. LOW" address="74e7f" />
  <table name="(P1420) FUEL TANK PRESSURE SOL. HIGH INPUT" address="74e80" />
  <table name="(P1443) VENT CONTROL SOLENOID FUNCTION PROBLEM" address="74e85" />
  <table name="(P1491) PCV (BLOWBY) FUNCTION PROBLEM" address="74ea7" />
  <table name="(P1518) STARTER SWITCH LOW INPUT" address="74e69" />
  <table name="(P1544) EGT TOO HIGH" address="74eb5" />
  <table name="(P1560) BACK-UP VOLTAGE MALFUNCTION" address="74ea8" />
  <table name="(P2004) TGV - INTAKE MANIFOLD RUNNER 1 STUCK OPEN" address="74ee0" />
  <table name="(P2005) TGV - INTAKE MANIFOLD RUNNER 2 STUCK OPEN" address="74ee2" />
  <table name="(P2006) TGV - INTAKE MANIFOLD RUNNER 1 STUCK CLOSED" address="74ee1" />
  <table name="(P2007) TGV - INTAKE MANIFOLD RUNNER 2 STUCK CLOSED" address="74ee3" />
  <table name="(P2008) TGV - INTAKE MANIFOLD RUNNER 1 CIRCUIT OPEN" address="74eee" />
  <table name="(P2009) TGV - INTAKE MANIFOLD RUNNER 1 CIRCUIT LOW" address="74eec" />
  <table name="(P2011) TGV - INTAKE MANIFOLD RUNNER 2 CIRCUIT OPEN" address="74eef" />
  <table name="(P2012) TGV - INTAKE MANIFOLD RUNNER 2 CIRCUIT LOW" address="74eed" />
  <table name="(P2016) TGV - INTAKE MANIFOLD RUNNER 1 POS. SENSOR LOW" address="74ee8" />
  <table name="(P2017) TGV - INTAKE MANIFOLD RUNNER 1 POS. SENSOR HIGH" address="74ee9" />
  <table name="(P2021) TGV - INTAKE MANIFOLD RUNNER 2 POS. SENSOR LOW" address="74eea" />
  <table name="(P2022) TGV - INTAKE MANIFOLD RUNNER 2 POS. SENSOR HIGH" address="74eeb" />
  <table name="(P2088) OCV SOLENOID A1 CIRCUIT OPEN" address="74edc" />
  <table name="(P2089) OCV SOLENOID A1 CIRCUIT SHORT" address="74edb" />
  <table name="(P2092) OCV SOLENOID A2 CIRCUIT OPEN" address="74eda" />
  <table name="(P2093) OCV SOLENOID A2 CIRCUIT SHORT" address="74ed9" />
  <table name="(P2096) POST CATALYST TOO LEAN B1" address="74ec5" />
  <table name="(P2097) POST CATALYST TOO RICH B1" address="74ece" />
  <table name="(P2101) THROTTLE ACTUATOR CIRCUIT RANGE/PERF" address="74ec4" />
  <table name="(P2102) THROTTLE ACTUATOR CIRCUIT LOW" address="74ec2" />
  <table name="(P2103) THROTTLE ACTUATOR CIRCUIT HIGH" address="74ec3" />
  <table name="(P2109) TPS A MINIMUM STOP PERF" address="74ebe" />
  <table name="(P2122) TPS D CIRCUIT LOW INPUT" address="74ecb" />
  <table name="(P2123) TPS D CIRCUIT HIGH INPUT" address="74ecc" />
  <table name="(P2127) TPS E CIRCUIT LOW INPUT" address="74ec9" />
  <table name="(P2128) TPS E CIRCUIT HIGH INPUT" address="74eca" />
  <table name="(P2135) TPS A/B VOLTAGE" address="74ecd" />
  <table name="(P2138) TPS D/E VOLTAGE" address="74ec8" />
  <table name="(P2227) BARO. PRESSURE CIRCUIT RANGE/PERF" address="74ee4" />
  <table name="(P2228) BARO. PRESSURE CIRCUIT LOW INPUT" address="74ee7" />
  <table name="(P2229) BARO. PRESSURE CIRCUIT HIGH INPUT" address="74ee6" />
</rom>