<rom>
 <romid>
   <xmlid>AE5F301C</xmlid>
   <internalidaddress>2004</internalidaddress>
   <internalidstring>AE5F301C</internalidstring>
   <ecuid>5B42564107</ecuid>
   <year>10</year>
   <market>EDM</market>
   <make>Subaru</make>
   <model>Legacy</model>
   <submodel>GT</submodel>
   <transmission>AT</transmission>
   <memmodel>SH7058</memmodel>
   <flashmethod>subarucan</flashmethod>
   <checksummodule>subarudbw</checksummodule>
  </romid>
  <include>32BITBASE</include>
  
		<!-- Per Gear Requested Torque Limits -->
	
    <table name="Requested Torque Limit A (Per Gear/Engine Speed)" address="DD154">
		<table name="X" address="DD0FC"/>
		<table name="Y" address="DD13C"/>
	</table>
	
	<table name="Requested Torque Limit B (Per Gear/Engine Speed)" address="DD26C">
		<table name="X" address="DD214"/>
		<table name="Y" address="DD254"/>
	</table>
	
  <!-- AF 3 Correction Limits -->
  
	<table name="AF 3 Correction Limits" address="31F7C"/>
	
  <table name="Target Boost_" address="c10e8">
    <table name="X" address="c1074" elements="14" />
    <table name="Y" address="c10ac" />
  </table>
  <table name="Target Boost Compensation (ECT)" address="c0a9c">
    <table name="Y" address="c09bc" />
  </table>
  <table name="Target Boost Compensation (1st Gear)" address="c09b4" />
  <table name="Target Boost Compensation (1st Gear) Speed Disable" address="c09b0" />
  <table name="Target Boost Compensation (IAT)_" address="c0be4">
    <table name="Y" address="c0bcc" />
  </table>
  <table name="Target Boost Compensation (Atm. Pressure)_" address="c0c94">
    <table name="X" address="c0c5c" elements="8" />
    <table name="Y" address="c0c7c" />
  </table>
  <table name="Boost Limit (Fuel Cut)_" address="ce924">
    <table name="X" address="ce8d4" elements="8" />
    <table name="Y" address="ce8f4" elements="12" />
  </table>
  <table name="Boost Control Disable (IAM)" address="c09a4" />
  <table name="Boost Control Disable (Fine Correction)" address="c09a0" />
  <table name="Boost Control Disable Delay (Fine Correction)" address="c0955" />
  <table name="Initial Wastegate Duty_" address="c0f08">
    <table name="X" address="c0e9c" elements="14" />
    <table name="Y" address="c0ed4" elements="13" />
  </table>
  <table name="Max Wastegate Duty_" address="c0d30">
    <table name="X" address="c0cc4" elements="14" />
    <table name="Y" address="c0cfc" elements="13" />
  </table>
  <table name="Max Wastegate Duty Limit Post-Compensation" address="13904" />
  <table name="Initial/Max Wastegate Duty Compensation (IAT)" address="c0a3c">
    <table name="Y" address="c09fc" />
  </table>
  <table name="Initial/Max Wastegate Duty Compensation (ECT)" address="c0a5c">
    <table name="Y" address="c09bc" />
  </table>
  <table name="Initial/Max Wastegate Duty Compensation (Atm. Pressure)" address="c0c34">
    <table name="X" address="c0bfc" elements="10" />
    <table name="Y" address="c0c24" />
  </table>
  <table name="Turbo Dynamics Proportional" address="c0ad0">
    <table name="Y" address="c0aac" />
  </table>
  <table name="Turbo Dynamics Integral Positive" address="c0b40">
    <table name="Y" address="c0b1c" />
  </table>
  <table name="Turbo Dynamics Integral Negative" address="c0b08">
    <table name="Y" address="c0ae4" />
  </table>
  <table name="TD Proportional Compensation (IAT)" address="c0a6c">
    <table name="Y" address="c09fc" elements="16" />
  </table>
  <table name="TD Integral Positive Compensation (IAT)" address="c0a8c">
    <table name="Y" address="c09fc" elements="16" />
  </table>
  <table name="TD Integral Negative Compensation (IAT)" address="c0a7c">
    <table name="Y" address="c09fc" elements="16" />
  </table>
  <table name="TD Activation Thresholds (RPM)" address="c0990" />
  <table name="TD Activation Thresholds (Target Boost)_" address="c097c" />
  <table name="TD Integral Cumulative Range (WGDC Correction)" address="c0998" />
  <table name="TD Integral Negative Activation (Boost Error)" address="c0984" />
  <table name="TD Integral Positive Activation (Boost Error)" address="c0988" />
  <table name="TD Integral Negative Activation (Wastegate Duty)" address="c098c" />
  <table name="Manifold Pressure Sensor Scaling_" address="d5cac" />
  <table name="Manifold Pressure Sensor Limits (CEL)" address="d5c5e" />
  <table name="Manifold Pressure Sensor CEL Delays" address="d5c13" />
  <table name="Primary Open Loop Fueling Base" address="cc9bc">
    <table name="X" address="cc934" elements="18" />
    <table name="Y" address="cc97c" elements="16" />
  </table>
  <table name="Primary Open Loop Fueling Additive" address="ccd0c">
    <table name="X" address="ccc84" elements="18" />
    <table name="Y" address="ccccc" elements="16" />
  </table>
  <table name="Primary Open Loop Fueling (KCA Additive B Low)" address="ccb64">
    <table name="X" address="ccadc" elements="18" />
    <table name="Y" address="ccb24" elements="16" />
  </table>
  <table name="Minimum Active Primary Open Loop Enrichment" address="c8d20" />
  <table name="Minimum Primary Open Loop Enrichment (Throttle)" address="c98c8">
    <table name="Y" address="c98b0" />
  </table>
  <table name="Minimum Primary Open Loop Enrichment (Accelerator)" address="c98e8">
    <table name="Y" address="c98d0" />
  </table>
  <table name="Primary Open Loop Fueling Compensation (ECT)" address="cafe4">
    <table name="Y" address="c91bc" />
  </table>
  <table name="Front Oxygen Sensor Scaling" address="d5f8c">
    <table name="Y" address="d5f58" />
  </table>
  <table name="Front Oxygen Sensor Rich Limit" address="23f94" />
  <table name="Front Oxygen Sensor Compensation (Atm. Pressure)" address="c4ce0">
    <table name="Y" address="c4cd0" />
  </table>
  <table name="CL Fueling Target Compensation A (Load)" address="cdb58">
    <table name="X" address="cdb00" />
    <table name="Y" address="cdb2c" elements="11" />
  </table>
  <table name="CL Fueling Target Compensation B (Load)" address="cdca4">
    <table name="X" address="cdc4c" />
    <table name="Y" address="cdc78" />
  </table>
  <table name="CL Fueling Target Compensation Imm. Cruise (ECT)" address="cda34">
    <table name="X" address="c91bc" />
    <table name="Y" address="cda28" />
  </table>
  <table name="CL Fueling Target Compensation Imm. Non-Cruise (ECT)" address="cdaa0">
    <table name="X" address="c91bc" />
    <table name="Y" address="cda94" />
  </table>
  <table name="CL to OL Delay_" address="c8970" />
  <table name="CL to OL Delay/Switch SI-DRIVE Intelligent" address="c896a" />
  <table name="CL to OL Transition with Delay (Throttle)" address="c98a0">
    <table name="Y" address="c9860" />
  </table>
  <table name="CL to OL Transition with Delay Throttle Hysteresis" address="c8d28" />
  <table name="CL to OL Transition with Delay (Base Pulse Width)" address="caf10">
    <table name="Y" address="caed0" />
  </table>
  <table name="CL to OL Transition with Delay BPW Hysteresis" address="c8d24" />
  <table name="CL to OL Transition Counter Step Value (MAF)" address="caf58">
    <table name="Y" address="caf30" />
  </table>
  <table name="CL Delay Maximum (Throttle)" address="c8d88" />
  <table name="CL Delay Maximum (Vehicle Speed)" address="c8da4" />
  <table name="CL Delay Minimum (ECT)" address="c8d2c" />
  <table name="CL Delay Maximum (Engine Load)" address="c8db4" />
  <table name="CL Delay Engine Load Counter Threshold" address="c8968" />
  <table name="CL Delay Maximum Engine Speed (Per Gear)" address="c8d30" />
  <table name="CL Delay Maximum Engine Speed (Neutral)" address="c8d58" />
  <table name="Injector Latency" address="c9e20">
    <table name="Y" address="c9e0c" />
  </table>
  <table name="Injector Flow Scaling" address="c8a70" />
  <table name="Per Injector Pulse Width Compensation A" address="ccf24">
    <table name="X" address="cced0" elements="9" />
    <table name="Y" address="ccef4" elements="12" />
  </table>
  <table name="Per Injector Pulse Width Compensation B" address="ccfe4">
    <table name="X" address="ccf90" elements="9" />
    <table name="Y" address="ccfb4" elements="12" />
  </table>
  <table name="Per Injector Pulse Width Compensation C" address="cd0a4">
    <table name="X" address="cd050" elements="9" />
    <table name="Y" address="cd074" elements="12" />
  </table>
  <table name="Per Injector Pulse Width Compensation D" address="cd164">
    <table name="X" address="cd110" elements="9" />
    <table name="Y" address="cd134" elements="12" />
  </table>
  <table name="Cranking Fuel Injector Pulse Width A (ECT)" address="c9d4a">
    <table name="Y" address="c91bc" />
  </table>
  <table name="Cranking Fuel Injector Pulse Width B (ECT)" address="0xc9d6a">
    <table name="Y" address="c91bc" />
  </table>
  <table name="Cranking Fuel Injector Pulse Width C (ECT)" address="c9d8a">
    <table name="Y" address="c91bc" />
  </table>
  <table name="Cranking Fuel Injector Pulse Width D (ECT)" address="c9daa">
    <table name="Y" address="c91bc" />
  </table>
  <table name="Cranking Fuel Injector Pulse Width E (ECT)" address="c9dca">
    <table name="Y" address="c91bc" />
  </table>
  <table name="Cranking Fuel Injector Pulse Width F (ECT)" address="c9dea">
    <table name="Y" address="c91bc" />
  </table>
  <table name="Cranking Fuel IPW Compensation Imm. Cruise (RPM)" address="cc0f4">
    <table name="X" address="cc0c4" />
    <table name="Y" address="cc0d8" />
  </table>
  <table name="Cranking Fuel IPW Compensation Imm. Non-Cruise (RPM)" address="cc0a0">
    <table name="X" address="cc070" />
    <table name="Y" address="cc084" />
  </table>
  <table name="Cranking Fuel IPW Compensation (MAP)" address="c9400">
    <table name="Y" address="c93d8" />
  </table>
  <table name="Cranking Fuel IPW Compensation (Accelerator)" address="c9434">
    <table name="Y" address="c940c" elements="10" />
  </table>
  <table name="Cranking Fuel IPW Compensation (IAT)" address="c9454">
    <table name="Y" address="c9440" />
  </table>
  <table name="Throttle Tip-in Enrichment A" address="cb698">
    <table name="Y" address="cb650" />
  </table>
  <table name="Throttle Tip-in Enrichment B" address="cb704">
    <table name="Y" address="cb6bc" />
  </table>
  <table name="Minimum Tip-in Enrichment Activation" address="c9088" />
  <table name="Minimum Tip-in Enrichment Activation (Throttle)" address="c9084" />
  <table name="Tip-in Enrichment Compensation (Boost Error)" address="c9b94">
    <table name="Y" address="c9b70" />
  </table>
  <table name="Tip-in Enrichment Compensation (RPM)" address="c9b60">
    <table name="Y" address="c9b20" elements="16" />
  </table>
  <table name="Tip-in Enrichment Compensation A (ECT)" address="c9b9d">
    <table name="Y" address="c91bc" />
  </table>
  <table name="Tip-in Enrichment Compensation B (ECT)" address="cb728">
    <table name="Y" address="c91bc" />
  </table>
  <table name="Tip-in Enrichment Compensation C (ECT)" address="cb748">
    <table name="Y" address="c91bc" />
  </table>
  <table name="Tip-in Enrichment Compensation D (ECT)" address="cb788">
    <table name="Y" address="c91bc" />
  </table>
  <table name="Tip-in Enrichment Compensation D (ECT) Activation" address="c908c" />
  <table name="Tip-in Enrichment Disable Applied Counter Threshold A (ECT)" address="c9bad">
    <table name="Y" address="c91bc" />
  </table>
  <table name="Tip-in Enrichment Disable Applied Counter Threshold B (ECT)" address="c9bbd">
    <table name="Y" address="c91bc" />
  </table>
  <table name="Tip-in Enrichment Applied Counter Reset" address="c892c" />
  <table name="Tip-in Enrichment Disable Throttle Cumulative Threshold A (ECT)" address="cb7a8">
    <table name="Y" address="c91bc" />
  </table>
  <table name="Tip-in Enrichment Disable Throttle Cumulative Threshold B (ECT)" address="cb7c8">
    <table name="Y" address="c91bc" />
  </table>
  <table name="Tip-in Throttle Cumulative Reset" address="c892d" />
  <table name="A/F Learning #1 Limits" address="c8c68" />
  <table name="A/F Learning #1 Airflow Ranges" address="c8c78" />
  <table name="MAF Limit (Maximum)" address="c47c8" />
  <table name="MAF Sensor Scaling" address="d5e80">
    <table name="Y" address="d5da8" />
  </table>
  <table name="MAF Compensation (IAT)" address="c4e84">
    <table name="X" address="c4e44" elements="6" />
    <table name="Y" address="c4e5c" elements="10" />
  </table>
  <table name="Engine Load Limit A (Maximum)" address="22460" />
  <table name="Engine Load Limit B Maximum (RPM)" address="c4be0">
    <table name="Y" address="c4bd8" />
  </table>
  <table name="Engine Load Compensation Cruise (MP)" address="c4f34">
    <table name="X" address="c4ec0" elements="13" />
    <table name="Y" address="c4ef4" elements="16" />
  </table>
  <table name="Engine Load Compensation Non-Cruise (MP)" address="c5078">
    <table name="X" address="c5004" elements="13" />
    <table name="Y" address="c5038" elements="16" />
  </table>
  <table name="Base Timing Primary Cruise" address="d0b00">
    <table name="X" address="d0aac" elements="12" />
    <table name="Y" address="d0adc" elements="9" />
  </table>
  <table name="Base Timing Reference Cruise (AVCS related)" address="d0d68">
    <table name="X" address="d0d14" elements="12" />
    <table name="Y" address="d0d44" elements="9" />
  </table>
  <table name="Base Timing Primary Non-Cruise" address="d0bf4">
    <table name="X" address="d0b6c" elements="18" />
    <table name="Y" address="d0bb4" elements="16" />
  </table>
  <table name="Base Timing Reference Non-Cruise (AVCS related)" address="d0e5c">
    <table name="X" address="d0dd4" elements="18" />
    <table name="Y" address="d0e1c" elements="16" />
  </table>
  <table name="Base Timing Idle A (In-Gear)" address="cf24a">
    <table name="Y" address="ceff4" />
  </table>
  <table name="Base Timing Idle B (In-Gear)" address="cf25a">
    <table name="Y" address="ceff4" />
  </table>
  <table name="Base Timing Idle A (Neutral)" address="cf26a">
    <table name="Y" address="ceff4" />
  </table>
  <table name="Base Timing Idle B (Neutral)" address="cf27a">
    <table name="Y" address="ceff4" />
  </table>
  <table name="Base Timing Idle Minimum" address="cf241">
    <table name="Y" address="cf074" />
  </table>
  <table name="Base Timing Idle Minimum Vehicle Speed Enable" address="cedb8" />
  <table name="Knock Correction Advance Max Cruise" address="d0798">
    <table name="X" address="d0744" elements="12" />
    <table name="Y" address="d0774" elements="9" />
  </table>
  <table name="Knock Correction Advance Max Non-Cruise" address="d088c">
    <table name="X" address="d0804" elements="18" />
    <table name="Y" address="d084c" elements="16" />
  </table>
  <table name="Timing Compensation A (IAT)" address="cf32c">
    <table name="Y" address="cf2ec" />
  </table>
  <table name="Timing Compensation A (IAT) Activation" address="d0fa8">
    <table name="X" address="d0f7c" elements="6" />
    <table name="Y" address="d0f94" elements="5" />
  </table>
  <table name="Timing Compensation B (IAT)" address="cf84c">
    <table name="Y" address="cf80c" />
  </table>
  <table name="Timing Compensation B (IAT) IAM Activation" address="cef9c" />
  <table name="Timing Compensation B (IAT) Max Additive" address="cef80" />
  <table name="Timing Compensation Imm. Cruise A (ECT)" address="cf2ca">
    <table name="Y" address="ceff4" />
  </table>
  <table name="Timing Compensation Imm. Cruise B (ECT)" address="cf2da">
    <table name="Y" address="ceff4" />
  </table>
  <table name="Timing Compensation Imm. Non-Cruise A (ECT)" address="cf2aa">
    <table name="Y" address="ceff4" />
  </table>
  <table name="Timing Compensation Imm. Non-Cruise B (ECT)" address="cf2ba">
    <table name="Y" address="ceff4" />
  </table>
  <table name="Timing Compensation Per Cylinder A" address="d04fc">
    <table name="X" address="d04b0" />
    <table name="Y" address="d04e8" elements="5" />
  </table>
  <table name="Timing Compensation Per Cylinder B" address="d0590">
    <table name="X" address="d0544" />
    <table name="Y" address="d057c" elements="5" />
  </table>
  <table name="Timing Compensation Per Cylinder C" address="d0624">
    <table name="X" address="d05d8" />
    <table name="Y" address="d0610" elements="5" />
  </table>
  <table name="Timing Compensation Per Cylinder D" address="d06bc">
    <table name="X" address="d066c" />
    <table name="Y" address="d06a4" elements="6" />
  </table>
  <table name="Timing Comp Minimum Load (Per Cylinder)" address="cead4" />
  <table name="Timing Comp Maximum RPM (Per Cylinder)" address="cead0" />
  <table name="Timing Comp Minimum Coolant Temp (Per Cylinder)" address="cead8" />
  <table name="Feedback Correction Range (RPM)" address="ceae4" />
  <table name="Feedback Correction Minimum Load" address="ceadc" />
  <table name="Feedback Correction Retard Value" address="ceb04" />
  <table name="Feedback Correction Retard Limit" address="ceb00" />
  <table name="Feedback Correction Negative Advance Value" address="ceb08" />
  <table name="Feedback Correction Negative Advance Delay" address="cea22" />
  <table name="Extended Feedback Correction High RPM Compensation" address="ceb10" />
  <table name="Fine Correction Range (RPM)" address="cecac" />
  <table name="Fine Correction Range (Load)" address="cecbc" />
  <table name="Fine Correction Rows (RPM)" address="cec4c" />
  <table name="Fine Correction Columns (Load)" address="cec68" />
  <table name="Fine Correction Retard Value A" address="cec90" />
  <table name="Fine Correction Retard Value B" address="ceca4" />
  <table name="Fine Correction Retard Limit" address="cec8c" />
  <table name="Fine Correction Advance Value" address="cec88" />
  <table name="Fine Correction Advance Limit" address="cec84" />
  <table name="Fine Correction Advance Delay" address="cea32" />
  <table name="Rough Correction Range (RPM)" address="cebf4" />
  <table name="Rough Correction Range (Load)" address="cec04" />
  <table name="Rough Correction Minimum KC Advance Map Value" address="cef94" />
  <table name="Rough Correction Learning Delay (Increasing)_" address="cfa3c">
    <table name="Y" address="cfa14" />
  </table>
  <table name="Advance Multiplier (Initial)" address="cec18" />
  <table name="Advance Multiplier Step Value" address="cec1c" />
  <table name="Intake Cam Advance Angle Cruise (AVCS)_" address="d85ac">
    <table name="X" address="d855c" elements="11" />
    <table name="Y" address="d8588" elements="9" />
  </table>
  <table name="Intake Cam Advance Angle Non-Cruise (AVCS)_" address="d86fc">
    <table name="X" address="d8674" elements="18" />
    <table name="Y" address="d86bc" elements="16" />
  </table>
  <table name="Exhaust Cam Retard Angle Cruise (AVCS)_" address="d7e04">
    <table name="X" address="d7db4" elements="11" />
    <table name="Y" address="d7de0" elements="9" />
  </table>
  <table name="Exhaust Cam Retard Angle Non-Cruise (AVCS)_" address="d7f54">
    <table name="X" address="d7ecc" elements="18" />
    <table name="Y" address="d7f14" elements="16" />
  </table>
  <table name="Requested Torque (Accelerator Pedal) SI-DRIVE Sport" address="dd3b0">
    <table name="X" address="dd32c" elements="16" />
    <table name="Y" address="dd36c" />
  </table>
  <table name="Requested Torque (Accelerator Pedal) SI-DRIVE Sport Sharp" address="dd654">
    <table name="X" address="dd5d0" elements="16" />
    <table name="Y" address="dd610" />
  </table>
  <table name="Requested Torque (Accelerator Pedal) SI-DRIVE Intelligent" address="dd8f8">
    <table name="X" address="dd874" elements="16" />
    <table name="Y" address="dd8b4" />
  </table>
  <table name="Requested Torque Base (RPM)" address="dc7d0">
    <table name="Y" address="dc790" />
  </table>
  <table name="Target Throttle Plate Position Cruise (Requested Torque Ratio)" address="dcc84">
    <table name="X" address="dcc20" elements="16" />
    <table name="Y" address="dcc60" elements="9" />
  </table>
  <table name="Target Throttle Plate Position Non-Cruise (Requested Torque Ratio)" address="dce24">
    <table name="X" address="dcda4" elements="16" />
    <table name="Y" address="dcde4" />
  </table>
  <table name="Target Throttle Plate Position Maximum (Requested Torque Ratio)" address="dde60">
    <table name="X" address="ddde0" elements="16" />
    <table name="Y" address="dde20" />
  </table>
  <table name="Rev Limit (Fuel Cut)" address="c9104" />
  <table name="Rev Limit Fuel Resume (Boost)" address="c9114" />
  <table name="Speed Limiting Enable (Fuel Cut)" address="c911c" />
  <table name="Speed Limiting Disable (Fuel Cut)" address="c9124" />
  <table name="Speed Limiting A (Throttle) SI-DRIVE Sport/Sport Sharp" address="dc640" />
  <table name="Speed Limiting B (Throttle) SI-DRIVE Sport/Sport Sharp" address="dc658" />
  <table name="Speed Limiting A (Throttle) SI-DRIVE Intelligent" address="dc64c" />
  <table name="Speed Limiting B (Throttle) SI-DRIVE Intelligent" address="dc664" />
  <table name="Intake Temp Sensor Scaling" address="d62f8">
    <table name="Y" address="d6280" />
  </table>
  <table name="Coolant Temp Sensor Scaling" address="d6210">
    <table name="Y" address="d61a0" />
  </table>
  <table name="Radiator Fan Modes A (ECT)" address="d65f8" />
  <table name="Radiator Fan Modes B (ECT)" address="d6608" />
  <table name="Radiator Fan Modes (Veh. Speed)" address="d6618" />
  <table name="Gear Determination Thresholds A" address="c4a98" />
  <table name="Gear Determination Thresholds B" address="c4aac" />
  <table name="Idle Speed Target A" address="d29e4">
    <table name="Y" address="d24e8" />
  </table>
  <table name="Idle Speed Target B" address="d2a04">
    <table name="Y" address="d24e8" />
  </table>
  <table name="Idle Speed Target C" address="d2a24">
    <table name="Y" address="d24e8" />
  </table>
  <table name="Idle Speed Target D" address="d2a44">
    <table name="Y" address="d24e8" />
  </table>
  <table name="Idle Speed Target E" address="d2a64">
    <table name="Y" address="d24e8" />
  </table>
  <table name="Idle Speed Target F" address="d2a84">
    <table name="Y" address="d24e8" />
  </table>
  <table name="Force Pass Readiness Monitors_" address="867a8" />
  <table name="(P0000) PASS CODE (NO DTC DETECTED)" address="7b7be" />
  <table name="(P0000) PASS CODE (NO DTC DETECTED)_" address="7b7bf" />
  <table name="(P0011) CAMSHAFT POS. - TIMING OVER-ADVANCED 1" address="7b7a1" />
  <table name="(P0014) EXHAUST AVCS SYSTEM 1 RANGE/PERF" address="7b83c" />
  <table name="(P0016) CRANKSHAFT/CAMSHAFT CORRELATION 1A" address="7b833" />
  <table name="(P0017) CRANK/CAM TIMING B FAILURE 1" address="7b846" />
  <table name="(P0018) CRANKSHAFT/CAMSHAFT CORRELATION 2A" address="7b832" />
  <table name="(P0019) CRANK/CAM TIMING B FAILURE 2" address="7b845" />
  <table name="(P0021) CAMSHAFT POS. - TIMING OVER-ADVANCED 2" address="7b7a2" />
  <table name="(P0024) EXHAUST AVCS SYSTEM 2 RANGE/PERF" address="7b83b" />
  <table name="(P0030) FRONT O2 SENSOR RANGE/PERF" address="7b7e3" />
  <table name="(P0031) FRONT O2 SENSOR LOW INPUT" address="7b7cd" />
  <table name="(P0032) FRONT O2 SENSOR HIGH INPUT" address="7b7cb" />
  <table name="(P0037) REAR O2 SENSOR LOW INPUT" address="7b7cc" />
  <table name="(P0038) REAR O2 SENSOR HIGH INPUT" address="7b7ca" />
  <table name="(P0102) MAF SENSOR LOW INPUT" address="7b77d" />
  <table name="(P0103) MAF SENSOR HIGH INPUT" address="7b77e" />
  <table name="(P0107) MAP SENSOR LOW INPUT" address="7b7ce" />
  <table name="(P0108) MAP SENSOR HIGH INPUT" address="7b7cf" />
  <table name="(P0112) IAT SENSOR LOW INPUT" address="7b7c7" />
  <table name="(P0113) IAT SENSOR HIGH INPUT" address="7b7c8" />
  <table name="(P0117) COOLANT TEMP SENSOR LOW INPUT" address="7b786" />
  <table name="(P0118) COOLANT TEMP SENSOR HIGH INPUT" address="7b787" />
  <table name="(P0122) TPS A LOW INPUT" address="7b784" />
  <table name="(P0123) TPS A HIGH INPUT" address="7b785" />
  <table name="(P0125) INSUFFICIENT COOLANT TEMP (FUELING)" address="7b789" />
  <table name="(P0131) FRONT O2 SENSOR LOW INPUT" address="7b7c1" />
  <table name="(P0132) FRONT O2 SENSOR HIGH INPUT" address="7b7c3" />
  <table name="(P0133) FRONT O2 SENSOR SLOW RESPONSE" address="7b7ab" />
  <table name="(P0134) FRONT O2 SENSOR NO ACTIVITY" address="7b7e1" />
  <table name="(P0139) REAR O2 SENSOR SLOW RESPONSE" address="7b7ac" />
  <table name="(P0140) REAR O2 SENSOR NO ACTIVITY" address="7b82d" />
  <table name="(P0171) SYSTEM TOO LEAN" address="7b7b5" />
  <table name="(P0172) SYSTEM TOO RICH" address="7b7b6" />
  <table name="(P0222) TPS B LOW INPUT" address="7b7eb" />
  <table name="(P0223) TPS B HIGH INPUT" address="7b7ec" />
  <table name="(P0230) FUEL PUMP PRIMARY CIRCUIT" address="7b7dd" />
  <table name="(P0245) WASTEGATE SOLENOID A LOW" address="7b7d9" />
  <table name="(P0246) WASTEGATE SOLENOID A HIGH" address="7b7da" />
  <table name="(P0301) MISFIRE CYLINDER 1" address="7b7b7" />
  <table name="(P0302) MISFIRE CYLINDER 2" address="7b7b8" />
  <table name="(P0303) MISFIRE CYLINDER 3" address="7b7b9" />
  <table name="(P0304) MISFIRE CYLINDER 4" address="7b7ba" />
  <table name="(P0327) KNOCK SENSOR 1 LOW INPUT" address="7b782" />
  <table name="(P0328) KNOCK SENSOR 1 HIGH INPUT" address="7b783" />
  <table name="(P0335) CRANKSHAFT POS. SENSOR A MALFUNCTION" address="7b778" />
  <table name="(P0340) CAMSHAFT POS. SENSOR A MALFUNCTION" address="7b7ff" />
  <table name="(P0345) CAMSHAFT POS. SENSOR A BANK 2" address="7b7fe" />
  <table name="(P0365) CAMSHAFT POS. SENSOR B BANK 1" address="7b7fd" />
  <table name="(P0390) CAMSHAFT POS. SENSOR B BANK 2" address="7b7fc" />
  <table name="(P0420) CAT EFFICIENCY BELOW THRESHOLD" address="7b7b1" />
  <table name="(P0458) EVAP PURGE VALVE CIRCUIT LOW" address="7b7a5" />
  <table name="(P0459) EVAP PURGE VALVE CIRCUIT HIGH" address="7b7a6" />
  <table name="(P0462) FUEL LEVEL SENSOR LOW INPUT" address="7b78a" />
  <table name="(P0463) FUEL LEVEL SENSOR HIGH INPUT" address="7b78b" />
  <table name="(P0500) VEHICLE SPEED SENSOR A" address="7b77f" />
  <table name="(P0512) STARTER REQUEST CIRCUIT" address="7b78e" />
  <table name="(P0604) CONTROL MODULE RAM ERROR" address="7b77c" />
  <table name="(P0605) CONTROL MODULE ROM ERROR" address="7b800" />
  <table name="(P0607) CONTROL MODULE PERFORMANCE" address="7b7f3" />
  <table name="(P0638) THROTTLE ACTUATOR RANGE/PERF" address="7b7f2" />
  <table name="(P0700) TRANSMISSION CONTROL SYSTEM" address="7b80c" />
  <table name="(P0851) NEUTRAL SWITCH INPUT LOW" address="7b792" />
  <table name="(P0852) NEUTRAL SWITCH INPUT HIGH" address="7b796" />
  <table name="(P1160) ABNORMAL RETURN SPRING" address="7b7ed" />
  <table name="(P1518) STARTER SWITCH LOW INPUT" address="7b78d" />
  <table name="(P1519) IMRC STUCK CLOSED" address="7b83f" />
  <table name="(P1520) IMRC CIRCUIT MALFUNCTION" address="7b83e" />
  <table name="(P1560) BACK-UP VOLTAGE MALFUNCTION" address="7b7d6" />
  <table name="(P1616) SBDS INTERACTIVE CODES" address="7b83d" />
  <table name="(P2004) TGV - INTAKE MANIFOLD RUNNER 1 STUCK OPEN" address="7b815" />
  <table name="(P2005) TGV - INTAKE MANIFOLD RUNNER 2 STUCK OPEN" address="7b817" />
  <table name="(P2006) TGV - INTAKE MANIFOLD RUNNER 1 STUCK CLOSED" address="7b816" />
  <table name="(P2007) TGV - INTAKE MANIFOLD RUNNER 2 STUCK CLOSED" address="7b818" />
  <table name="(P2008) TGV - INTAKE MANIFOLD RUNNER 1 CIRCUIT OPEN" address="7b823" />
  <table name="(P2009) TGV - INTAKE MANIFOLD RUNNER 1 CIRCUIT LOW" address="7b821" />
  <table name="(P2011) TGV - INTAKE MANIFOLD RUNNER 2 CIRCUIT OPEN" address="7b824" />
  <table name="(P2012) TGV - INTAKE MANIFOLD RUNNER 2 CIRCUIT LOW" address="7b822" />
  <table name="(P2016) TGV - INTAKE MANIFOLD RUNNER 1 POS. SENSOR LOW" address="7b81d" />
  <table name="(P2017) TGV - INTAKE MANIFOLD RUNNER 1 POS. SENSOR HIGH" address="7b81e" />
  <table name="(P2021) TGV - INTAKE MANIFOLD RUNNER 2 POS. SENSOR LOW" address="7b81f" />
  <table name="(P2022) TGV - INTAKE MANIFOLD RUNNER 2 POS. SENSOR HIGH" address="7b820" />
  <table name="(P2088) OCV SOLENOID A1 CIRCUIT OPEN" address="7b808" />
  <table name="(P2089) OCV SOLENOID A1 CIRCUIT SHORT" address="7b807" />
  <table name="(P2090) OCV SOLENOID B1 CIRCUIT OPEN" address="7b804" />
  <table name="(P2091) OCV SOLENOID B1 CIRCUIT SHORT" address="7b803" />
  <table name="(P2092) OCV SOLENOID A2 CIRCUIT OPEN" address="7b806" />
  <table name="(P2093) OCV SOLENOID A2 CIRCUIT SHORT" address="7b805" />
  <table name="(P2094) OCV SOLENOID B2 CIRCUIT OPEN" address="7b802" />
  <table name="(P2095) OCV SOLENOID B2 CIRCUIT SHORT" address="7b801" />
  <table name="(P2101) THROTTLE ACTUATOR CIRCUIT RANGE/PERF" address="7b7f0" />
  <table name="(P2102) THROTTLE ACTUATOR CIRCUIT LOW" address="7b7ee" />
  <table name="(P2103) THROTTLE ACTUATOR CIRCUIT HIGH" address="7b7ef" />
  <table name="(P2109) TPS A MINIMUM STOP PERF" address="7b7ea" />
  <table name="(P2122) TPS D CIRCUIT LOW INPUT" address="7b7f7" />
  <table name="(P2123) TPS D CIRCUIT HIGH INPUT" address="7b7f8" />
  <table name="(P2127) TPS E CIRCUIT LOW INPUT" address="7b7f5" />
  <table name="(P2128) TPS E CIRCUIT HIGH INPUT" address="7b7f6" />
  <table name="(P2135) TPS A/B VOLTAGE" address="7b7f9" />
  <table name="(P2138) TPS D/E VOLTAGE" address="7b7f4" />
  <table name="(P2228) BARO. PRESSURE CIRCUIT LOW INPUT" address="7b81c" />
  <table name="(P2229) BARO. PRESSURE CIRCUIT HIGH INPUT" address="7b81b" />
  <table name="(P2419) EVAP SWITCHING VALVE LOW" address="7b841" />
  <table name="(P2420) EVAP SWITCHING VALVE HIGH" address="7b842" />
</rom>
